expName,subject_exp,noise,cue_n_label,abs_td_dist,bias_to_distr_corr,is_outlier
color_2,S10.color.2,high - low,First report,49.75,4.00407602053331,0.0
color_2,S10.color.2,low - low,First report,68.06,-6.07055711019085,0.0
color_2,S10.color.2,high - high,First report,54.95,-32.4946034952154,0.0
color_2,S10.color.2,low - low,First report,105.0,13.3956091184852,0.0
color_2,S10.color.2,high - low,First report,72.53,-14.6207040035119,0.0
color_2,S10.color.2,low - high,First report,80.4,8.78891892836594,0.0
color_2,S10.color.2,high - high,First report,80.39,-7.62149934335143,0.0
color_2,S10.color.2,high - high,First report,37.87,22.8165718839774,0.0
color_2,S10.color.2,low - high,First report,62.59,-2.31151207871035,0.0
color_2,S10.color.2,low - high,First report,157.69,-11.0542355261045,0.0
color_2,S10.color.2,high - high,First report,43.87,39.4797059126048,1.0
color_2,S10.color.2,low - high,First report,154.46,6.07012347745586,0.0
color_2,S10.color.2,low - low,First report,122.11,1.72182113467608,0.0
color_2,S10.color.2,high - high,First report,54.88,-23.8702605322857,0.0
color_2,S10.color.2,low - high,First report,117.84,-77.4701945406687,1.0
color_2,S10.color.2,high - high,First report,0.780000000000002,-3.65144304752461,0.0
color_2,S10.color.2,low - low,First report,173.32,1.28544898016427,0.0
color_2,S10.color.2,low - high,First report,39.94,0.075227148447766,0.0
color_2,S10.color.2,low - low,First report,108.38,-0.11634996443011,0.0
color_2,S10.color.2,high - low,First report,154.44,-21.3306883835591,0.0
color_2,S10.color.2,low - low,First report,143.18,-21.4103808267771,0.0
color_2,S10.color.2,low - low,First report,163.52,-13.5840512822259,0.0
color_2,S10.color.2,high - high,First report,28.44,-56.5846187355283,1.0
color_2,S10.color.2,low - high,First report,17.85,7.05314249134625,0.0
color_2,S10.color.2,low - high,First report,92.55,8.58465255520313,0.0
color_2,S10.color.2,low - low,First report,90.91,-9.07874621262004,0.0
color_2,S10.color.2,high - low,First report,104.69,4.19424052950481,0.0
color_2,S10.color.2,high - high,First report,146.94,-0.195251799919969,0.0
color_2,S10.color.2,low - low,First report,125.57,8.552169852644,0.0
color_2,S10.color.2,high - low,First report,105.83,-19.3997989684946,0.0
color_2,S10.color.2,low - high,First report,114.74,13.0341233539496,0.0
color_2,S10.color.2,high - low,First report,63.47,16.1455793133121,0.0
color_2,S10.color.2,low - high,First report,116.12,-3.68456876671444,0.0
color_2,S10.color.2,high - low,First report,30.3500000000001,19.9269030396413,0.0
color_2,S10.color.2,high - low,First report,150.04,-12.4740005894259,0.0
color_2,S10.color.2,high - low,First report,159.34,-2.53682881628347,0.0
color_2,S10.color.2,low - low,First report,2.31000000000001,12.7003277737848,0.0
color_2,S10.color.2,high - low,First report,11.81,16.7780081551536,0.0
color_2,S10.color.2,high - high,First report,61.46,-22.6010732729114,0.0
color_2,S10.color.2,low - high,First report,83.46,2.5217515065912,0.0
color_2,S10.color.2,low - low,First report,95.28,-3.80809351813048,0.0
color_2,S10.color.2,low - low,First report,52.39,-16.8166811455317,0.0
color_2,S10.color.2,low - low,First report,17.43,9.77153069587203,0.0
color_2,S10.color.2,high - high,First report,124.86,0.700548318382989,0.0
color_2,S10.color.2,low - high,First report,9.26999999999998,-0.0894918778776432,0.0
color_2,S10.color.2,high - low,First report,162.83,-31.3296046923738,0.0
color_2,S10.color.2,high - low,First report,143.48,-5.98233382536827,0.0
color_2,S10.color.2,high - low,First report,4.91999999999997,5.4029099052667,0.0
color_2,S10.color.2,high - high,First report,23.78,-4.36003715594266,0.0
color_2,S10.color.2,high - low,First report,16.98,17.118250736243,0.0
color_2,S10.color.2,low - high,First report,152.04,-17.8538281050211,0.0
color_2,S10.color.2,high - high,First report,155.16,-20.4973009841292,0.0
color_2,S10.color.2,low - low,First report,61.8,-6.61724698738528,0.0
color_2,S10.color.2,low - low,First report,38.1,-26.6046011989742,0.0
color_2,S10.color.2,low - low,First report,88.14,-31.5487865932248,0.0
color_2,S10.color.2,low - high,First report,35.74,7.81395231270788,0.0
color_2,S10.color.2,high - low,First report,178.69,30.9070138635322,0.0
color_2,S10.color.2,low - low,First report,4.85,11.1510985289134,0.0
color_2,S10.color.2,high - low,First report,42.43,35.4626255610589,0.0
color_2,S10.color.2,low - high,First report,31.91,-3.77720692527176,0.0
color_2,S10.color.2,low - high,First report,103.11,-19.079133090802,0.0
color_2,S10.color.2,high - high,First report,61.25,8.9564674192993,0.0
color_2,S10.color.2,high - low,First report,121.81,3.70020722787375,0.0
color_2,S10.color.2,low - low,First report,7.15999999999999,2.44182629292394,0.0
color_2,S10.color.2,high - low,First report,125.25,-21.6236218588092,0.0
color_2,S10.color.2,low - high,First report,174.75,-8.27341641708079,0.0
color_2,S10.color.2,high - low,First report,52.03,-22.3860755386758,0.0
color_2,S10.color.2,low - low,First report,45.25,-22.6404688333144,0.0
color_2,S10.color.2,high - high,First report,4.20999999999994,16.0662215745722,0.0
color_2,S10.color.2,high - high,First report,143.49,-5.14703992689646,0.0
color_2,S10.color.2,high - high,First report,71.36,72.3051299823755,1.0
color_2,S10.color.2,low - low,First report,73.57,-9.94954079668183,0.0
color_2,S10.color.2,low - high,First report,13.69,-3.66529244825634,0.0
color_2,S10.color.2,high - low,First report,94.83,-16.149599113611,0.0
color_2,S10.color.2,high - high,First report,85.1200000000001,4.54070530097861,0.0
color_2,S10.color.2,low - low,First report,152.0,-1.91525434622254,0.0
color_2,S10.color.2,low - high,First report,173.09,11.8980549366097,0.0
color_2,S10.color.2,high - high,First report,178.62,2.79358054348722,0.0
color_2,S10.color.2,high - high,First report,97.51,-2.7453117669472,0.0
color_2,S10.color.2,low - high,First report,177.94,-3.87220856230325,0.0
color_2,S10.color.2,high - high,First report,121.59,-22.3007120266645,0.0
color_2,S10.color.2,high - high,First report,13.89,-14.4345723622377,0.0
color_2,S10.color.2,low - low,First report,154.29,16.7839983722965,0.0
color_2,S10.color.2,high - high,First report,152.75,-19.6408817243516,0.0
color_2,S10.color.2,low - low,First report,176.58,-9.39594472242173,0.0
color_2,S10.color.2,high - high,First report,12.27,11.8929681125644,0.0
color_2,S10.color.2,high - high,First report,15.0200000000001,6.52073635628709,0.0
color_2,S10.color.2,high - high,First report,175.45,-8.14888589184574,0.0
color_2,S10.color.2,high - low,First report,101.29,6.5566204556484,0.0
color_2,S10.color.2,low - high,First report,126.69,-1.08448554890442,0.0
color_2,S10.color.2,low - high,First report,142.17,-11.8343430769168,0.0
color_2,S10.color.2,high - low,First report,32.59,48.3773316645596,1.0
color_2,S10.color.2,high - high,First report,80.5800000000001,29.314012775926,0.0
color_2,S10.color.2,low - high,First report,52.0,18.9994393274334,0.0
color_2,S10.color.2,low - high,First report,108.3,-15.4352401439653,0.0
color_2,S10.color.2,high - high,First report,110.99,-1.48989343736165,0.0
color_2,S10.color.2,high - high,First report,74.07,-15.4305256904687,0.0
color_2,S10.color.2,low - high,First report,137.07,-10.8824336307337,0.0
color_2,S10.color.2,low - high,First report,73.63,-12.2702943823352,0.0
color_2,S10.color.2,low - low,First report,33.84,2.45024679373714,0.0
color_2,S10.color.2,low - low,First report,178.59,21.683381139278,0.0
color_2,S10.color.2,high - low,First report,87.52,8.23247109660185,0.0
color_2,S10.color.2,low - low,First report,28.36,-3.86531081375013,0.0
color_2,S10.color.2,low - high,First report,29.54,1.7042435704111,0.0
color_2,S10.color.2,high - high,First report,168.5,-17.1371748816859,0.0
color_2,S10.color.2,low - low,First report,143.76,-1.02198831180054,0.0
color_2,S10.color.2,high - low,First report,7.61000000000001,-29.2057464747304,0.0
color_2,S10.color.2,high - low,First report,84.61,14.8717088910646,0.0
color_2,S10.color.2,low - high,First report,103.49,2.04088865578186,0.0
color_2,S10.color.2,high - low,First report,108.88,-10.3739597407839,0.0
color_2,S10.color.2,high - high,First report,32.24,-15.2994336612473,0.0
color_2,S10.color.2,low - high,First report,93.8299999999999,-4.05755159428587,0.0
color_2,S10.color.2,low - low,First report,83.36,3.10402936979051,0.0
color_2,S10.color.2,high - high,First report,129.59,-9.063510028074,0.0
color_2,S10.color.2,low - low,First report,164.57,24.9514090421349,0.0
color_2,S10.color.2,low - high,First report,15.74,-5.33916546564348,0.0
color_2,S10.color.2,high - high,First report,125.58,4.88771579511587,0.0
color_2,S10.color.2,high - low,First report,74.66,13.9128946404721,0.0
color_2,S10.color.2,low - high,First report,129.8,-10.6366061476914,0.0
color_2,S10.color.2,high - high,First report,93.05,-1.55899920178309,0.0
color_2,S10.color.2,low - low,First report,83.08,-15.2005392077087,0.0
color_2,S10.color.2,low - low,First report,101.04,1.98301401451979,0.0
color_2,S10.color.2,low - low,First report,131.46,-6.83105968850174,0.0
color_2,S10.color.2,high - high,First report,164.39,13.526324718779,0.0
color_2,S10.color.2,low - high,First report,162.23,-5.81311284233219,0.0
color_2,S10.color.2,low - low,First report,168.72,4.60628009813168,0.0
color_2,S10.color.2,high - high,First report,104.91,23.3532789038571,0.0
color_2,S10.color.2,high - low,First report,35.06,-4.41586298862586,0.0
color_2,S10.color.2,high - high,First report,171.67,-10.4466626633593,0.0
color_2,S10.color.2,low - high,First report,1.16999999999998,-2.47859030284499,0.0
color_2,S10.color.2,high - low,First report,136.94,2.12287263372103,0.0
color_2,S10.color.2,low - high,First report,50.12,-24.7939602830075,0.0
color_2,S10.color.2,low - low,First report,12.6,16.451665360583,0.0
color_2,S10.color.2,high - high,First report,109.76,-71.372913838937,1.0
color_2,S10.color.2,high - low,First report,133.56,9.6300043143181,0.0
color_2,S10.color.2,high - low,First report,4.21999999999999,5.73705117197511,0.0
color_2,S10.color.2,low - high,First report,61.66,-5.43438144310372,0.0
color_2,S10.color.2,high - low,First report,124.6,-4.33252609325663,0.0
color_2,S10.color.2,low - high,First report,176.38,-16.3939690504793,0.0
color_2,S10.color.2,high - low,First report,78.34,-35.233345401601,1.0
color_2,S10.color.2,high - low,First report,60.15,-10.8544034342175,0.0
color_2,S10.color.2,high - low,First report,20.34,12.2743534357343,0.0
color_2,S10.color.2,high - low,First report,166.86,-3.88558050682583,0.0
color_2,S10.color.2,low - low,First report,120.76,0.710652279650258,0.0
color_2,S10.color.2,low - high,First report,65.58,-11.946079381416,0.0
color_2,S10.color.2,low - low,First report,17.9100000000001,0.869624538429754,0.0
color_2,S10.color.2,low - high,First report,1.95000000000001,9.57997826661316,0.0
color_2,S10.color.2,low - low,First report,41.2099999999999,-51.0898172564535,1.0
color_2,S10.color.2,high - low,First report,175.73,-16.9108632063098,0.0
color_2,S10.color.2,low - low,First report,63.8,-12.0812089364252,0.0
color_2,S10.color.2,high - low,First report,171.31,-20.4620024864977,0.0
color_2,S10.color.2,high - high,First report,143.28,21.8496965138824,0.0
color_2,S10.color.2,low - high,First report,156.49,1.56940799051727,0.0
color_2,S10.color.2,low - high,First report,3.99000000000001,3.06217880346569,0.0
color_2,S10.color.2,low - low,First report,161.1,-4.57722709082964,0.0
color_2,S10.color.2,high - low,First report,156.25,-11.5042755464124,0.0
color_2,S10.color.2,low - low,First report,123.02,-10.9047326740194,0.0
color_2,S10.color.2,low - high,First report,136.64,-5.75781377032421,0.0
color_2,S10.color.2,high - high,First report,41.2,-30.7589382856827,0.0
color_2,S10.color.2,low - high,First report,62.19,-20.2468136435221,0.0
color_2,S10.color.2,low - low,First report,9.87,18.9765950082569,0.0
color_2,S10.color.2,low - low,First report,51.96,6.78458159378752,0.0
color_2,S10.color.2,low - low,First report,76.53,-2.96364814047843,0.0
color_2,S10.color.2,low - low,First report,174.79,3.80884515041546,0.0
color_2,S10.color.2,high - high,First report,16.47,40.2333882428364,0.0
color_2,S10.color.2,low - low,First report,79.46,-5.28831565346329,0.0
color_2,S10.color.2,low - low,First report,40.66,-22.6264182019998,0.0
color_2,S10.color.2,low - high,First report,25.17,-1.31109476516731,0.0
color_2,S10.color.2,high - high,First report,3.28,-12.6399687743624,0.0
color_2,S10.color.2,high - high,First report,117.39,-13.1175965976647,0.0
color_2,S10.color.2,high - low,First report,109.79,1.42766080246398,0.0
color_2,S10.color.2,low - high,First report,91.05,4.74798279230894,0.0
color_2,S10.color.2,high - low,First report,88.97,5.50823929621927,0.0
color_2,S10.color.2,high - high,First report,63.73,-5.48764778089802,0.0
color_2,S10.color.2,low - low,First report,49.02,-1.9759261909242,0.0
color_2,S10.color.2,low - low,First report,10.36,1.45895748661005,0.0
color_2,S10.color.2,high - high,First report,179.17,-3.85990705821503,0.0
color_2,S10.color.2,low - high,First report,132.8,6.5735249467188,0.0
color_2,S10.color.2,high - high,First report,45.61,-5.26285981728863,0.0
color_2,S10.color.2,high - low,First report,139.39,-8.31044391206882,0.0
color_2,S10.color.2,high - low,First report,166.61,-13.7087388817416,0.0
color_2,S10.color.2,low - high,First report,176.91,-1.18723872209315,0.0
color_2,S10.color.2,high - low,First report,12.91,8.58564770877848,0.0
color_2,S10.color.2,low - low,First report,153.9,1.64782363939055,0.0
color_2,S10.color.2,low - low,First report,41.9,3.69612165666003,0.0
color_2,S10.color.2,low - low,First report,142.74,-11.5975258379607,0.0
color_2,S10.color.2,high - low,First report,176.19,19.803748404964,0.0
color_2,S10.color.2,low - high,First report,100.1,-13.706913259315,0.0
color_2,S10.color.2,low - low,First report,113.87,1.07414341288023,0.0
color_2,S10.color.2,high - high,First report,120.3,-19.3412321316059,0.0
color_2,S10.color.2,high - low,First report,140.36,13.3093501754949,0.0
color_2,S10.color.2,high - high,First report,170.09,-7.27261112129942,0.0
color_2,S10.color.2,high - low,First report,40.7,-66.0962756642903,1.0
color_2,S10.color.2,low - high,First report,106.29,16.0205718909945,0.0
color_2,S10.color.2,high - low,First report,110.78,-5.18129299017483,0.0
color_2,S10.color.2,low - low,First report,147.97,9.13766715384846,0.0
color_2,S10.color.2,high - high,First report,87.2799999999999,14.0485738354481,0.0
color_2,S10.color.2,low - low,First report,161.04,8.76123551591985,0.0
color_2,S10.color.2,high - high,First report,139.5,43.6394254158921,1.0
color_2,S10.color.2,low - low,First report,68.12,-26.3145121269633,0.0
color_2,S10.color.2,high - high,First report,81.52,2.16002085006877,0.0
color_2,S10.color.2,high - high,First report,52.71,-15.9154338100042,0.0
color_2,S10.color.2,low - high,First report,73.54,-13.4534251846502,0.0
color_2,S10.color.2,low - high,First report,42.49,-0.716003140130735,0.0
color_2,S10.color.2,high - low,First report,29.8399999999999,14.6927018829745,0.0
color_2,S10.color.2,low - high,First report,115.62,4.27007405964383,0.0
color_2,S10.color.2,low - high,First report,79.98,-8.41531371053487,0.0
color_2,S10.color.2,low - high,First report,56.21,-7.36265952159954,0.0
color_2,S10.color.2,low - high,First report,45.67,-24.3084945803463,0.0
color_2,S10.color.2,high - high,First report,157.67,35.4130559516369,0.0
color_2,S10.color.2,low - low,First report,16.53,-0.825282617055248,0.0
color_2,S10.color.2,high - low,First report,1.27,5.58998448761243,0.0
color_2,S10.color.2,low - high,First report,75.09,-3.71648115709562,0.0
color_2,S10.color.2,low - low,First report,94.11,8.50708105705587,0.0
color_2,S10.color.2,low - low,First report,0.509999999999968,1.22119013862283,0.0
color_2,S10.color.2,low - low,First report,30.6,-6.58585370522497,0.0
color_2,S10.color.2,high - low,First report,90.38,103.021921747905,1.0
color_2,S10.color.2,low - low,First report,177.8,-3.61771032885521,0.0
color_2,S10.color.2,high - low,First report,3.12000000000001,6.33072555918361,0.0
color_2,S10.color.2,high - high,First report,94.57,-13.732750023341,0.0
color_2,S10.color.2,low - high,First report,100.32,3.42375342605262,0.0
color_2,S10.color.2,low - high,First report,120.35,-3.26277501145063,0.0
color_2,S10.color.2,high - high,First report,154.85,-4.0961331044477,0.0
color_2,S10.color.2,high - low,First report,13.92,0.599187035395795,0.0
color_2,S10.color.2,high - high,First report,99.83,-23.5896059320126,0.0
color_2,S10.color.2,high - low,First report,96.38,-12.1357548859067,0.0
color_2,S10.color.2,low - low,First report,100.31,-16.5766444871896,0.0
color_2,S10.color.2,low - high,First report,154.16,-5.61242520143259,0.0
color_2,S10.color.2,high - low,First report,20.2,21.7498295035071,0.0
color_2,S10.color.2,high - high,First report,80.48,-0.288916031454129,0.0
color_2,S10.color.2,high - low,First report,55.4,-16.9913903436219,0.0
color_2,S10.color.2,low - low,First report,176.08,-0.0786550512308741,0.0
color_2,S10.color.2,low - low,First report,62.6,-21.8802093728272,0.0
color_2,S10.color.2,high - low,First report,74.74,-17.8890940093,0.0
color_2,S10.color.2,high - low,First report,55.13,39.9158974520606,0.0
color_2,S10.color.2,high - low,First report,119.28,-3.58917794572743,0.0
color_2,S10.color.2,high - low,First report,45.63,36.2470178811724,0.0
color_2,S10.color.2,high - low,First report,179.27,-7.07153629062616,0.0
color_2,S10.color.2,high - low,First report,42.4900000000001,2.4057448105989,0.0
color_2,S10.color.2,low - low,First report,173.22,-6.7528753336349,0.0
color_2,S10.color.2,low - high,First report,4.91,7.03141019729925,0.0
color_2,S10.color.2,high - high,First report,22.52,1.95403808722356,0.0
color_2,S10.color.2,low - high,First report,50.4,8.15038571049858,0.0
color_2,S10.color.2,low - low,First report,120.76,-7.82335142557545,0.0
color_2,S10.color.2,high - high,First report,134.64,-26.1660211881689,0.0
color_2,S10.color.2,high - low,First report,46.57,-11.7031403409861,0.0
color_2,S10.color.2,low - high,First report,177.65,-7.34612722983422,0.0
color_2,S10.color.2,low - low,First report,86.36,-17.9602233247117,0.0
color_2,S10.color.2,low - low,First report,114.37,0.0103993957875925,0.0
color_2,S10.color.2,high - high,First report,56.71,26.9722148801603,0.0
color_2,S10.color.2,low - low,First report,3.36999999999994,-11.982055026731,0.0
color_2,S10.color.2,high - low,First report,165.83,-17.3596383260729,0.0
color_2,S10.color.2,low - high,First report,170.69,1.9878085200901,0.0
color_2,S10.color.2,high - low,First report,15.17,-1.15390843568155,0.0
color_2,S10.color.2,high - low,First report,34.77,-17.0189489807099,0.0
color_2,S10.color.2,low - low,First report,69.75,14.8548529610941,0.0
color_2,S10.color.2,high - low,First report,116.11,-6.53153786163361,0.0
color_2,S10.color.2,high - high,First report,148.8,5.26494286158169,0.0
color_2,S10.color.2,high - high,First report,134.12,20.0226553099534,0.0
color_2,S10.color.2,high - high,First report,29.34,32.2092134153184,0.0
color_2,S10.color.2,high - low,First report,151.17,10.7016752095452,0.0
color_2,S10.color.2,high - high,First report,137.36,6.16889517396887,0.0
color_2,S10.color.2,low - low,First report,100.35,-43.2887899618237,1.0
color_2,S10.color.2,low - high,First report,24.79,-1.25220330360132,0.0
color_2,S10.color.2,low - low,First report,132.44,-9.57103318108298,0.0
color_2,S10.color.2,low - high,First report,170.08,19.9976424939269,0.0
color_2,S10.color.2,low - high,First report,65.06,-4.88675369020694,0.0
color_2,S10.color.2,high - high,First report,35.96,23.1665215500236,0.0
color_2,S10.color.2,high - high,First report,2.25999999999996,-11.1247901914226,0.0
color_2,S10.color.2,high - low,First report,126.52,-15.3243506226496,0.0
color_2,S10.color.2,low - high,First report,163.93,-2.61157759801196,0.0
color_2,S10.color.2,high - low,First report,84.5,-7.82463937800118,0.0
color_2,S10.color.2,high - high,First report,163.67,-7.20779212010232,0.0
color_2,S10.color.2,high - high,First report,179.5,-7.12225029223474,0.0
color_2,S10.color.2,low - high,First report,21.85,-14.3902445818987,0.0
color_2,S10.color.2,low - high,First report,43.13,-25.5264069727971,0.0
color_2,S10.color.2,low - high,First report,6.56,-22.81427434355,0.0
color_2,S10.color.2,high - high,First report,69.3,-20.1741062010443,0.0
color_2,S10.color.2,low - high,First report,137.64,10.2724000894981,0.0
color_2,S10.color.2,high - high,First report,11.87,15.5819353214007,0.0
color_2,S10.color.2,high - low,First report,131.15,4.13950860839083,0.0
color_2,S10.color.2,low - high,First report,94.88,7.32043478559727,0.0
color_2,S10.color.2,low - high,First report,34.79,-33.170707777793,0.0
color_2,S10.color.2,high - high,First report,113.79,-8.46625004675688,0.0
color_2,S10.color.2,low - high,First report,112.84,25.1375914297208,0.0
color_2,S10.color.2,low - low,First report,24.12,-5.6958631808636,0.0
color_2,S10.color.2,low - high,First report,134.75,-10.2187153547181,0.0
color_2,S10.color.2,high - low,First report,78.68,63.0824542885752,1.0
color_2,S10.color.2,high - low,First report,101.73,22.7501473674321,0.0
color_2,S10.color.2,high - low,First report,157.04,12.8859498402185,0.0
color_2,S10.color.2,low - high,First report,8.98,-1.35520032235332,0.0
color_2,S10.color.2,low - low,First report,132.23,-24.0532544068347,0.0
color_2,S10.color.2,high - high,First report,27.99,-3.86031046754595,0.0
color_2,S10.color.2,high - high,First report,65.67,10.390862918122,0.0
color_2,S10.color.2,high - high,First report,166.96,-4.85720049828149,0.0
color_2,S10.color.2,low - low,First report,138.92,11.2835695995324,0.0
color_2,S10.color.2,low - low,First report,64.27,-22.0414607043957,0.0
color_2,S10.color.2,high - high,First report,105.69,16.540205992984,0.0
color_2,S10.color.2,low - low,First report,28.5,10.041909406327,0.0
color_2,S10.color.2,high - low,First report,74.95,5.44449512537853,0.0
color_2,S10.color.2,low - high,First report,153.17,1.41009464238891,0.0
color_2,S10.color.2,high - low,First report,150.13,9.29285253356024,0.0
color_2,S10.color.2,high - high,First report,7.27000000000001,-25.2171426096168,0.0
color_2,S10.color.2,high - high,First report,102.51,-0.193877016061016,0.0
color_2,S10.color.2,low - low,First report,120.13,-4.99195285742573,0.0
color_2,S10.color.2,low - low,First report,113.17,6.25043696042706,0.0
color_2,S10.color.2,high - high,First report,118.3,-0.0115809307602373,0.0
color_2,S10.color.2,low - high,First report,141.12,-8.40063980858523,0.0
color_2,S10.color.2,high - high,First report,31.73,-4.26812822587167,0.0
color_2,S10.color.2,high - low,First report,102.36,10.8130123719519,0.0
color_2,S10.color.2,low - low,First report,20.0,14.2943737252415,0.0
color_2,S10.color.2,high - low,First report,73.18,-22.7395294777412,0.0
color_2,S10.color.2,low - high,First report,15.29,3.7254510062528,0.0
color_2,S10.color.2,high - high,First report,113.56,9.37137455082801,0.0
color_2,S10.color.2,low - low,First report,166.71,-5.87904556212533,0.0
color_2,S10.color.2,high - high,First report,11.22,20.7992296688215,0.0
color_2,S10.color.2,low - high,First report,66.94,-15.0485585850454,0.0
color_2,S10.color.2,low - high,First report,166.54,-8.32762733663422,0.0
color_2,S10.color.2,high - high,First report,84.04,-25.0843729042311,0.0
color_2,S10.color.2,high - high,First report,168.08,34.069224314269,0.0
color_2,S10.color.2,low - high,First report,103.77,11.3067486582007,0.0
color_2,S10.color.2,high - low,First report,10.26,8.17102479252403,0.0
color_2,S10.color.2,low - low,First report,176.38,0.131921969456757,0.0
color_2,S10.color.2,low - low,First report,144.2,-0.902980222759976,0.0
color_2,S10.color.2,low - high,First report,148.03,-2.12253971186595,0.0
color_2,S10.color.2,low - low,First report,74.6,4.86133092137624,0.0
color_2,S10.color.2,high - low,First report,172.77,3.1539322469339,0.0
color_2,S10.color.2,low - high,First report,1.62,-4.01956480973127,0.0
color_2,S10.color.2,low - high,First report,5.01999999999999,-8.04841814122776,0.0
color_2,S10.color.2,high - high,First report,50.59,-4.65004105770874,0.0
color_2,S10.color.2,low - high,First report,57.59,-3.83304257107918,0.0
color_2,S10.color.2,high - low,First report,173.24,-1.76024784814186,0.0
color_2,S10.color.2,high - low,First report,43.66,1.06396508847291,0.0
color_2,S10.color.2,high - high,First report,1.06000000000001,-4.94933505800611,0.0
color_2,S10.color.2,low - low,First report,163.02,-16.7694821021506,0.0
color_2,S10.color.2,low - high,First report,101.69,-9.04971309732799,0.0
color_2,S10.color.2,low - low,First report,10.43,-2.41544891779499,0.0
color_2,S10.color.2,low - low,First report,97.62,3.28551565599403,0.0
color_2,S10.color.2,high - high,First report,117.32,-27.3091470110202,0.0
color_2,S10.color.2,low - high,First report,177.87,-6.55899050190158,0.0
color_2,S10.color.2,high - low,First report,76.17,-4.36508904020838,0.0
color_2,S10.color.2,low - high,First report,29.99,-9.26203435806893,0.0
color_2,S10.color.2,high - high,First report,80.28,-17.8347760547237,0.0
color_2,S10.color.2,low - low,First report,100.65,-36.0889838889426,0.0
color_2,S10.color.2,high - low,First report,131.39,-4.56760010203657,0.0
color_2,S10.color.2,high - high,First report,16.93,-7.61995386248235,0.0
color_2,S10.color.2,high - low,First report,146.42,-53.1613088433557,1.0
color_2,S10.color.2,low - low,First report,82.62,6.78724948953918,0.0
color_2,S10.color.2,high - low,First report,157.91,13.9764608621409,0.0
color_2,S10.color.2,high - high,First report,86.88,-17.0889838889426,0.0
color_2,S10.color.2,high - low,First report,15.05,19.9848482625932,0.0
color_2,S10.color.2,low - high,First report,63.06,-3.09489876407994,0.0
color_2,S10.color.2,high - high,First report,126.4,-8.56073688318698,0.0
color_2,S10.color.2,low - low,First report,77.49,-2.78256965815708,0.0
color_2,S10.color.2,low - low,First report,119.77,8.47845493457501,0.0
color_2,S10.color.2,low - low,First report,1.93999999999998,-0.680962498265886,0.0
color_2,S10.color.2,high - low,First report,13.19,18.1130349232646,0.0
color_2,S10.color.2,high - high,First report,74.32,-9.73146546017325,0.0
color_2,S10.color.2,low - low,First report,69.14,-11.8717158692874,0.0
color_2,S10.color.2,low - high,First report,82.04,0.239224469978863,0.0
color_2,S10.color.2,high - high,First report,60.89,-20.8752777495268,0.0
color_2,S10.color.2,low - low,First report,28.19,-2.31398768887288,0.0
color_2,S10.color.2,low - high,First report,111.95,10.3794983241901,0.0
color_2,S10.color.2,low - low,First report,9.40999999999998,17.8652443505791,0.0
color_2,S10.color.2,high - high,First report,71.16,-6.00330729766481,0.0
color_2,S10.color.2,high - high,First report,132.78,-19.3650890402084,0.0
color_2,S10.color.2,high - low,First report,24.39,-18.0374716790649,0.0
color_2,S10.color.2,high - high,First report,43.84,-2.11607956125034,0.0
color_2,S10.color.2,high - low,First report,0.590000000000014,4.45641777397157,0.0
color_2,S10.color.2,high - high,First report,94.77,9.85758993956855,0.0
color_2,S10.color.2,high - low,First report,106.55,29.1061658873229,1.0
color_2,S10.color.2,high - high,First report,142.34,-24.6806000610167,0.0
color_2,S10.color.2,high - high,First report,155.67,-13.2789512887352,0.0
color_2,S10.color.2,low - low,First report,51.94,1.87972677542518,0.0
color_2,S10.color.2,low - low,First report,142.16,-5.85853693066559,0.0
color_2,S10.color.2,low - high,First report,127.74,24.6709606459781,0.0
color_2,S10.color.2,low - high,First report,51.28,-5.34464056409598,0.0
color_2,S10.color.2,low - low,First report,93.24,5.58787040598392,0.0
color_2,S10.color.2,high - low,First report,163.74,-20.5323604249892,0.0
color_2,S10.color.2,low - low,First report,57.79,-6.37503017753475,0.0
color_2,S10.color.2,low - high,First report,107.63,-2.69311557316391,0.0
color_2,S10.color.2,high - low,First report,54.66,-7.15635101888473,0.0
color_2,S10.color.2,high - high,First report,142.6,1.0513364920784,0.0
color_2,S10.color.2,low - low,First report,19.0,6.12375006227041,0.0
color_2,S10.color.2,high - low,First report,134.48,1.22738041125443,0.0
color_2,S10.color.2,high - high,First report,64.97,7.7577281990579,0.0
color_2,S10.color.2,low - high,First report,132.79,-4.75801067904887,0.0
color_2,S10.color.2,low - high,First report,160.72,3.44157854736052,0.0
color_2,S10.color.2,low - high,First report,42.86,-4.82260040858208,0.0
color_2,S10.color.2,low - high,First report,165.47,10.5275566059034,0.0
color_2,S10.color.2,high - low,First report,121.27,8.7481024556265,0.0
color_2,S10.color.2,low - high,First report,122.89,0.372458146590051,0.0
color_2,S10.color.2,low - high,First report,1.86000000000001,7.08894052179372,0.0
color_2,S10.color.2,high - low,First report,45.85,44.7500181649356,1.0
color_2,S10.color.2,high - low,First report,32.8,24.9902680496123,0.0
color_2,S10.color.2,high - low,First report,141.17,-0.181529539085906,0.0
color_2,S10.color.2,low - high,First report,90.98,3.45304848234207,0.0
color_2,S10.color.2,low - low,First report,42.37,2.87561633081237,0.0
color_2,S10.color.2,high - low,First report,106.95,-2.66121570938761,0.0
color_2,S10.color.2,high - high,First report,152.72,-16.8892558468142,0.0
color_2,S10.color.2,low - high,First report,139.83,-5.01902979688017,0.0
color_2,S10.color.2,high - high,First report,108.81,-12.4831352102438,0.0
color_2,S10.color.2,low - low,First report,133.08,22.7367241400988,0.0
color_2,S10.color.2,low - high,First report,27.66,-12.9348620351593,0.0
color_2,S10.color.2,high - low,First report,2.15999999999999,2.10711256307326,0.0
color_2,S10.color.2,high - high,First report,168.72,21.0377181880336,0.0
color_2,S10.color.2,high - low,First report,92.71,27.268323020856,0.0
color_2,S10.color.2,high - high,First report,8.83999999999996,-6.9654223354467,0.0
color_2,S10.color.2,high - high,First report,157.13,-12.7653218201386,0.0
color_2,S10.color.2,low - high,First report,162.2,41.8085543440237,0.0
color_2,S10.color.2,high - low,First report,77.1699999999999,16.6553736574216,0.0
color_2,S10.color.2,low - high,First report,22.47,2.64450787870097,0.0
color_2,S10.color.2,high - low,First report,57.19,-12.2252560376002,0.0
color_2,S10.color.2,high - low,First report,124.48,-18.4924437796836,0.0
color_2,S10.color.2,low - high,First report,67.32,-6.20565446086531,0.0
color_2,S10.color.2,high - low,First report,93.96,-13.9313992462177,0.0
color_2,S10.color.2,high - high,First report,18.45,-24.6994110349917,0.0
color_2,S10.color.2,low - high,First report,121.64,5.85379580010644,0.0
color_2,S10.color.2,high - high,First report,178.0,-3.26767359209589,0.0
color_2,S10.color.2,low - low,First report,55.24,0.0621034222378025,0.0
color_2,S10.color.2,low - high,First report,146.79,11.7335532232979,0.0
color_2,S10.color.2,low - low,First report,130.56,0.875499409814525,0.0
color_2,S10.color.2,low - high,First report,51.34,-15.6010914001763,0.0
color_2,S10.color.2,high - high,First report,49.78,-0.565888368455215,0.0
color_2,S10.color.2,low - low,First report,173.27,-13.0384382825765,0.0
color_2,S10.color.2,low - low,First report,51.24,-5.71207608979806,0.0
color_2,S10.color.2,low - low,First report,34.04,-5.07875379226305,0.0
color_2,S10.color.2,high - high,First report,147.58,24.2955423898234,0.0
color_2,S10.color.2,low - low,First report,153.44,-5.70348001536749,0.0
color_2,S10.color.2,high - low,First report,34.15,33.0174876812161,0.0
color_2,S10.color.2,low - low,First report,175.66,-19.4036408029189,0.0
color_2,S10.color.2,low - low,First report,4.63000000000002,-1.42368994823306,0.0
color_2,S10.color.2,high - low,First report,142.5,-1.97259239333697,0.0
color_2,S10.color.2,low - high,First report,178.19,-12.0324554722501,0.0
color_2,S10.color.2,high - high,First report,40.5,8.26301092508204,0.0
color_2,S10.color.2,high - low,First report,179.54,-7.83039365323645,0.0
color_2,S10.color.2,high - low,First report,149.78,23.7107115737271,0.0
color_2,S10.color.2,low - high,First report,94.03,0.961340689342467,0.0
color_2,S10.color.2,high - low,First report,35.0,11.8355912742357,0.0
color_2,S10.color.2,high - high,First report,98.05,-33.116952179976,0.0
color_2,S10.color.2,high - low,First report,104.39,-12.0684990915788,0.0
color_2,S10.color.2,low - high,First report,44.14,-4.31416441354216,0.0
color_2,S10.color.2,high - high,First report,179.13,8.19163283806889,0.0
color_2,S10.color.2,low - low,First report,150.15,12.1742831740564,0.0
color_2,S10.color.2,high - low,First report,64.09,-29.9682556623251,0.0
color_2,S10.color.2,low - low,First report,155.11,29.350604540113,0.0
color_2,S10.color.2,high - high,First report,104.12,-35.2572188467835,1.0
color_2,S10.color.2,high - low,First report,70.23,-27.6096762816576,0.0
color_2,S10.color.2,low - high,First report,79.03,-5.09156800418345,0.0
color_2,S10.color.2,high - low,First report,179.8,10.3398970178507,0.0
color_2,S10.color.2,low - low,First report,91.15,5.64948673777349,0.0
color_2,S10.color.2,high - high,First report,33.56,-14.2999512747467,0.0
color_2,S10.color.2,high - high,First report,0.56999999999999,-3.03034142569619,0.0
color_2,S10.color.2,low - high,First report,8.91999999999995,-10.3861710809525,0.0
color_2,S10.color.2,low - low,First report,44.01,-19.7951705247024,0.0
color_2,S10.color.2,low - low,First report,111.02,22.5526714117397,0.0
color_2,S10.color.2,high - high,First report,133.54,-15.2040797478032,0.0
color_2,S10.color.2,high - high,First report,42.99,-25.8829184508362,0.0
color_2,S10.color.2,high - low,First report,164.54,-22.6195382384864,0.0
color_2,S10.color.2,high - low,First report,36.99,-10.8479844700214,0.0
color_2,S10.color.2,low - high,First report,74.73,-9.59508074467125,0.0
color_2,S10.color.2,high - high,First report,127.12,8.37533032598189,0.0
color_2,S10.color.2,low - high,First report,87.76,-1.31284476368975,0.0
color_2,S10.color.2,high - low,First report,32.28,33.7763651445837,0.0
color_2,S10.color.2,high - low,First report,3.77999999999997,9.296208395847,0.0
color_2,S10.color.2,low - low,First report,4.16,19.3893006106072,0.0
color_2,S10.color.2,high - high,First report,8.26999999999999,11.36393301403,0.0
color_2,S10.color.2,high - high,First report,150.31,-8.88571304997589,0.0
color_2,S10.color.2,low - high,First report,107.48,-5.38060821375376,0.0
color_2,S10.color.2,low - low,First report,85.84,-17.4092274359796,0.0
color_2,S10.color.2,low - high,First report,8.36999999999999,18.6354519524704,0.0
color_2,S10.color.2,high - low,First report,116.13,-19.8320796849175,0.0
color_2,S10.color.2,high - high,First report,4.96,-0.404610355662031,0.0
color_2,S10.color.2,low - high,First report,18.87,32.7837134075713,0.0
color_2,S10.color.2,high - low,First report,61.41,38.8419804893381,0.0
color_2,S10.color.2,low - low,First report,18.1,11.6348438804196,0.0
color_2,S10.color.2,high - low,First report,162.66,-21.0562560564078,0.0
color_2,S10.color.2,high - low,First report,173.58,-25.1312058461627,0.0
color_2,S10.color.2,low - low,First report,105.61,2.76701316694517,0.0
color_2,S10.color.2,low - high,First report,16.97,16.1543661885388,0.0
color_2,S10.color.2,low - low,First report,124.26,8.1143659459572,0.0
color_2,S10.color.2,high - high,First report,163.21,-25.5684737189609,0.0
color_2,S10.color.2,high - high,First report,158.31,10.8596424819873,0.0
color_2,S10.color.2,high - high,First report,2.82999999999998,-2.58955134201654,0.0
color_2,S10.color.2,high - high,First report,179.14,-19.6316578481765,0.0
color_2,S10.color.2,low - low,First report,2.41,-2.30818948466283,0.0
color_2,S10.color.2,low - high,First report,163.35,-53.8289621580118,1.0
color_2,S10.color.2,low - low,First report,75.61,9.02165551486201,0.0
color_2,S10.color.2,high - low,First report,49.57,19.2418701232954,0.0
color_2,S10.color.2,high - low,First report,24.7099999999999,28.685987224074,0.0
color_2,S10.color.2,low - high,First report,129.93,2.71656210970364,0.0
color_2,S10.color.2,high - low,First report,35.48,-28.3133047899796,0.0
color_2,S10.color.2,low - low,First report,97.97,20.4123004892785,0.0
color_2,S10.color.2,high - low,First report,80.81,1.94949720963453,0.0
color_2,S10.color.2,high - high,First report,113.09,-8.9096434652705,0.0
color_2,S10.color.2,low - low,First report,50.46,-1.07276205681215,0.0
color_2,S10.color.2,high - high,First report,70.04,4.21633541159148,0.0
color_2,S10.color.2,low - low,First report,109.35,-8.94803565119767,0.0
color_2,S10.color.2,low - low,First report,27.83,6.1349770985319,0.0
color_2,S10.color.2,high - low,First report,74.43,-22.6771641388492,0.0
color_2,S10.color.2,low - high,First report,66.06,2.46025298750964,0.0
color_2,S10.color.2,low - low,First report,85.83,4.88275189548547,0.0
color_2,S10.color.2,low - high,First report,58.12,-3.8633165711601,0.0
color_2,S10.color.2,low - low,First report,119.97,-7.92135558073455,0.0
color_2,S10.color.2,high - high,First report,64.6,25.7000487252533,0.0
color_2,S10.color.2,low - high,First report,51.15,-4.88408703720141,0.0
color_2,S10.color.2,low - high,First report,63.1,13.7209312465419,0.0
color_2,S10.color.2,low - low,First report,28.79,35.8753774791318,0.0
color_2,S10.color.2,high - low,First report,74.3,10.9404063280899,0.0
color_2,S10.color.2,low - low,First report,70.38,-5.83377535482479,0.0
color_2,S10.color.2,high - high,First report,83.21,3.67054664158321,0.0
color_2,S10.color.2,high - high,First report,16.0,-15.4367796405441,0.0
color_2,S10.color.2,high - low,First report,94.68,2.20541177373166,0.0
color_2,S10.color.2,low - low,First report,157.31,1.43320436214806,0.0
color_2,S10.color.2,low - low,First report,103.6,-9.34249555208706,0.0
color_2,S10.color.2,low - low,First report,14.75,-16.4309436214195,0.0
color_2,S10.color.2,high - high,First report,120.43,-4.62427651299377,0.0
color_2,S10.color.2,high - low,First report,108.47,-1.15974073028336,0.0
color_2,S10.color.2,low - low,First report,146.89,-12.7776995267843,0.0
color_2,S10.color.2,high - low,First report,98.2700000000001,-5.87990826725632,0.0
color_2,S10.color.2,low - low,First report,60.92,-7.80600785891397,0.0
color_2,S10.color.2,low - low,First report,167.43,-70.3458994846953,1.0
color_2,S10.color.2,low - high,First report,11.42,-9.01747954664985,0.0
color_2,S10.color.2,high - low,First report,29.71,43.9170199691548,1.0
color_2,S10.color.2,high - high,First report,38.41,8.4253566607936,0.0
color_2,S10.color.2,high - high,First report,12.77,-0.926327423265439,0.0
color_2,S10.color.2,low - high,First report,160.11,-13.9206878420276,0.0
color_2,S10.color.2,high - low,First report,178.25,7.4009991090676,0.0
color_2,S10.color.2,high - high,First report,122.53,16.5365801036635,0.0
color_2,S10.color.2,low - high,First report,84.41,2.5630976787587,0.0
color_2,S10.color.2,low - low,First report,146.36,78.4259764637481,1.0
color_2,S10.color.2,high - high,First report,20.67,-3.23718701702634,0.0
color_2,S10.color.2,low - high,First report,177.66,11.9552881371302,0.0
color_2,S10.color.2,low - low,First report,132.16,-20.7476439433064,0.0
color_2,S10.color.2,high - low,First report,146.8,13.4547674891037,0.0
color_2,S10.color.2,low - high,First report,153.64,15.4598935484143,0.0
color_2,S10.color.2,low - high,First report,93.39,53.481052191219,1.0
color_2,S10.color.2,low - high,First report,144.49,10.1079404579223,0.0
color_2,S10.color.2,low - high,First report,176.25,-5.60494197243814,0.0
color_2,S10.color.2,high - high,First report,71.92,-9.65043158253991,0.0
color_2,S10.color.2,high - low,First report,134.27,-14.4055175421343,0.0
color_2,S10.color.2,high - low,First report,8.59,-5.36882939373772,0.0
color_2,S10.color.2,low - low,First report,161.73,-9.38239804909601,0.0
color_2,S10.color.2,high - high,First report,62.18,-167.215295842181,1.0
color_2,S10.color.2,low - low,First report,43.69,-5.75760745410521,0.0
color_2,S10.color.2,high - high,First report,96.37,-6.11395136484886,0.0
color_2,S10.color.2,low - low,First report,177.96,-4.0279554656726,0.0
color_2,S10.color.2,high - high,First report,26.59,30.4207375658893,0.0
color_2,S10.color.2,high - low,First report,80.32,13.5867479722287,0.0
color_2,S10.color.2,high - high,First report,140.96,12.3092993895945,0.0
color_2,S10.color.2,high - low,First report,54.7900000000001,-80.2916229076331,1.0
color_2,S10.color.2,low - high,First report,2.55000000000004,-1.92919241159054,0.0
color_2,S10.color.2,low - high,First report,31.65,-11.37441416459,0.0
color_2,S10.color.2,low - low,First report,133.93,-4.74636696833042,0.0
color_2,S10.color.2,high - high,First report,145.35,9.63600770209503,0.0
color_2,S10.color.2,low - low,First report,63.56,6.37861354354647,0.0
color_2,S10.color.2,low - high,First report,38.9,3.08573118341303,0.0
color_2,S10.color.2,high - low,First report,100.9,-13.1240397207682,0.0
color_2,S10.color.2,low - high,First report,76.92,11.4472843254114,0.0
color_2,S10.color.2,high - high,First report,99.02,23.6362121114018,0.0
color_2,S10.color.2,low - high,First report,154.75,-5.7439783384395,0.0
color_2,S10.color.2,high - low,First report,1.45000000000001,-12.507521978491,0.0
color_2,S10.color.2,low - low,First report,179.48,1.97567752498269,0.0
color_2,S10.color.2,low - high,First report,170.24,-38.9410010243954,0.0
color_2,S10.color.2,high - low,First report,93.17,-9.20158095598985,0.0
color_2,S10.color.2,low - low,First report,21.88,6.93498918133347,0.0
color_2,S10.color.2,high - high,First report,137.53,5.42185586120654,0.0
color_2,S10.color.2,low - high,First report,33.76,19.7271336337459,0.0
color_2,S10.color.2,high - low,First report,107.81,-2.55921876068086,0.0
color_2,S10.color.2,low - high,First report,133.66,-10.376166184775,0.0
color_2,S10.color.2,low - high,First report,173.73,1.84488607039795,0.0
color_2,S10.color.2,low - high,First report,0.350000000000029,3.56909256551099,0.0
color_2,S10.color.2,high - low,First report,116.97,-8.06480515371897,0.0
color_2,S10.color.2,low - low,First report,139.03,5.25700062303504,0.0
color_2,S10.color.2,high - high,First report,28.75,4.37511155537145,0.0
color_2,S10.color.2,low - low,First report,7.10000000000002,2.54174815505143,0.0
color_2,S10.color.2,high - high,First report,91.19,13.8960090824647,0.0
color_2,S10.color.2,high - high,First report,113.75,-35.9001176760851,0.0
color_2,S10.color.2,high - high,First report,177.44,-7.4343609185435,0.0
color_2,S10.color.2,low - high,First report,142.92,-12.7936464815713,0.0
color_2,S10.color.2,low - high,First report,48.14,4.18798872931681,0.0
color_2,S10.color.2,high - low,First report,11.64,-5.04582862751258,0.0
color_2,S10.color.2,low - high,First report,42.5,-9.06413480163127,0.0
color_2,S10.color.2,high - low,First report,17.37,6.86117040778957,0.0
color_2,S10.color.2,high - high,First report,47.71,7.72080020039278,0.0
color_2,S10.color.2,high - low,First report,168.16,-31.8022842561321,0.0
color_2,S10.color.2,high - high,First report,75.75,-23.868995035153,0.0
color_2,S10.color.2,high - high,First report,94.28,-16.3126729582884,0.0
color_2,S10.color.2,low - low,First report,50.67,-13.7075820838845,0.0
color_2,S10.color.2,low - high,First report,116.54,-0.775229788087821,0.0
color_2,S10.color.2,low - high,First report,95.63,-41.390177046368,0.0
color_2,S10.color.2,high - high,First report,167.73,-4.44517044781374,0.0
color_2,S10.color.2,low - low,First report,71.63,13.7172253811303,0.0
color_2,S10.color.2,high - low,First report,148.84,39.5645928217476,0.0
color_2,S10.color.2,high - low,First report,142.06,-0.754698679862164,0.0
color_2,S10.color.2,low - low,First report,137.49,4.39142278186294,0.0
color_2,S10.color.2,high - low,First report,134.23,-3.25810741711256,0.0
color_2,S10.color.2,low - low,First report,44.99,-21.4691742665359,0.0
color_2,S10.color.2,low - high,First report,107.73,-9.48888958824575,0.0
color_2,S10.color.2,low - high,First report,96.9600000000001,-27.531885618519,0.0
color_2,S10.color.2,low - low,First report,173.48,3.72634658001703,0.0
color_2,S10.color.2,high - high,First report,173.57,8.32772560631005,0.0
color_2,S10.color.2,low - low,First report,84.81,-16.5307133882069,0.0
color_2,S10.color.2,high - low,First report,179.0,-30.2466832828079,0.0
color_2,S10.color.2,low - high,First report,123.81,-26.2669064499966,0.0
color_2,S10.color.2,high - high,First report,47.82,-8.53074380183807,0.0
color_2,S10.color.2,high - low,First report,141.09,3.72350686381027,0.0
color_2,S10.color.2,high - low,First report,58.06,23.5115387010812,0.0
color_2,S10.color.2,high - high,First report,2.21000000000002,3.90123070851292,0.0
color_2,S10.color.2,low - low,First report,19.9,7.32935167662646,0.0
color_2,S10.color.2,low - high,First report,86.88,12.24304035236,0.0
color_2,S10.color.2,low - high,First report,49.47,-4.55482955218626,0.0
color_2,S10.color.2,high - low,First report,54.11,-12.9294428898092,0.0
color_2,S10.color.2,low - low,First report,178.67,-2.7882055676139,0.0
color_2,S10.color.2,high - low,First report,42.5,-24.2702057419766,0.0
color_2,S10.color.2,low - low,First report,35.59,-13.1869201941181,0.0
color_2,S10.color.2,low - high,First report,39.63,3.51614039960168,0.0
color_2,S10.color.2,high - high,First report,178.26,-25.9114574288898,0.0
color_2,S10.color.2,low - low,First report,45.42,4.23965369839634,0.0
color_2,S10.color.2,low - high,First report,22.48,-6.89400790543694,0.0
color_2,S10.color.2,high - high,First report,10.84,-7.06899920558278,0.0
color_2,S10.color.2,high - low,First report,109.88,15.905910192055,0.0
color_2,S10.color.2,high - low,First report,177.04,-3.57318041818603,0.0
color_2,S10.color.2,high - high,First report,140.58,-20.9108723833875,0.0
color_2,S10.color.2,low - low,First report,32.49,9.15617301544786,0.0
color_2,S10.color.2,low - high,First report,7.17000000000001,-10.6355875475169,0.0
color_2,S10.color.2,high - low,First report,155.43,-29.3872997753476,0.0
color_2,S10.color.2,high - high,First report,124.57,-37.5369698275761,0.0
color_2,S10.color.2,high - high,First report,22.39,1.01859006005065,0.0
color_2,S10.color.2,high - high,First report,141.35,12.8329774624821,0.0
color_2,S10.color.2,low - low,First report,144.02,40.7166508925095,0.0
color_2,S10.color.2,high - high,First report,73.52,-13.2275521188381,0.0
color_2,S10.color.2,low - low,First report,171.87,-9.22741426877464,0.0
color_2,S10.color.2,low - low,First report,160.51,28.9001345933766,0.0
color_2,S10.color.2,high - low,First report,34.13,19.6007774778283,0.0
color_2,S10.color.2,high - high,First report,94.15,-6.06288689054908,0.0
color_2,S10.color.2,high - low,First report,153.06,-12.9995440592111,0.0
color_2,S10.color.2,low - high,First report,130.69,-8.76335387008948,0.0
color_2,S10.color.2,low - high,First report,41.67,0.616285828085753,0.0
color_2,S10.color.2,low - low,First report,48.39,3.31017756380121,0.0
color_2,S10.color.2,low - low,First report,134.08,4.21357515694485,0.0
color_2,S10.color.2,low - low,First report,69.59,1.27355184032511,0.0
color_2,S10.color.2,low - low,First report,83.4,-3.1347582720558,0.0
color_2,S10.color.2,low - high,First report,159.12,7.97179975663689,0.0
color_2,S10.color.2,high - low,First report,102.84,-0.634531245333631,0.0
color_2,S10.color.2,low - high,First report,2.74000000000001,0.0234714017268769,0.0
color_2,S10.color.2,high - high,First report,173.06,-6.43336171009579,0.0
color_2,S10.color.2,low - high,First report,30.79,12.4789279052561,0.0
color_2,S10.color.2,low - high,First report,51.39,-13.8697606840771,0.0
color_2,S10.color.2,low - low,First report,88.19,22.0435231809783,0.0
color_2,S10.color.2,high - low,First report,106.77,-1.8037946646596,0.0
color_2,S10.color.2,low - high,First report,74.85,4.46846213836637,0.0
color_2,S10.color.2,high - low,First report,65.03,-9.52857552530077,0.0
color_2,S10.color.2,high - low,First report,55.12,9.92267497801648,0.0
color_2,S10.color.2,low - high,First report,15.81,-16.9003042140783,0.0
color_2,S10.color.2,high - low,First report,20.06,-4.83598096860489,0.0
color_2,S10.color.2,high - low,First report,130.46,-26.019821103759,0.0
color_2,S10.color.2,low - high,First report,109.55,-3.59135693543382,0.0
color_2,S10.color.2,high - low,First report,166.44,5.6996149850471,0.0
color_2,S10.color.2,high - high,First report,27.3,26.9943910516649,0.0
color_2,S10.color.2,high - low,First report,170.17,-0.843301222953803,0.0
color_2,S10.color.2,low - low,First report,150.07,21.6129961135817,0.0
color_2,S10.color.2,high - high,First report,155.95,-0.384336668963456,0.0
color_2,S10.color.2,low - high,First report,57.13,11.4042635390745,0.0
color_2,S10.color.2,high - low,First report,117.74,10.412321457826,0.0
color_2,S10.color.2,high - low,First report,66.05,17.1733147976125,0.0
color_2,S10.color.2,high - low,First report,91.22,4.25270328410925,0.0
color_2,S10.color.2,high - low,First report,6.07999999999998,-12.3021292095247,0.0
color_2,S10.color.2,high - high,First report,117.61,-3.0227527918855,0.0
color_2,S10.color.2,low - high,First report,108.62,-0.0100043174910152,0.0
color_2,S10.color.2,high - high,First report,107.27,-22.3925055791105,0.0
color_2,S10.color.2,high - low,First report,50.57,-4.56405454677781,0.0
color_2,S10.color.2,low - low,First report,119.04,-6.40555466211804,0.0
color_2,S10.color.2,high - high,First report,128.21,9.38490495491971,0.0
color_2,S10.color.2,high - high,First report,7.97999999999999,0.705822724573624,0.0
color_2,S10.color.2,low - high,First report,175.1,-9.08180732353799,0.0
color_2,S10.color.2,high - high,First report,179.08,9.05815986950239,0.0
color_2,S10.color.2,high - low,First report,34.88,-3.7412649215087,0.0
color_2,S10.color.2,low - high,First report,119.96,13.6304009079577,0.0
color_2,S10.color.2,high - high,First report,103.12,2.58756819897641,0.0
color_2,S10.color.2,low - low,First report,26.99,7.11812021653885,0.0
color_2,S10.color.2,high - high,First report,54.46,-30.614475945733,0.0
color_2,S10.color.2,low - low,First report,77.28,-2.00697937318571,0.0
color_2,S10.color.2,high - low,First report,176.91,14.9064311002157,0.0
color_2,S10.color.2,high - high,First report,152.66,-0.186835550446776,0.0
color_2,S10.color.2,high - high,First report,166.02,18.4520186539903,0.0
color_2,S10.color.2,high - low,First report,129.96,-17.6300717755795,0.0
color_2,S10.color.2,low - low,First report,114.73,7.92589927458173,0.0
color_2,S10.color.2,high - low,First report,135.49,-7.58412474697274,0.0
color_2,S10.color.2,low - high,First report,80.73,0.15103719211844,0.0
color_2,S10.color.2,high - low,First report,7.94000000000002,21.2625340402519,0.0
color_2,S10.color.2,low - high,First report,179.03,7.63510640553548,0.0
color_2,S10.color.2,high - high,First report,43.83,9.89885934312719,0.0
color_2,S10.color.2,high - low,First report,76.95,-19.7951382010527,0.0
color_2,S10.color.2,high - high,First report,39.24,42.1749049089719,1.0
color_2,S10.color.2,low - low,First report,179.56,1.38244792846612,0.0
color_2,S10.color.2,high - high,First report,114.74,-6.93086464775923,0.0
color_2,S10.color.2,high - low,First report,3.54000000000001,6.75274457688486,0.0
color_2,S10.color.2,high - low,First report,57.15,89.6818012323828,1.0
color_2,S10.color.2,high - high,First report,56.57,74.8795745344718,1.0
color_2,S10.color.2,high - high,First report,65.27,-4.3926618396359,0.0
color_2,S10.color.2,low - high,First report,138.76,4.41339548147255,0.0
color_2,S10.color.2,high - low,First report,160.17,4.4054745549569,0.0
color_2,S10.color.2,high - high,First report,4.30999999999999,-3.16185396819451,0.0
color_2,S10.color.2,low - low,First report,66.21,1.67729071372959,0.0
color_2,S10.color.2,high - high,First report,145.42,-0.497770404980843,0.0
color_2,S10.color.2,high - high,First report,94.77,-11.6788579599296,0.0
color_2,S10.color.2,high - high,First report,75.69,-9.27274685873029,0.0
color_2,S10.color.2,low - low,First report,113.31,-6.75817297219046,0.0
color_2,S10.color.2,high - high,First report,77.73,-5.83004844102792,0.0
color_2,S10.color.2,low - low,First report,57.7,-3.0324807732739,0.0
color_2,S10.color.2,low - high,First report,7.43,-0.406993703181298,0.0
color_2,S10.color.2,low - low,First report,61.61,-25.082397516044,0.0
color_2,S10.color.2,low - high,First report,61.2,-12.7695298301534,0.0
color_2,S10.color.2,low - high,First report,89.53,1.16202059649414,0.0
color_2,S10.color.2,low - low,First report,13.86,2.77631866063124,0.0
color_2,S10.color.2,high - low,First report,38.22,20.8682016282714,0.0
color_2,S10.color.2,high - high,First report,104.43,-14.9446779565534,0.0
color_2,S10.color.2,low - low,First report,136.62,-24.7626415620612,0.0
color_2,S10.color.2,low - high,First report,174.06,-1.7253852150533,0.0
color_2,S10.color.2,low - high,First report,0.63999999999996,-5.07967757281924,0.0
color_2,S10.color.2,low - low,First report,126.04,8.31730362936309,0.0
color_2,S10.color.2,low - low,First report,1.34999999999999,7.02627665806218,0.0
color_2,S10.color.2,low - high,First report,115.37,-10.5070641201975,0.0
color_2,S10.color.2,low - low,First report,100.43,-6.33509021553467,0.0
color_2,S10.color.2,low - low,First report,95.81,3.87016261327273,0.0
color_2,S10.color.2,low - high,First report,76.76,-1.75404817323881,0.0
color_2,S10.color.2,low - low,First report,172.54,2.20245699928015,0.0
color_2,S10.color.2,low - high,First report,154.94,-8.64730212242762,0.0
color_2,S10.color.2,low - high,First report,167.55,-3.510743398846,0.0
color_2,S10.color.2,low - low,First report,15.98,-5.88500421407655,0.0
color_2,S10.color.2,high - low,First report,138.12,10.3083586853859,0.0
color_2,S10.color.2,high - low,First report,0.839999999999999,-6.50175109249306,0.0
color_2,S10.color.2,low - high,First report,34.8,-5.96394437712225,0.0
color_2,S10.color.2,low - low,First report,163.02,10.4783001992323,0.0
color_2,S10.color.2,high - low,First report,90.1,19.385668217226,0.0
color_2,S10.color.2,low - high,First report,137.13,-7.86153776459855,0.0
color_2,S10.color.2,low - low,First report,151.62,-10.8025959390125,0.0
color_2,S10.color.2,high - low,First report,147.28,-32.001936763076,0.0
color_2,S10.color.2,low - low,First report,85.4,23.5671772118198,0.0
color_2,S10.color.2,low - low,First report,117.53,10.3601564114219,0.0
color_2,S10.color.2,high - high,First report,25.16,6.81861785443831,0.0
color_2,S10.color.2,high - low,First report,96.62,3.65021685691983,0.0
color_2,S10.color.2,high - low,First report,124.96,-22.369995685682,0.0
color_2,S10.color.2,high - high,First report,133.07,-5.78299638808369,0.0
color_2,S10.color.2,low - low,First report,38.72,6.65556435553793,0.0
color_2,S10.color.2,high - high,First report,53.54,-2.0644726084931,0.0
color_2,S10.color.2,high - low,First report,82.7,-3.55066990172225,0.0
color_2,S10.color.2,low - low,First report,9.56999999999999,-7.83554996758865,0.0
color_2,S10.color.2,high - high,First report,161.97,-3.10096575155141,0.0
color_2,S10.color.2,low - high,First report,99.76,-6.35919712601741,0.0
color_2,S10.color.2,low - high,First report,96.94,-5.27365975193885,0.0
color_2,S10.color.2,high - low,First report,22.59,17.8636325151888,0.0
color_2,S10.color.2,low - high,First report,71.52,-12.3393977317239,0.0
color_2,S10.color.2,low - high,First report,163.04,-4.0399975618489,0.0
color_2,S10.color.2,high - high,First report,20.17,11.1850254410022,0.0
color_2,S10.color.2,low - high,First report,146.63,5.46779287881769,0.0
color_2,S10.color.2,low - low,First report,0.750000000000004,13.1617245079511,0.0
color_2,S10.color.2,high - high,First report,62.59,-0.10444521251794,0.0
color_2,S10.color.2,low - high,First report,133.81,-9.85065370467715,0.0
color_2,S10.color.2,low - low,First report,5.85999999999994,-9.12754092012087,0.0
color_2,S10.color.2,low - high,First report,31.97,6.67892464792793,0.0
color_2,S10.color.2,high - high,First report,52.04,16.8914237346614,0.0
color_2,S10.color.2,high - high,First report,52.38,-56.8924232331902,1.0
color_2,S10.color.2,high - high,First report,165.62,-7.66428429901612,0.0
color_2,S10.color.2,low - high,First report,121.1,12.9875885540804,0.0
color_2,S10.color.2,low - low,First report,8.39999999999999,19.7386390360143,0.0
color_2,S10.color.2,high - high,First report,29.92,-2.65398377877998,0.0
color_2,S10.color.2,high - high,First report,2.09999999999997,1.38174563502282,0.0
color_2,S10.color.2,low - high,First report,33.74,-6.4917228374732,0.0
color_2,S10.color.2,high - low,First report,83.82,-29.156786458305,0.0
color_2,S10.color.2,high - low,First report,145.6,3.14505026085022,0.0
color_2,S10.color.2,low - low,First report,72.67,-6.15436618853876,0.0
color_2,S10.color.2,low - low,First report,166.7,-3.84608369101688,0.0
color_2,S10.color.2,high - low,First report,113.78,-7.43978097357944,0.0
color_2,S10.color.2,low - high,First report,74.87,5.509981381033,0.0
color_2,S10.color.2,low - low,First report,40.42,2.37661243738774,0.0
color_2,S10.color.2,high - low,First report,120.34,-13.6435113499513,0.0
color_2,S10.color.2,low - high,First report,161.41,-5.93719401138305,0.0
color_2,S10.color.2,high - high,First report,74.89,-10.0277681549147,0.0
color_2,S10.color.2,low - high,First report,178.88,5.37379452457914,0.0
color_2,S10.color.2,low - low,First report,111.24,27.6657178614827,0.0
color_2,S10.color.2,low - high,First report,58.41,-16.2499818350644,0.0
color_2,S10.color.2,high - low,First report,11.87,-31.7119642780074,0.0
color_2,S10.color.2,high - low,First report,62.83,42.9721756199634,1.0
color_2,S10.color.2,high - low,First report,74.41,1.12022242793105,0.0
color_2,S10.color.2,low - low,First report,132.69,0.963968296473135,0.0
color_2,S10.color.2,low - low,First report,117.12,7.9979767076104,0.0
color_2,S10.color.2,high - low,First report,12.88,16.2621364386043,0.0
color_2,S10.color.2,low - low,First report,151.82,-10.3115940464372,0.0
color_2,S10.color.2,low - high,First report,98.33,-10.3220634506138,0.0
color_2,S10.color.2,low - high,First report,103.53,9.9702324079432,0.0
color_2,S10.color.2,high - high,First report,164.0,-8.1033236858606,0.0
color_2,S10.color.2,high - low,First report,106.47,6.18952756321551,0.0
color_2,S10.color.2,low - high,First report,51.2800000000001,20.3389704113824,0.0
color_2,S10.color.2,low - high,First report,1.67,6.25032111690351,0.0
color_2,S10.color.2,low - low,First report,26.54,-8.71708321925578,0.0
color_2,S10.color.2,low - high,First report,35.34,8.07541164067894,0.0
color_2,S10.color.2,low - high,First report,125.64,-1.82484310074516,0.0
color_2,S10.color.2,low - low,First report,58.73,-2.3016554284542,0.0
color_2,S10.color.2,low - low,First report,138.17,10.6685613122908,0.0
color_2,S10.color.2,high - high,First report,98.85,-25.7119616467808,0.0
color_2,S10.color.2,low - high,First report,179.41,-0.832122119043494,0.0
color_2,S10.color.2,high - high,First report,107.84,-19.8921741222042,0.0
color_2,S10.color.2,high - low,First report,63.69,35.1166637297967,0.0
color_2,S10.color.2,high - high,First report,157.07,2.96404124036428,0.0
color_2,S10.color.2,high - low,First report,33.49,-44.6768153967314,1.0
color_2,S10.color.2,low - low,First report,98.09,-8.17651311159104,0.0
color_2,S10.color.2,high - low,First report,0.949999999999992,-8.65630566615172,0.0
color_2,S10.color.2,low - low,First report,46.05,-4.59662036189622,0.0
color_2,S10.color.2,high - high,First report,143.0,4.5162608944992,0.0
color_2,S10.color.2,high - low,First report,134.82,-3.91383138367349,0.0
color_2,S10.color.2,low - low,First report,122.61,-2.72108855290748,0.0
color_2,S10.color.2,high - high,First report,151.47,-0.248980548430263,0.0
color_2,S10.color.2,low - high,First report,65.19,-1.77799518373031,0.0
color_2,S10.color.2,high - low,First report,82.26,16.2758071350655,0.0
color_2,S10.color.2,high - high,First report,4.86,-23.6652555737112,0.0
color_2,S10.color.2,high - high,First report,99.67,-63.6095321078585,1.0
color_2,S10.color.2,high - high,First report,42.3800000000001,-8.50794347186829,0.0
color_2,S10.color.2,low - high,First report,135.05,-21.4005551822603,0.0
color_2,S10.color.2,low - low,First report,71.61,0.0181833407001397,0.0
color_2,S10.color.2,low - high,First report,164.2,-9.96824720720458,0.0
color_2,S10.color.2,low - high,First report,120.82,-5.32341069854164,0.0
color_2,S10.color.2,high - low,First report,174.04,8.24234500847288,0.0
color_2,S10.color.2,high - low,First report,127.02,-16.2860375561574,0.0
color_2,S10.color.2,low - high,First report,4.27000000000001,-4.0288286919183,0.0
color_2,S10.color.2,low - low,First report,78.75,5.5634306106102,0.0
color_2,S10.color.2,high - low,First report,178.67,2.49493714828408,0.0
color_2,S10.color.2,low - high,First report,94.77,-20.2005857491549,0.0
color_2,S10.color.2,low - low,First report,3.25,5.6165956165508,0.0
color_2,S10.color.2,low - low,First report,58.57,-10.0320375791796,0.0
color_2,S10.color.2,high - low,First report,177.92,4.21872984852977,0.0
color_2,S10.color.2,high - high,First report,23.96,9.50726272687048,0.0
color_2,S10.color.2,low - low,First report,114.91,22.7522697600592,0.0
color_2,S10.color.2,high - low,First report,45.81,-0.446593216440499,0.0
color_2,S10.color.2,low - low,First report,42.45,-10.6760276791896,0.0
color_2,S10.color.2,low - high,First report,140.07,0.653471124859108,0.0
color_2,S10.color.2,high - high,First report,139.06,5.79946079229133,0.0
color_2,S10.color.2,high - low,First report,15.04,9.68736656371347,0.0
color_2,S10.color.2,high - low,First report,94.84,9.92235574907495,0.0
color_2,S10.color.2,low - high,First report,83.05,-12.0110670724141,0.0
color_2,S10.color.2,high - high,First report,123.77,-23.2358462911562,0.0
color_2,S10.color.2,low - low,First report,22.7,-2.53959406484945,0.0
color_2,S10.color.2,high - low,First report,136.15,-12.903036150829,0.0
color_2,S10.color.2,low - high,First report,46.73,14.1246671884297,0.0
color_2,S10.color.2,high - high,First report,71.02,-1.80539968559949,0.0
color_2,S10.color.2,low - low,First report,154.08,-24.09103885073,0.0
color_2,S10.color.2,high - high,First report,43.17,-7.00744524862267,0.0
color_2,S10.color.2,high - high,First report,133.25,-4.75275930186597,0.0
color_2,S10.color.2,low - low,First report,86.96,5.10145440457894,0.0
color_2,S10.color.2,high - low,First report,102.49,-23.0322890115813,0.0
color_2,S10.color.2,low - high,First report,58.4,-12.7390592270752,0.0
color_2,S10.color.2,low - low,First report,159.05,19.9488306468629,0.0
color_2,S10.color.2,low - low,First report,177.5,11.0846102815202,0.0
color_2,S10.color.2,high - high,First report,25.9800000000001,-1.0773492938956,0.0
color_2,S10.color.2,low - high,First report,171.06,2.67616544117519,0.0
color_2,S10.color.2,low - low,First report,131.25,-7.53165425947239,0.0
color_2,S10.color.2,low - low,First report,82.33,5.78808247063998,0.0
color_2,S10.color.2,high - low,First report,139.41,-11.9809682971216,0.0
color_2,S10.color.2,low - low,First report,17.64,-9.34429371303498,0.0
color_2,S10.color.2,high - high,First report,63.54,-38.3149299785593,0.0
color_2,S10.color.2,high - high,First report,147.29,15.5787961790925,0.0
color_2,S10.color.2,high - high,First report,85.59,91.1514544478844,1.0
color_2,S10.color.2,low - high,First report,131.84,0.943283244243325,0.0
color_2,S10.color.2,low - high,First report,15.62,-6.49235214003695,0.0
color_2,S10.color.2,high - high,First report,76.38,12.402108294776,0.0
color_2,S10.color.2,high - high,First report,93.97,-10.1194990326873,0.0
color_2,S10.color.2,low - low,First report,25.39,-6.63154345295874,0.0
color_2,S10.color.2,high - high,First report,105.04,0.32431713260562,0.0
color_2,S10.color.2,low - high,First report,9.09000000000005,-2.20635351842876,0.0
color_2,S10.color.2,high - low,First report,164.6,23.0464168830786,0.0
color_2,S10.color.2,high - low,First report,41.81,-17.406057946876,0.0
color_2,S10.color.2,high - high,First report,179.24,2.71121083130253,0.0
color_2,S10.color.2,low - low,First report,94.19,17.348988199552,0.0
color_2,S10.color.2,low - high,First report,77.16,8.68597898282634,0.0
color_2,S10.color.2,low - high,First report,168.9,-10.3601196601295,0.0
color_2,S10.color.2,low - high,First report,153.85,16.1612647107919,0.0
color_2,S10.color.2,high - high,First report,125.18,4.68006725077265,0.0
color_2,S10.color.2,low - high,First report,146.55,-2.7232016388708,0.0
color_2,S10.color.2,low - high,First report,110.42,13.2203894175307,0.0
color_2,S10.color.2,low - low,First report,98.91,0.564555310464213,0.0
color_2,S10.color.2,high - high,First report,21.97,8.23607000334012,0.0
color_2,S10.color.2,low - low,First report,178.36,3.31919864774513,0.0
color_2,S10.color.2,high - low,First report,2.19000000000002,2.68494869163392,0.0
color_2,S10.color.2,high - low,First report,87.81,-2.91626268953987,0.0
color_2,S10.color.2,high - low,First report,174.7,0.931035493633047,0.0
color_2,S10.color.2,high - low,First report,21.15,30.8714127456246,0.0
color_2,S10.color.2,high - low,First report,42.27,64.8448994148008,1.0
color_2,S10.color.2,high - high,First report,9.28000000000001,1.61483036585643,0.0
color_2,S10.color.2,low - high,First report,18.55,8.03782925647065,0.0
color_2,S10.color.2,high - low,First report,157.45,15.3651670397748,0.0
color_2,S10.color.2,low - low,First report,3.95999999999998,-22.8342223569611,0.0
color_2,S10.color.2,high - low,First report,96.74,-1.29882470623467,0.0
color_2,S10.color.2,low - high,First report,113.33,0.681640453673466,0.0
color_2,S10.color.2,low - low,First report,168.87,-7.07972837039351,0.0
color_2,S10.color.2,high - high,First report,165.65,-3.68601231112713,0.0
color_2,S10.color.2,low - high,First report,13.4,8.21232838743525,0.0
color_2,S10.color.2,high - low,First report,154.82,9.14083328325457,0.0
color_2,S10.color.2,low - low,First report,161.45,2.60824405900378,0.0
color_2,S10.color.2,high - low,First report,71.56,-16.1050519173465,0.0
color_2,S10.color.2,high - high,First report,119.36,16.6514305709163,0.0
color_2,S10.color.2,low - high,First report,36.27,12.8006891871281,0.0
color_2,S10.color.2,high - high,First report,176.85,16.3756545412784,0.0
color_2,S10.color.2,high - low,First report,115.44,-4.90365973272362,0.0
color_2,S10.color.2,high - high,First report,14.96,-2.8492359885158,0.0
color_2,S10.color.2,low - low,First report,140.77,-31.1295364312049,0.0
color_2,S10.color.2,high - low,First report,30.94,25.7066399355103,0.0
color_2,S10.color.2,low - low,First report,46.55,-4.61920553630746,0.0
color_2,S10.color.2,high - low,First report,48.99,7.54400622455551,0.0
color_2,S10.color.2,low - high,First report,87.56,-3.24699985594178,0.0
color_2,S10.color.2,high - high,First report,57.58,7.75204733486057,0.0
color_2,S10.color.2,high - high,First report,79.47,0.615399721396193,0.0
color_2,S10.color.2,low - low,First report,63.97,0.322349458670975,0.0
color_2,S10.color.2,low - high,First report,165.13,-9.05498063594892,0.0
color_2,S10.color.2,high - low,First report,179.99,-15.6268653499717,0.0
color_2,S10.color.2,low - high,First report,38.35,-14.1567678381359,0.0
color_2,S10.color.2,high - low,First report,102.04,-21.2931686965298,0.0
color_2,S10.color.2,low - low,First report,154.06,-3.35327890385707,0.0
color_2,S10.color.2,low - low,First report,156.63,-9.68957194721109,0.0
color_2,S10.color.2,high - high,First report,16.36,-3.26982587020655,0.0
color_2,S10.color.2,high - low,First report,94.47,-32.8933854149942,0.0
color_2,S10.color.2,high - high,First report,39.11,-11.3704194735088,0.0
color_2,S10.color.2,low - low,First report,35.41,-13.6907852878449,0.0
color_2,S10.color.2,low - low,First report,165.49,2.25873507849131,0.0
color_2,S10.color.2,low - low,First report,127.58,-4.52357633065365,0.0
color_2,S10.color.2,high - high,First report,12.89,24.472713313198,0.0
color_2,S10.color.2,high - high,First report,54.01,-28.6401727717206,0.0
color_2,S10.color.2,low - low,First report,82.83,-3.12333745343216,0.0
color_2,S10.color.2,high - low,First report,129.76,-1.75727346480425,0.0
color_2,S10.color.2,high - high,First report,109.69,33.0727634063848,0.0
color_2,S10.color.2,low - high,First report,63.07,14.695452693547,0.0
color_2,S10.color.2,high - low,First report,153.82,-13.7734756336913,0.0
color_2,S10.color.2,low - low,First report,125.37,4.09455781598147,0.0
color_2,S10.color.2,high - high,First report,17.41,6.72317242442575,0.0
color_2,S10.color.2,high - low,First report,88.76,3.96733856392106,0.0
color_2,S10.color.2,high - high,First report,79.01,-9.24718472914796,0.0
color_2,S10.color.2,low - low,First report,2.17000000000002,-15.3515322567969,0.0
color_2,S10.color.2,high - high,First report,127.77,-7.93794470470049,0.0
color_2,S10.color.2,low - low,First report,96.99,-10.0975715158277,0.0
color_2,S10.color.2,low - low,First report,58.51,-15.7338059091888,0.0
color_2,S10.color.2,high - low,First report,7.75,1.25840079521609,0.0
color_2,S10.color.2,low - high,First report,109.94,-3.96233393084377,0.0
color_2,S10.color.2,high - high,First report,71.22,-26.3690740462641,0.0
color_2,S10.color.2,high - high,First report,176.02,-20.2598221287955,0.0
color_2,S10.color.2,high - high,First report,120.04,24.2165857241969,0.0
color_2,S10.color.2,high - high,First report,63.44,-20.3732705450831,0.0
color_2,S10.color.2,high - low,First report,105.77,-22.8504022599819,0.0
color_2,S10.color.2,low - high,First report,84.72,1.12743752436815,0.0
color_2,S10.color.2,low - low,First report,29.4300000000001,-1.79806167305862,0.0
color_2,S10.color.2,low - low,First report,68.5,-0.802892822596371,0.0
color_2,S10.color.2,high - high,First report,7.02,-10.7321753231297,0.0
color_2,S10.color.2,high - high,First report,46.97,-3.81792138905759,0.0
color_2,S10.color.2,low - low,First report,13.57,5.74881262221829,0.0
color_2,S10.color.2,low - low,First report,17.59,0.754464897979414,0.0
color_2,S10.color.2,low - low,First report,101.02,-9.83277269334337,0.0
color_2,S10.color.2,high - high,First report,152.13,9.72220215162345,0.0
color_2,S10.color.2,high - low,First report,3.91000000000001,8.34990214910734,0.0
color_2,S10.color.2,high - low,First report,152.5,-12.6358921867813,0.0
color_2,S10.color.2,low - high,First report,73.63,13.0245365571634,0.0
color_2,S10.color.2,high - high,First report,139.91,6.02615670183181,0.0
color_2,S10.color.2,high - low,First report,28.02,-8.86304377446063,0.0
color_2,S10.color.2,high - high,First report,162.1,5.75321003150071,0.0
color_2,S10.color.2,high - low,First report,4.21999999999999,7.75993737231069,0.0
color_2,S10.color.2,high - low,First report,109.22,-29.4364912164212,0.0
color_2,S10.color.2,high - low,First report,172.56,18.244812112463,0.0
color_2,S10.color.2,low - low,First report,82.66,-2.82186051224171,0.0
color_2,S10.color.2,high - high,First report,74.66,8.95908059519451,0.0
color_2,S10.color.2,low - high,First report,80.02,1.6247137674629,0.0
color_2,S10.color.2,low - high,First report,153.43,2.75581698938882,0.0
color_2,S10.color.2,high - low,First report,171.56,-20.5640076083987,0.0
color_2,S10.color.2,high - high,First report,102.68,10.4927159016945,0.0
color_2,S10.color.2,low - high,First report,131.46,6.50464668135605,0.0
color_2,S10.color.2,high - low,First report,118.27,3.44461645219517,0.0
color_2,S10.color.2,low - high,First report,117.1,1.49578977683472,0.0
color_2,S10.color.2,low - high,First report,22.37,7.02969472519488,0.0
color_2,S10.color.2,low - low,First report,120.06,-1.77871305809729,0.0
color_2,S10.color.2,high - high,First report,89.03,-12.8072589420614,0.0
color_2,S10.color.2,low - high,First report,26.82,-3.46150378395048,0.0
color_2,S10.color.2,high - low,First report,79.4,-16.0807675090627,0.0
color_2,S10.color.2,high - high,First report,27.39,-9.06079285053476,0.0
color_2,S10.color.2,high - low,First report,70.37,-37.5607324029831,1.0
color_2,S10.color.2,low - high,First report,52.36,-18.890413279669,0.0
color_2,S10.color.2,high - high,First report,80.2900000000001,-13.0370795349012,0.0
color_2,S10.color.2,high - high,First report,161.8,13.111661490275,0.0
color_2,S10.color.2,high - high,First report,129.58,-0.431237435333747,0.0
color_2,S10.color.2,high - low,First report,175.83,7.70674295619069,0.0
color_2,S10.color.2,low - low,First report,72.95,-21.5380484698864,0.0
color_2,S10.color.2,low - low,First report,179.39,25.7400136833825,0.0
color_2,S10.color.2,high - high,First report,114.6,-12.1363419801457,0.0
color_2,S10.color.2,high - high,First report,171.01,-10.4721300779334,0.0
color_2,S10.color.2,low - high,First report,139.14,-21.1024064820619,0.0
color_2,S10.color.2,high - high,First report,178.07,24.4660048490778,0.0
color_2,S10.color.2,low - low,First report,46.23,-8.15523231799538,0.0
color_2,S10.color.2,low - high,First report,154.56,5.88195423659938,0.0
color_2,S10.color.2,low - high,First report,73.1499999999999,-15.9670279635233,0.0
color_2,S10.color.2,low - low,First report,85.51,-3.23173367159432,0.0
color_2,S10.color.2,low - high,First report,10.43,-2.4202800943768,0.0
color_2,S10.color.2,high - low,First report,84.43,-11.8601919338239,0.0
color_2,S10.color.2,low - high,First report,165.51,-24.1124505926468,0.0
color_2,S10.color.2,high - low,First report,128.83,-15.4417812951184,0.0
color_2,S10.color.2,high - low,First report,29.69,16.7392926711597,0.0
color_2,S10.color.2,high - high,First report,32.04,-6.11191131334962,0.0
color_2,S10.color.2,low - high,First report,158.71,1.53529027729644,0.0
color_2,S10.color.2,low - high,First report,106.44,3.82954637254599,0.0
color_2,S10.color.2,high - high,First report,151.86,-6.62942637100589,0.0
color_2,S10.color.2,high - high,First report,0.91000000000002,-11.3410865590308,0.0
color_2,S10.color.2,low - high,First report,44.41,-9.34898512199536,0.0
color_2,S10.color.2,high - low,First report,12.94,-8.02802411905443,0.0
color_2,S10.color.2,low - low,First report,93.14,-1.50827716252681,0.0
color_2,S10.color.2,low - high,First report,162.15,11.2827865356045,0.0
color_2,S10.color.2,high - high,First report,137.05,-5.75058860721411,0.0
color_2,S10.color.2,low - low,First report,136.03,-22.2473052537593,0.0
color_2,S10.color.2,low - low,First report,113.2,21.6051962990665,0.0
color_2,S10.color.2,low - low,First report,5.39999999999997,12.4550836066802,0.0
color_2,S10.color.2,low - high,First report,89.96,-2.05553425440003,0.0
color_2,S10.color.2,high - high,First report,97.01,-8.22434130681876,0.0
color_2,S10.color.2,low - low,First report,175.37,-15.9622528541733,0.0
color_2,S10.color.2,high - low,First report,156.31,-0.0981097792925389,0.0
color_2,S10.color.2,high - low,First report,23.47,-24.0137338237896,0.0
color_2,S10.color.2,low - high,First report,4.77000000000001,2.28503642460977,0.0
color_2,S10.color.2,low - low,First report,155.64,22.4720075234972,0.0
color_2,S10.color.2,low - high,First report,116.65,-5.04758478342233,0.0
color_2,S10.color.2,high - high,First report,174.38,1.59930346072468,0.0
color_2,S10.color.2,high - high,First report,2.88000000000002,23.7495184092732,0.0
color_2,S10.color.2,low - low,First report,32.24,3.9114778762661,0.0
color_2,S10.color.2,low - high,First report,60.43,0.727844526622771,0.0
color_2,S10.color.2,low - high,First report,8.30999999999999,7.29375305703162,0.0
color_2,S10.color.2,high - low,First report,138.88,-44.6674774019773,1.0
color_2,S10.color.2,low - low,First report,170.66,15.8936365145007,0.0
color_2,S10.color.2,low - high,First report,30.73,-7.59143979442247,0.0
color_2,S10.color.2,high - low,First report,61.71,-11.4080509230427,0.0
color_2,S10.color.2,high - low,First report,161.6,37.0074282458674,0.0
color_2,S10.color.2,high - low,First report,61.76,-10.0932348093662,0.0
color_2,S10.color.2,low - low,First report,54.53,-4.9186866752344,0.0
color_2,S10.color.2,high - low,First report,44.11,-27.1067417187186,0.0
color_2,S10.color.2,high - high,First report,56.3600000000001,-25.1100769086554,0.0
color_2,S10.color.2,high - low,First report,15.33,20.9713250365533,0.0
color_2,S10.color.2,low - high,First report,16.43,17.022487997757,0.0
color_2,S10.color.2,low - low,First report,108.19,-19.3907488950337,0.0
color_2,S10.color.2,high - high,First report,115.57,-15.8454833532836,0.0
color_2,S10.color.2,high - low,First report,102.11,-18.450909624837,0.0
color_2,S10.color.2,high - low,First report,44.29,-13.1820492657409,0.0
color_2,S10.color.2,high - high,First report,41.12,-19.3897180785004,0.0
color_2,S10.color.2,low - high,First report,99.23,-9.07826648744422,0.0
color_2,S10.color.2,low - low,First report,151.09,32.7123492209633,0.0
color_2,S10.color.2,low - high,First report,178.88,8.50423054728895,0.0
color_2,S10.color.2,high - high,First report,92.42,19.4151892299662,0.0
color_2,S10.color.2,low - high,First report,0.559999999999965,-2.34631733706437,0.0
color_2,S10.color.2,low - low,First report,22.12,5.38614835311522,0.0
color_2,S10.color.2,low - high,First report,95.7800000000001,-1.81311296799038,0.0
color_2,S10.color.2,high - low,First report,74.99,55.1019452413322,1.0
color_2,S10.color.2,low - high,First report,45.58,-2.76521723342354,0.0
color_2,S10.color.2,low - high,First report,90.64,-5.26340591952419,0.0
color_2,S10.color.2,low - high,First report,136.4,13.1430109867073,0.0
color_2,S10.color.2,low - low,First report,3.14000000000001,3.19545393165843,0.0
color_2,S10.color.2,high - low,First report,118.3,2.7727213647255,0.0
color_2,S10.color.2,low - low,First report,36.02,13.2877821141398,0.0
color_2,S10.color.2,low - low,First report,137.93,-14.9956414466994,0.0
color_2,S10.color.2,high - low,First report,46.31,-28.9538164969567,0.0
color_2,S10.color.2,high - low,First report,143.56,-29.6266863064753,0.0
color_2,S10.color.2,high - low,First report,54.08,30.5592060024583,0.0
color_2,S10.color.2,low - high,First report,134.28,9.97246339190336,0.0
color_2,S10.color.2,low - high,First report,179.34,-5.95499196661377,0.0
color_2,S10.color.2,low - low,First report,124.48,-6.44600989998558,0.0
color_2,S10.color.2,low - high,First report,91.51,-14.8945905930426,0.0
color_2,S10.color.2,high - high,First report,60.34,-21.1456473688817,0.0
color_2,S10.color.2,high - low,First report,106.64,-23.6862493171949,0.0
color_2,S10.color.2,high - low,First report,95.45,-28.821095138289,0.0
color_2,S10.color.2,low - low,First report,91.3,-15.8765431380464,0.0
color_2,S10.color.2,low - high,First report,125.68,1.83278938302012,0.0
color_2,S10.color.2,low - low,First report,68.62,3.70949844253121,0.0
color_2,S10.color.2,high - low,First report,105.89,5.27457832421963,0.0
color_2,S10.color.2,high - high,First report,51.34,1.09290165372774,0.0
color_2,S10.color.2,high - low,First report,134.68,13.6333244876679,0.0
color_2,S10.color.2,high - low,First report,89.82,2.05429890212768,0.0
color_2,S10.color.2,low - low,First report,162.73,10.3429446302026,0.0
color_2,S10.color.2,high - low,First report,165.21,15.7468115927698,0.0
color_2,S10.color.2,high - high,First report,110.0,26.736266137195,0.0
color_2,S10.color.2,low - high,First report,154.38,-1.82435986401741,0.0
color_2,S10.color.2,low - high,First report,165.02,-2.62134846722166,0.0
color_2,S10.color.2,low - high,First report,118.74,-6.1345198624784,0.0
color_2,S10.color.2,high - high,First report,0.190000000000014,2.86589769858414,0.0
color_2,S10.color.2,low - low,First report,131.29,-18.0417487757927,0.0
color_2,S10.color.2,high - high,First report,152.76,23.9339898851555,0.0
color_2,S10.color.2,high - low,First report,177.14,-4.20958178861941,0.0
color_2,S10.color.2,high - high,First report,140.25,-68.4052680034308,1.0
color_2,S10.color.2,low - high,First report,14.31,7.86316268586336,0.0
color_2,S10.color.2,high - low,First report,119.64,-4.48742726394947,0.0
color_2,S10.color.2,high - low,First report,72.52,-16.1060302078611,0.0
color_2,S10.color.2,low - low,First report,28.05,-4.32294296474693,0.0
color_2,S10.color.2,high - low,First report,135.14,-4.10791235732154,0.0
color_2,S10.color.2,low - high,First report,46.72,14.3978039752734,0.0
color_2,S10.color.2,low - low,First report,14.87,-14.8918484625332,0.0
color_2,S10.color.2,high - high,First report,85.79,-14.9304199665217,0.0
color_2,S10.color.2,low - high,First report,108.86,0.892006893942933,0.0
color_2,S10.color.2,low - low,First report,107.37,-11.0333275354035,0.0
color_2,S10.color.2,high - low,First report,160.1,-21.1682736719478,0.0
color_2,S10.color.2,high - low,First report,77.8,6.0051927182006,0.0
color_2,S10.color.2,high - high,First report,124.25,2.00772390796994,0.0
color_2,S10.color.2,high - high,First report,147.16,-1.23552456111168,0.0
color_2,S10.color.2,low - high,First report,21.53,-7.72639888465338,0.0
color_2,S10.color.2,low - high,First report,72.09,-6.28361740253954,0.0
color_2,S10.color.2,low - high,First report,137.34,-4.0581937139479,0.0
color_2,S10.color.2,high - high,First report,15.68,4.27816173811479,0.0
color_2,S10.color.2,high - low,First report,34.5,-7.36926054999983,0.0
color_2,S10.color.2,low - low,First report,13.58,7.38388144871167,0.0
color_2,S10.color.2,low - low,First report,79.29,-4.19282366892113,0.0
color_2,S10.color.2,high - low,First report,3.69,20.6017390668711,0.0
color_2,S10.color.2,high - high,First report,0.469999999999996,-9.51444486289352,0.0
color_2,S10.color.2,low - high,First report,174.22,-4.0080269544049,0.0
color_2,S10.color.2,low - high,First report,1.40999999999996,-5.71533482796407,0.0
color_2,S10.color.2,high - low,First report,99.71,106.829309609052,1.0
color_2,S10.color.2,low - high,First report,163.07,18.5067306655536,0.0
color_2,S10.color.2,low - high,First report,121.58,-3.67627634241007,0.0
color_2,S10.color.2,low - high,First report,84.59,-3.87129115091677,0.0
color_2,S10.color.2,low - low,First report,79.27,-12.9418654495788,0.0
color_2,S10.color.2,low - high,First report,79.2800000000001,9.35410707516061,0.0
color_2,S10.color.2,low - low,First report,42.69,0.838349472306602,0.0
color_2,S10.color.2,high - low,First report,7.97000000000001,10.6905259753919,0.0
color_2,S10.color.2,low - low,First report,2.88,7.35083826651026,0.0
color_2,S10.color.2,low - low,First report,97.62,7.16693949185538,0.0
color_2,S10.color.2,low - low,First report,61.04,2.75448209623929,0.0
color_2,S10.color.2,low - high,First report,113.57,-6.25710471776965,0.0
color_2,S10.color.2,low - high,First report,140.71,11.3898489478566,0.0
color_2,S10.color.2,high - low,First report,50.29,-15.7314706244303,0.0
color_2,S10.color.2,low - high,First report,40.29,-6.37512675598428,0.0
color_2,S10.color.2,high - high,First report,79.4200000000001,-13.5455186215823,0.0
color_2,S10.color.2,high - high,First report,7.53999999999999,40.4665892576804,0.0
color_2,S10.color.2,high - high,First report,43.81,-0.721616987057925,0.0
color_2,S10.color.2,high - low,First report,0.410000000000076,11.161186072488,0.0
color_2,S10.color.2,high - low,First report,6.50999999999998,-1.59970749203596,0.0
color_2,S10.color.2,high - high,First report,133.5,-0.174481561586388,0.0
color_2,S10.color.2,high - low,First report,128.64,-7.20142188198354,0.0
color_2,S10.color.2,high - high,First report,117.68,4.8308956296567,0.0
color_2,S10.color.2,low - low,First report,18.8,21.472632259573,0.0
color_2,S10.color.2,high - low,First report,50.4,7.51998789859614,0.0
color_2,S10.color.2,low - low,First report,45.4700000000001,1.73671981035008,0.0
color_2,S10.color.2,high - high,First report,61.54,12.3491202679872,0.0
color_2,S10.color.2,high - high,First report,66.5,1.47682082384691,0.0
color_2,S10.color.2,high - high,First report,83.81,-28.5229887302198,0.0
color_2,S10.color.2,high - low,First report,152.43,-0.793146173858331,0.0
color_2,S10.color.2,low - high,First report,150.58,15.021782516336,0.0
color_2,S10.color.2,low - low,First report,175.26,22.4860003686746,0.0
color_2,S10.color.2,low - low,First report,133.53,15.3072984682318,0.0
color_2,S10.color.2,low - low,First report,112.41,1.08416132739558,0.0
color_2,S10.color.2,low - high,First report,56.37,3.08516495269074,0.0
color_2,S10.color.2,low - low,First report,60.04,-2.74306118609515,0.0
color_2,S10.color.2,low - low,First report,146.54,29.8108829458748,0.0
color_2,S10.color.2,high - low,First report,78.19,-10.8041293334229,0.0
color_2,S10.color.2,high - high,First report,178.64,-5.32365962648729,0.0
color_2,S10.color.2,high - low,First report,43.04,-21.5890902997448,0.0
color_2,S10.color.2,low - low,First report,67.84,24.2887492452461,0.0
color_2,S10.color.2,low - high,First report,3.58000000000003,-11.7111659057423,0.0
color_2,S10.color.2,low - high,First report,177.7,-1.15568374237462,0.0
color_2,S10.color.2,low - low,First report,38.18,16.0429385822446,0.0
color_2,S10.color.2,high - high,First report,89.1,-48.3359404462388,1.0
color_2,S10.color.2,low - low,First report,143.45,14.638296671324,0.0
color_2,S10.color.2,high - high,First report,138.47,25.1540539902297,0.0
color_2,S10.color.2,high - low,First report,178.09,12.9799934375304,0.0
color_2,S10.color.2,high - low,First report,57.2,-62.5148645081649,1.0
color_2,S10.color.2,low - high,First report,104.68,11.1699788218255,0.0
color_2,S10.color.2,high - high,First report,104.44,-17.648725725,0.0
color_2,S10.color.2,low - high,First report,156.48,8.07568196122487,0.0
color_2,S10.color.2,low - high,First report,97.73,-8.39979896849459,0.0
color_2,S10.color.2,low - low,First report,2.30000000000001,10.0730781089578,0.0
color_2,S10.color.2,high - high,First report,173.22,20.1592690553342,0.0
color_2,S10.color.2,low - high,First report,74.7,1.44860403821122,0.0
color_2,S10.color.2,high - high,First report,126.66,-6.48705529270248,0.0
color_2,S10.color.2,low - low,First report,47.05,-3.70938987952857,0.0
color_2,S10.color.2,high - low,First report,24.62,6.17614848386726,0.0
color_2,S10.color.2,high - high,First report,74.79,3.28375574913955,0.0
color_2,S10.color.2,high - low,First report,24.45,49.4273198706423,1.0
color_2,S10.color.2,high - high,First report,160.41,-49.5292308038521,1.0
color_2,S10.color.2,high - high,First report,33.85,13.5792283203858,0.0
color_2,S10.color.2,high - high,First report,109.77,-24.971712820534,0.0
color_2,S10.color.2,high - high,First report,20.86,10.315013158547,0.0
color_2,S10.color.2,high - high,First report,35.71,-1.16555977010668,0.0
color_2,S10.color.2,low - low,First report,175.48,21.8929681125644,0.0
color_2,S10.color.2,high - low,First report,118.38,6.46754461475404,0.0
color_2,S10.color.2,low - high,First report,5.12000000000001,-0.716389045365987,0.0
color_2,S10.color.2,low - low,First report,140.85,-17.1937408606104,0.0
color_2,S10.color.2,high - high,First report,162.9,-11.472713313198,0.0
color_2,S10.color.2,high - low,First report,145.76,15.7251739151701,0.0
color_2,S10.color.2,low - high,First report,22.48,-8.13892434295937,0.0
color_2,S10.color.2,low - low,First report,166.42,-4.11169980362086,0.0
color_2,S10.color.2,high - high,First report,7.48999999999999,14.6265251684422,0.0
color_2,S10.color.2,low - low,First report,157.0,5.98543091644659,0.0
color_2,S10.color.2,high - low,First report,142.67,-19.5132421079179,0.0
color_2,S10.color.2,low - low,First report,146.48,-3.87556694096925,0.0
color_2,S10.color.2,low - high,First report,27.0,-12.2512317375895,0.0
color_2,S10.color.2,low - high,First report,128.18,-29.3705827190844,0.0
color_2,S10.color.2,high - low,First report,30.61,-63.7832478176989,1.0
color_2,S10.color.2,low - low,First report,119.13,10.5783927619486,0.0
color_2,S10.color.2,high - low,First report,161.21,0.999854914469113,0.0
color_2,S10.color.2,low - high,First report,34.72,-8.98053226782346,0.0
color_2,S10.color.2,low - high,First report,58.09,8.09916160974065,0.0
color_2,S10.color.2,low - low,First report,16.64,53.0628611183624,1.0
color_2,S10.color.2,low - low,First report,96.0,-1.56338867820898,0.0
color_2,S10.color.2,high - high,First report,167.12,20.8684946855732,0.0
color_2,S10.color.2,low - low,First report,88.06,-6.88883944040704,0.0
color_2,S10.color.2,low - low,First report,120.06,-1.46595995578557,0.0
color_2,S10.color.2,high - high,First report,100.93,-18.9156611890688,0.0
color_2,S10.color.2,low - high,First report,50.32,-6.27002969853228,0.0
color_2,S10.color.2,high - high,First report,28.27,-13.2419824658877,0.0
color_2,S10.color.2,low - low,First report,28.87,14.7631364100407,0.0
color_2,S10.color.2,low - high,First report,94.08,-39.0351619451931,0.0
color_2,S10.color.2,high - high,First report,52.71,-48.202078362051,1.0
color_2,S10.color.2,high - low,First report,55.11,6.30529723095043,0.0
color_2,S10.color.2,low - high,First report,179.98,-5.43650968369419,0.0
color_2,S10.color.2,high - low,First report,93.19,-9.82113727025899,0.0
color_2,S10.color.2,high - low,First report,35.38,-12.5901969452478,0.0
color_2,S10.color.2,low - low,First report,168.6,-9.12378481623105,0.0
color_2,S10.color.2,high - high,First report,178.94,1.86497384665085,0.0
color_2,S10.color.2,high - low,First report,166.82,16.063244893934,0.0
color_2,S10.color.2,high - low,First report,72.7700000000001,3.21428689571827,0.0
color_2,S10.color.2,low - high,First report,42.12,-20.9444657456,0.0
color_2,S10.color.2,low - high,Second report,49.75,41.7151207560636,0.0
color_2,S10.color.2,low - low,Second report,68.06,-22.9335739167106,0.0
color_2,S10.color.2,high - high,Second report,54.95,-11.1867334410506,0.0
color_2,S10.color.2,low - low,Second report,105.0,-4.81720260001578,0.0
color_2,S10.color.2,low - high,Second report,72.53,5.92382804131093,0.0
color_2,S10.color.2,high - low,Second report,80.4,-16.0998379250143,0.0
color_2,S10.color.2,high - high,Second report,80.39,-40.0582461196428,0.0
color_2,S10.color.2,high - high,Second report,37.87,10.6513820322028,0.0
color_2,S10.color.2,high - low,Second report,62.59,-4.0452107937273,0.0
color_2,S10.color.2,high - low,Second report,157.69,-20.251901714029,0.0
color_2,S10.color.2,high - high,Second report,43.87,-1.79547054290548,0.0
color_2,S10.color.2,high - low,Second report,154.46,-18.8970655905455,0.0
color_2,S10.color.2,low - low,Second report,122.11,2.29397817117558,0.0
color_2,S10.color.2,high - high,Second report,54.88,116.740555544788,1.0
color_2,S10.color.2,high - low,Second report,117.84,-75.0708882467104,1.0
color_2,S10.color.2,high - high,Second report,0.780000000000002,1.6235672898408,0.0
color_2,S10.color.2,low - low,Second report,173.32,-3.03837899991727,0.0
color_2,S10.color.2,high - low,Second report,39.94,-32.6819419940739,0.0
color_2,S10.color.2,low - low,Second report,108.38,13.424889053319,0.0
color_2,S10.color.2,low - high,Second report,154.44,-9.14378385509797,0.0
color_2,S10.color.2,low - low,Second report,143.18,-61.6503515413681,1.0
color_2,S10.color.2,low - low,Second report,163.52,-22.3987974951349,0.0
color_2,S10.color.2,high - high,Second report,28.44,24.2529089449495,0.0
color_2,S10.color.2,high - low,Second report,17.85,21.0750820925231,0.0
color_2,S10.color.2,high - low,Second report,92.55,3.23447174132985,0.0
color_2,S10.color.2,low - low,Second report,90.91,30.4507880141534,0.0
color_2,S10.color.2,low - high,Second report,104.69,-0.147351869075036,0.0
color_2,S10.color.2,high - high,Second report,146.94,41.3742184844103,0.0
color_2,S10.color.2,low - low,Second report,125.57,48.166357289232,0.0
color_2,S10.color.2,low - high,Second report,105.83,17.3952148437123,0.0
color_2,S10.color.2,high - low,Second report,114.74,6.41136139697676,0.0
color_2,S10.color.2,low - high,Second report,63.47,-20.0841770519335,0.0
color_2,S10.color.2,high - low,Second report,116.12,76.0972760258403,1.0
color_2,S10.color.2,low - high,Second report,30.3500000000001,-6.46970475505591,0.0
color_2,S10.color.2,low - high,Second report,150.04,-12.4700932369914,0.0
color_2,S10.color.2,low - high,Second report,159.34,26.6731161693355,0.0
color_2,S10.color.2,low - low,Second report,2.31000000000001,-0.0449807981290782,0.0
color_2,S10.color.2,low - high,Second report,11.81,-12.8774391971235,0.0
color_2,S10.color.2,high - high,Second report,61.46,-1.28921305055693,0.0
color_2,S10.color.2,high - low,Second report,83.46,-11.6566736047151,0.0
color_2,S10.color.2,low - low,Second report,95.28,-8.58464668089575,0.0
color_2,S10.color.2,low - low,Second report,52.39,-6.37667207142536,0.0
color_2,S10.color.2,low - low,Second report,17.43,-1.42180153991146,0.0
color_2,S10.color.2,high - high,Second report,124.86,43.7179998878995,0.0
color_2,S10.color.2,high - low,Second report,9.26999999999998,-11.399101640499,0.0
color_2,S10.color.2,low - high,Second report,162.83,-13.6257062812612,0.0
color_2,S10.color.2,low - high,Second report,143.48,-29.6590571133302,0.0
color_2,S10.color.2,low - high,Second report,4.91999999999997,23.2505320054062,0.0
color_2,S10.color.2,high - high,Second report,23.78,31.2378884293797,0.0
color_2,S10.color.2,low - high,Second report,16.98,-0.901994722582959,0.0
color_2,S10.color.2,high - low,Second report,152.04,8.74340637800149,0.0
color_2,S10.color.2,high - high,Second report,155.16,-38.8468180135428,0.0
color_2,S10.color.2,low - low,Second report,61.8,12.6846182296839,0.0
color_2,S10.color.2,low - low,Second report,38.1,20.6938836714754,0.0
color_2,S10.color.2,low - low,Second report,88.14,22.5573863858863,0.0
color_2,S10.color.2,high - low,Second report,35.74,-42.2109262345334,0.0
color_2,S10.color.2,low - high,Second report,178.69,-58.4541177205915,1.0
color_2,S10.color.2,low - low,Second report,4.85,-11.3615471478593,0.0
color_2,S10.color.2,low - high,Second report,42.43,11.827737684288,0.0
color_2,S10.color.2,high - low,Second report,31.91,25.3069466192372,0.0
color_2,S10.color.2,high - low,Second report,103.11,5.65527258744537,0.0
color_2,S10.color.2,high - high,Second report,61.25,8.94596756492497,0.0
color_2,S10.color.2,low - high,Second report,121.81,1.42936873227628,0.0
color_2,S10.color.2,low - low,Second report,7.15999999999999,7.38136598257538,0.0
color_2,S10.color.2,low - high,Second report,125.25,10.6717133037584,0.0
color_2,S10.color.2,high - low,Second report,174.75,12.7120703860293,0.0
color_2,S10.color.2,low - high,Second report,52.03,34.3992731394424,0.0
color_2,S10.color.2,low - low,Second report,45.25,25.099593325873,0.0
color_2,S10.color.2,high - high,Second report,4.20999999999994,-1.07008272661947,0.0
color_2,S10.color.2,high - high,Second report,143.49,43.5185722711661,0.0
color_2,S10.color.2,high - high,Second report,71.36,41.8954500632082,0.0
color_2,S10.color.2,low - low,Second report,73.57,-6.65791462377484,0.0
color_2,S10.color.2,high - low,Second report,13.69,15.0676190519925,0.0
color_2,S10.color.2,low - high,Second report,94.83,-2.77785094948158,0.0
color_2,S10.color.2,high - high,Second report,85.1200000000001,-58.0737968865924,1.0
color_2,S10.color.2,low - low,Second report,152.0,12.1024411265708,0.0
color_2,S10.color.2,high - low,Second report,173.09,31.4712720504646,0.0
color_2,S10.color.2,high - high,Second report,178.62,-67.1937890912017,1.0
color_2,S10.color.2,high - high,Second report,97.51,7.01514732829165,0.0
color_2,S10.color.2,high - low,Second report,177.94,42.4075926156354,0.0
color_2,S10.color.2,high - high,Second report,121.59,-2.86330433019546,0.0
color_2,S10.color.2,high - high,Second report,13.89,0.836005145378497,0.0
color_2,S10.color.2,low - low,Second report,154.29,24.7265912970937,0.0
color_2,S10.color.2,high - high,Second report,152.75,-104.423909655642,1.0
color_2,S10.color.2,low - low,Second report,176.58,5.6350448415707,0.0
color_2,S10.color.2,high - high,Second report,12.27,-0.339284924133501,0.0
color_2,S10.color.2,high - high,Second report,15.0200000000001,-3.39975667640683,0.0
color_2,S10.color.2,high - high,Second report,175.45,-21.7583300777992,0.0
color_2,S10.color.2,low - high,Second report,101.29,14.0770505532507,0.0
color_2,S10.color.2,high - low,Second report,126.69,30.5977961783516,0.0
color_2,S10.color.2,high - low,Second report,142.17,4.09428054888267,0.0
color_2,S10.color.2,low - high,Second report,32.59,-21.4018325228823,0.0
color_2,S10.color.2,high - high,Second report,80.5800000000001,-1.85329148761828,0.0
color_2,S10.color.2,high - low,Second report,52.0,-13.9101487441513,0.0
color_2,S10.color.2,high - low,Second report,108.3,9.02522795714333,0.0
color_2,S10.color.2,high - high,Second report,110.99,4.23176910851768,0.0
color_2,S10.color.2,high - high,Second report,74.07,-47.946385290124,0.0
color_2,S10.color.2,high - low,Second report,137.07,10.4116894706585,0.0
color_2,S10.color.2,high - low,Second report,73.63,-4.51573507181649,0.0
color_2,S10.color.2,low - low,Second report,33.84,0.462637683204276,0.0
color_2,S10.color.2,low - low,Second report,178.59,49.7265426612864,0.0
color_2,S10.color.2,low - high,Second report,87.52,-8.31380692207101,0.0
color_2,S10.color.2,low - low,Second report,28.36,32.2519854093709,0.0
color_2,S10.color.2,high - low,Second report,29.54,37.049469534943,0.0
color_2,S10.color.2,high - high,Second report,168.5,-19.4491847320152,0.0
color_2,S10.color.2,low - low,Second report,143.76,37.4623426474951,0.0
color_2,S10.color.2,low - high,Second report,7.61000000000001,35.1526698787451,0.0
color_2,S10.color.2,low - high,Second report,84.61,13.7475380009131,0.0
color_2,S10.color.2,high - low,Second report,103.49,3.08973570455341,0.0
color_2,S10.color.2,low - high,Second report,108.88,9.25254626028547,0.0
color_2,S10.color.2,high - high,Second report,32.24,9.59445062109791,0.0
color_2,S10.color.2,high - low,Second report,93.8299999999999,0.904108260069869,0.0
color_2,S10.color.2,low - low,Second report,83.36,-7.25841825725951,0.0
color_2,S10.color.2,high - high,Second report,129.59,28.7036283635951,0.0
color_2,S10.color.2,low - low,Second report,164.57,-1.75513537757902,0.0
color_2,S10.color.2,high - low,Second report,15.74,4.56853929978792,0.0
color_2,S10.color.2,high - high,Second report,125.58,11.2598088937938,0.0
color_2,S10.color.2,low - high,Second report,74.66,-15.6823402094846,0.0
color_2,S10.color.2,high - low,Second report,129.8,-23.7687790543068,0.0
color_2,S10.color.2,high - high,Second report,93.05,0.737063212329506,0.0
color_2,S10.color.2,low - low,Second report,83.08,-16.9798207442934,0.0
color_2,S10.color.2,low - low,Second report,101.04,-1.83766744537684,0.0
color_2,S10.color.2,low - low,Second report,131.46,9.27704569520511,0.0
color_2,S10.color.2,high - high,Second report,164.39,-17.5680211880429,0.0
color_2,S10.color.2,high - low,Second report,162.23,46.2221490505184,0.0
color_2,S10.color.2,low - low,Second report,168.72,3.3991793581794,0.0
color_2,S10.color.2,high - high,Second report,104.91,16.626085632121,0.0
color_2,S10.color.2,low - high,Second report,35.06,-36.8785644686839,0.0
color_2,S10.color.2,high - high,Second report,171.67,-122.561275403265,1.0
color_2,S10.color.2,high - low,Second report,1.16999999999998,20.8496131549416,0.0
color_2,S10.color.2,low - high,Second report,136.94,26.3218227688779,0.0
color_2,S10.color.2,high - low,Second report,50.12,50.4161510647571,1.0
color_2,S10.color.2,low - low,Second report,12.6,2.54869584256732,0.0
color_2,S10.color.2,high - high,Second report,109.76,17.6444983175478,0.0
color_2,S10.color.2,low - high,Second report,133.56,-14.8303544557437,0.0
color_2,S10.color.2,low - high,Second report,4.21999999999999,12.9544611180377,0.0
color_2,S10.color.2,high - low,Second report,61.66,8.9510392421166,0.0
color_2,S10.color.2,low - high,Second report,124.6,-17.5872954983207,0.0
color_2,S10.color.2,high - low,Second report,176.38,-28.8671171348161,0.0
color_2,S10.color.2,low - high,Second report,78.34,2.98888753205413,0.0
color_2,S10.color.2,low - high,Second report,60.15,11.0599719703659,0.0
color_2,S10.color.2,low - high,Second report,20.34,-0.277257697922778,0.0
color_2,S10.color.2,low - high,Second report,166.86,-25.5609375720574,0.0
color_2,S10.color.2,low - low,Second report,120.76,27.2537317098123,0.0
color_2,S10.color.2,high - low,Second report,65.58,15.4050885352529,0.0
color_2,S10.color.2,low - low,Second report,17.9100000000001,-43.1160563463241,0.0
color_2,S10.color.2,high - low,Second report,1.95000000000001,-17.1955733918899,0.0
color_2,S10.color.2,low - low,Second report,41.2099999999999,13.5870683720699,0.0
color_2,S10.color.2,low - high,Second report,175.73,-23.6152818270663,0.0
color_2,S10.color.2,low - low,Second report,63.8,1.6862936442824,0.0
color_2,S10.color.2,low - high,Second report,171.31,10.9850239899223,0.0
color_2,S10.color.2,high - high,Second report,143.28,-10.0602896656067,0.0
color_2,S10.color.2,high - low,Second report,156.49,9.55632913179274,0.0
color_2,S10.color.2,high - low,Second report,3.99000000000001,18.1374958219183,0.0
color_2,S10.color.2,low - low,Second report,161.1,9.27413838838283,0.0
color_2,S10.color.2,low - high,Second report,156.25,-14.8003166350462,0.0
color_2,S10.color.2,low - low,Second report,123.02,-31.1005935596581,0.0
color_2,S10.color.2,high - low,Second report,136.64,-9.36418520750111,0.0
color_2,S10.color.2,high - high,Second report,41.2,27.0369290096134,0.0
color_2,S10.color.2,high - low,Second report,62.19,8.551816205754,0.0
color_2,S10.color.2,low - low,Second report,9.87,7.4021118901957,0.0
color_2,S10.color.2,low - low,Second report,51.96,-5.53952631017838,0.0
color_2,S10.color.2,low - low,Second report,76.53,-5.50906035307287,0.0
color_2,S10.color.2,low - low,Second report,174.79,-6.88310439623799,0.0
color_2,S10.color.2,high - high,Second report,16.47,5.66730775602526,0.0
color_2,S10.color.2,low - low,Second report,79.4600000000001,6.51684915808071,0.0
color_2,S10.color.2,low - low,Second report,40.66,-2.90171503779633,0.0
color_2,S10.color.2,high - low,Second report,25.17,32.3759832450145,0.0
color_2,S10.color.2,high - high,Second report,3.28,3.30859582235857,0.0
color_2,S10.color.2,high - high,Second report,117.39,64.7409535847178,1.0
color_2,S10.color.2,low - high,Second report,109.79,2.93126655383941,0.0
color_2,S10.color.2,high - low,Second report,91.05,25.9897458570585,0.0
color_2,S10.color.2,low - high,Second report,88.97,11.1858101654516,0.0
color_2,S10.color.2,high - high,Second report,63.73,19.4529102337765,0.0
color_2,S10.color.2,low - low,Second report,49.02,-5.44466741449676,0.0
color_2,S10.color.2,low - low,Second report,10.36,5.76126289664817,0.0
color_2,S10.color.2,high - high,Second report,179.17,-8.46229379856443,0.0
color_2,S10.color.2,high - low,Second report,132.8,-41.0536005204607,0.0
color_2,S10.color.2,high - high,Second report,45.61,1.58632635380333,0.0
color_2,S10.color.2,low - high,Second report,139.39,-2.20370598164911,0.0
color_2,S10.color.2,low - high,Second report,166.61,-25.0748162903015,0.0
color_2,S10.color.2,high - low,Second report,176.91,-20.4316015497125,0.0
color_2,S10.color.2,low - high,Second report,12.91,2.47929834575269,0.0
color_2,S10.color.2,low - low,Second report,153.9,-0.950370222221798,0.0
color_2,S10.color.2,low - low,Second report,41.9,-17.4813988100061,0.0
color_2,S10.color.2,low - low,Second report,142.74,-2.11182583949433,0.0
color_2,S10.color.2,low - high,Second report,176.19,47.1702932586791,0.0
color_2,S10.color.2,high - low,Second report,100.1,-9.95301163697527,0.0
color_2,S10.color.2,low - low,Second report,113.87,-9.86502464749805,0.0
color_2,S10.color.2,high - high,Second report,120.3,6.53518847790334,0.0
color_2,S10.color.2,low - high,Second report,140.36,23.6578254817148,0.0
color_2,S10.color.2,high - high,Second report,170.09,25.8487396528278,0.0
color_2,S10.color.2,low - high,Second report,40.7,9.22252595319025,0.0
color_2,S10.color.2,high - low,Second report,106.29,-8.84089884048081,0.0
color_2,S10.color.2,low - high,Second report,110.78,-30.3669258789872,0.0
color_2,S10.color.2,low - low,Second report,147.97,11.3933697732486,0.0
color_2,S10.color.2,high - high,Second report,87.28,-23.6983092679836,0.0
color_2,S10.color.2,low - low,Second report,161.04,13.9208888263981,0.0
color_2,S10.color.2,high - high,Second report,139.5,-8.23935539395069,0.0
color_2,S10.color.2,low - low,Second report,68.12,22.0008473600032,0.0
color_2,S10.color.2,high - high,Second report,81.52,1.55473400533486,0.0
color_2,S10.color.2,high - high,Second report,52.71,-5.85679276838195,0.0
color_2,S10.color.2,high - low,Second report,73.54,16.3123435963058,0.0
color_2,S10.color.2,high - low,Second report,42.49,30.2831915143037,0.0
color_2,S10.color.2,low - high,Second report,29.8399999999999,-13.2121729102798,0.0
color_2,S10.color.2,high - low,Second report,115.62,21.9859301276533,0.0
color_2,S10.color.2,high - low,Second report,79.98,8.70698427232404,0.0
color_2,S10.color.2,high - low,Second report,56.21,51.9457533570351,0.0
color_2,S10.color.2,high - low,Second report,45.67,-13.9398241152213,0.0
color_2,S10.color.2,high - high,Second report,157.67,0.6642105341883,0.0
color_2,S10.color.2,low - low,Second report,16.53,-2.74047799511022,0.0
color_2,S10.color.2,low - high,Second report,1.27,-14.121484961517,0.0
color_2,S10.color.2,high - low,Second report,75.09,-3.8450853420611,0.0
color_2,S10.color.2,low - low,Second report,94.11,-28.4025637962001,0.0
color_2,S10.color.2,low - low,Second report,0.509999999999968,10.6158240105781,0.0
color_2,S10.color.2,low - low,Second report,30.6,17.5966670031296,0.0
color_2,S10.color.2,low - high,Second report,90.38,164.248921442931,1.0
color_2,S10.color.2,low - low,Second report,177.8,4.14226515007911,0.0
color_2,S10.color.2,low - high,Second report,3.12000000000001,8.46938059167678,0.0
color_2,S10.color.2,high - high,Second report,94.57,-18.3748096309788,0.0
color_2,S10.color.2,high - low,Second report,100.32,18.148921566139,0.0
color_2,S10.color.2,high - low,Second report,120.35,-56.7373274621029,0.0
color_2,S10.color.2,high - high,Second report,154.85,31.4799053885144,0.0
color_2,S10.color.2,low - high,Second report,13.92,14.5102228569788,0.0
color_2,S10.color.2,high - high,Second report,99.83,6.43779843040386,0.0
color_2,S10.color.2,low - high,Second report,96.38,-3.02913967558255,0.0
color_2,S10.color.2,low - low,Second report,100.31,18.0475402868867,0.0
color_2,S10.color.2,high - low,Second report,154.16,-25.4871359331716,0.0
color_2,S10.color.2,low - high,Second report,20.2,0.308848747428149,0.0
color_2,S10.color.2,high - high,Second report,80.48,-54.4822555095919,0.0
color_2,S10.color.2,low - high,Second report,55.4,-6.70340323723124,0.0
color_2,S10.color.2,low - low,Second report,176.08,19.7109280139414,0.0
color_2,S10.color.2,low - low,Second report,62.6,22.3190108552538,0.0
color_2,S10.color.2,low - high,Second report,74.74,9.55235731623923,0.0
color_2,S10.color.2,low - high,Second report,55.13,11.858796928779,0.0
color_2,S10.color.2,low - high,Second report,119.28,-9.15958813577627,0.0
color_2,S10.color.2,low - high,Second report,45.63,-4.0993267407156,0.0
color_2,S10.color.2,low - high,Second report,179.27,-18.9050409465942,0.0
color_2,S10.color.2,low - high,Second report,42.4900000000001,-14.6737835698757,0.0
color_2,S10.color.2,low - low,Second report,173.22,24.6875787658233,0.0
color_2,S10.color.2,high - low,Second report,4.91,-19.8191794747541,0.0
color_2,S10.color.2,high - high,Second report,22.52,5.11588601437266,0.0
color_2,S10.color.2,high - low,Second report,50.4,-12.9926532036059,0.0
color_2,S10.color.2,low - low,Second report,120.76,0.225640191343242,0.0
color_2,S10.color.2,high - high,Second report,134.64,-10.4734834297061,0.0
color_2,S10.color.2,low - high,Second report,46.57,-17.4544299049234,0.0
color_2,S10.color.2,high - low,Second report,177.65,-20.5248499805233,0.0
color_2,S10.color.2,low - low,Second report,86.36,-1.00143701730189,0.0
color_2,S10.color.2,low - low,Second report,114.37,-6.34306587714225,0.0
color_2,S10.color.2,high - high,Second report,56.71,9.65101147678712,0.0
color_2,S10.color.2,low - low,Second report,3.36999999999994,5.09675780357523,0.0
color_2,S10.color.2,low - high,Second report,165.83,15.5349921813317,0.0
color_2,S10.color.2,high - low,Second report,170.69,-28.3857750639193,0.0
color_2,S10.color.2,low - high,Second report,15.17,5.88693740548044,0.0
color_2,S10.color.2,low - high,Second report,34.77,2.75723705586851,0.0
color_2,S10.color.2,low - low,Second report,69.75,-9.50523728394712,0.0
color_2,S10.color.2,low - high,Second report,116.11,-3.5255306749302,0.0
color_2,S10.color.2,high - high,Second report,148.8,1.51167647370084,0.0
color_2,S10.color.2,high - high,Second report,134.12,4.37887972302933,0.0
color_2,S10.color.2,high - high,Second report,29.34,-3.30717977784789,0.0
color_2,S10.color.2,low - high,Second report,151.17,26.944705113022,0.0
color_2,S10.color.2,high - high,Second report,137.36,-13.709631389884,0.0
color_2,S10.color.2,low - low,Second report,100.35,8.43418485069762,0.0
color_2,S10.color.2,high - low,Second report,24.79,-28.3869068748064,0.0
color_2,S10.color.2,low - low,Second report,132.44,6.70415933176053,0.0
color_2,S10.color.2,high - low,Second report,170.08,-1.93031687842216,0.0
color_2,S10.color.2,high - low,Second report,65.06,-22.8767413860359,0.0
color_2,S10.color.2,high - high,Second report,35.96,-3.41348474178981,0.0
color_2,S10.color.2,high - high,Second report,2.25999999999996,-10.7572718178608,0.0
color_2,S10.color.2,low - high,Second report,126.52,-3.56842631117912,0.0
color_2,S10.color.2,high - low,Second report,163.93,-76.8027481095789,1.0
color_2,S10.color.2,low - high,Second report,84.5,18.8166698923445,0.0
color_2,S10.color.2,high - high,Second report,163.67,-60.6667356561651,1.0
color_2,S10.color.2,high - high,Second report,179.5,-52.4987746252937,1.0
color_2,S10.color.2,high - low,Second report,21.85,49.4301024858835,1.0
color_2,S10.color.2,high - low,Second report,43.13,-12.8724020736896,0.0
color_2,S10.color.2,high - low,Second report,6.56,12.8384364316327,0.0
color_2,S10.color.2,high - high,Second report,69.3,-2.64249679658033,0.0
color_2,S10.color.2,high - low,Second report,137.64,-14.156156208592,0.0
color_2,S10.color.2,high - high,Second report,11.87,10.6981209217624,0.0
color_2,S10.color.2,low - high,Second report,131.15,6.3129609048634,0.0
color_2,S10.color.2,high - low,Second report,94.88,55.4043221483702,1.0
color_2,S10.color.2,high - low,Second report,34.79,-77.2652978408672,1.0
color_2,S10.color.2,high - high,Second report,113.79,23.9243822857014,0.0
color_2,S10.color.2,high - low,Second report,112.84,-13.2563689304806,0.0
color_2,S10.color.2,low - low,Second report,24.12,9.0362742207528,0.0
color_2,S10.color.2,high - low,Second report,134.75,-3.77917659661107,0.0
color_2,S10.color.2,low - high,Second report,78.68,132.871094626732,1.0
color_2,S10.color.2,low - high,Second report,101.73,-74.1561604068821,1.0
color_2,S10.color.2,low - high,Second report,157.04,-2.39785916002135,0.0
color_2,S10.color.2,high - low,Second report,8.98,8.97607019021199,0.0
color_2,S10.color.2,low - low,Second report,132.23,8.4768473918262,0.0
color_2,S10.color.2,high - high,Second report,27.99,24.347246836206,0.0
color_2,S10.color.2,high - high,Second report,65.6699999999999,14.7596181177348,0.0
color_2,S10.color.2,high - high,Second report,166.96,-25.5422510903321,0.0
color_2,S10.color.2,low - low,Second report,138.92,3.15987141195364,0.0
color_2,S10.color.2,low - low,Second report,64.27,-13.8962688811149,0.0
color_2,S10.color.2,high - high,Second report,105.69,1.03717182873012,0.0
color_2,S10.color.2,low - low,Second report,28.5,10.5109336109128,0.0
color_2,S10.color.2,low - high,Second report,74.95,-8.107460916732,0.0
color_2,S10.color.2,high - low,Second report,153.17,12.1410189348199,0.0
color_2,S10.color.2,low - high,Second report,150.13,-37.150652267286,0.0
color_2,S10.color.2,high - high,Second report,7.27000000000001,35.2555096816385,0.0
color_2,S10.color.2,high - high,Second report,102.51,-20.3546970917235,0.0
color_2,S10.color.2,low - low,Second report,120.13,14.0067499727846,0.0
color_2,S10.color.2,low - low,Second report,113.17,2.41319865141727,0.0
color_2,S10.color.2,high - high,Second report,118.3,9.95576656608374,0.0
color_2,S10.color.2,high - low,Second report,141.12,-21.367712779878,0.0
color_2,S10.color.2,high - high,Second report,31.73,-1.54536525799348,0.0
color_2,S10.color.2,low - high,Second report,102.36,-24.0929856949949,0.0
color_2,S10.color.2,low - low,Second report,20.0,8.25986592518616,0.0
color_2,S10.color.2,low - high,Second report,73.18,24.7197364698368,0.0
color_2,S10.color.2,high - low,Second report,15.29,15.4871448023452,0.0
color_2,S10.color.2,high - high,Second report,113.56,-27.8787904662512,0.0
color_2,S10.color.2,low - low,Second report,166.71,9.11239574567292,0.0
color_2,S10.color.2,high - high,Second report,11.22,-0.245213021751425,0.0
color_2,S10.color.2,high - low,Second report,66.94,-51.6495719998885,0.0
color_2,S10.color.2,high - low,Second report,166.54,-82.1812910330529,1.0
color_2,S10.color.2,high - high,Second report,84.04,7.19262004208168,0.0
color_2,S10.color.2,high - high,Second report,168.08,16.1586123931313,0.0
color_2,S10.color.2,high - low,Second report,103.77,-32.8306039512559,0.0
color_2,S10.color.2,low - high,Second report,10.26,-19.9736247651995,0.0
color_2,S10.color.2,low - low,Second report,176.38,-5.35807305384212,0.0
color_2,S10.color.2,low - low,Second report,144.2,-0.583697618301458,0.0
color_2,S10.color.2,high - low,Second report,148.03,2.31849725317386,0.0
color_2,S10.color.2,low - low,Second report,74.6,-14.0517023397649,0.0
color_2,S10.color.2,low - high,Second report,172.77,15.4464244435644,0.0
color_2,S10.color.2,high - low,Second report,1.62,10.6989122456704,0.0
color_2,S10.color.2,high - low,Second report,5.01999999999999,3.0572409946384,0.0
color_2,S10.color.2,high - high,Second report,50.59,-7.0215788122843,0.0
color_2,S10.color.2,high - low,Second report,57.59,4.12910695224572,0.0
color_2,S10.color.2,low - high,Second report,173.24,-21.0990972755524,0.0
color_2,S10.color.2,low - high,Second report,43.66,-14.1907050873491,0.0
color_2,S10.color.2,high - high,Second report,1.06000000000001,14.921251979994,0.0
color_2,S10.color.2,low - low,Second report,163.02,-7.69780436584912,0.0
color_2,S10.color.2,high - low,Second report,101.69,-11.13881644418,0.0
color_2,S10.color.2,low - low,Second report,10.43,-33.2723459139544,0.0
color_2,S10.color.2,low - low,Second report,97.62,16.9932503072967,0.0
color_2,S10.color.2,high - high,Second report,117.32,-12.2836633186604,0.0
color_2,S10.color.2,high - low,Second report,177.87,5.29345994024955,0.0
color_2,S10.color.2,low - high,Second report,76.17,-7.99383224231933,0.0
color_2,S10.color.2,high - low,Second report,29.99,42.8957788132793,0.0
color_2,S10.color.2,high - high,Second report,80.28,-8.04653216548953,0.0
color_2,S10.color.2,low - low,Second report,100.65,-20.908052164243,0.0
color_2,S10.color.2,low - high,Second report,131.39,13.7547949245297,0.0
color_2,S10.color.2,high - high,Second report,16.93,2.4503009746917,0.0
color_2,S10.color.2,low - high,Second report,146.42,19.6814677889883,0.0
color_2,S10.color.2,low - low,Second report,82.62,-5.73561968542064,0.0
color_2,S10.color.2,low - high,Second report,157.91,28.3969125022858,0.0
color_2,S10.color.2,high - high,Second report,86.88,-36.6907195096173,0.0
color_2,S10.color.2,low - high,Second report,15.05,-11.2023690472708,0.0
color_2,S10.color.2,high - low,Second report,63.06,-23.0276438826728,0.0
color_2,S10.color.2,high - high,Second report,126.4,-12.7519012268376,0.0
color_2,S10.color.2,low - low,Second report,77.49,11.9118198605992,0.0
color_2,S10.color.2,low - low,Second report,119.77,39.3861100278108,0.0
color_2,S10.color.2,low - low,Second report,1.93999999999998,3.77316787544729,0.0
color_2,S10.color.2,low - high,Second report,13.19,-24.8857715108812,0.0
color_2,S10.color.2,high - high,Second report,74.32,15.9092247268644,0.0
color_2,S10.color.2,low - low,Second report,69.14,49.2610276686823,1.0
color_2,S10.color.2,high - low,Second report,82.04,-59.6998053468989,1.0
color_2,S10.color.2,high - high,Second report,60.89,-34.5700492304993,0.0
color_2,S10.color.2,low - low,Second report,28.19,51.8645546787443,0.0
color_2,S10.color.2,high - low,Second report,111.95,-2.0982849621989,0.0
color_2,S10.color.2,low - low,Second report,9.40999999999998,-21.5409215226249,0.0
color_2,S10.color.2,high - high,Second report,71.16,13.6983673491542,0.0
color_2,S10.color.2,high - high,Second report,132.78,-11.7997332291606,0.0
color_2,S10.color.2,low - high,Second report,24.39,20.1574979211044,0.0
color_2,S10.color.2,high - high,Second report,43.84,-21.3715916560633,0.0
color_2,S10.color.2,low - high,Second report,0.590000000000014,-4.80411072717446,0.0
color_2,S10.color.2,high - high,Second report,94.77,1.51747327204044,0.0
color_2,S10.color.2,low - high,Second report,106.55,-4.21857267790359,0.0
color_2,S10.color.2,high - high,Second report,142.34,-34.9551592757531,0.0
color_2,S10.color.2,high - high,Second report,155.67,4.50891256944684,0.0
color_2,S10.color.2,low - low,Second report,51.94,-26.9958624301768,0.0
color_2,S10.color.2,low - low,Second report,142.16,37.1355544723044,0.0
color_2,S10.color.2,high - low,Second report,127.74,1.60868632778375,0.0
color_2,S10.color.2,high - low,Second report,51.28,7.05097058696727,0.0
color_2,S10.color.2,low - low,Second report,93.24,-18.4210513873309,0.0
color_2,S10.color.2,low - high,Second report,163.74,34.6795164905697,0.0
color_2,S10.color.2,low - low,Second report,57.79,22.2606361093632,0.0
color_2,S10.color.2,high - low,Second report,107.63,18.1126175352361,0.0
color_2,S10.color.2,low - high,Second report,54.66,-15.1447817728394,0.0
color_2,S10.color.2,high - high,Second report,142.6,4.2192897150511,0.0
color_2,S10.color.2,low - low,Second report,19.0,32.202119840227,0.0
color_2,S10.color.2,low - high,Second report,134.48,33.2997118088,0.0
color_2,S10.color.2,high - high,Second report,64.97,-19.4161656268336,0.0
color_2,S10.color.2,high - low,Second report,132.79,43.5646916409643,0.0
color_2,S10.color.2,high - low,Second report,160.72,32.601652114271,0.0
color_2,S10.color.2,high - low,Second report,42.86,-5.08350009095837,0.0
color_2,S10.color.2,high - low,Second report,165.47,34.0929533245244,0.0
color_2,S10.color.2,low - high,Second report,121.27,14.3030141899483,0.0
color_2,S10.color.2,high - low,Second report,122.89,-24.1357866680726,0.0
color_2,S10.color.2,high - low,Second report,1.86000000000001,-0.808876106243788,0.0
color_2,S10.color.2,low - high,Second report,45.85,11.1693239791153,0.0
color_2,S10.color.2,low - high,Second report,32.8,10.5342217746051,0.0
color_2,S10.color.2,low - high,Second report,141.17,-3.80090307584023,0.0
color_2,S10.color.2,high - low,Second report,90.98,8.69344162304454,0.0
color_2,S10.color.2,low - low,Second report,42.37,-6.68616690532699,0.0
color_2,S10.color.2,low - high,Second report,106.95,8.53547843832589,0.0
color_2,S10.color.2,high - high,Second report,152.72,-19.3540693597976,0.0
color_2,S10.color.2,high - low,Second report,139.83,-19.9273799619823,0.0
color_2,S10.color.2,high - high,Second report,108.81,11.4773889738406,0.0
color_2,S10.color.2,low - low,Second report,133.08,-23.6976377176218,0.0
color_2,S10.color.2,high - low,Second report,27.66,31.8134848274459,0.0
color_2,S10.color.2,low - high,Second report,2.15999999999999,-0.237148555366042,0.0
color_2,S10.color.2,high - high,Second report,168.72,-8.41424547079073,0.0
color_2,S10.color.2,low - high,Second report,92.71,-3.97872022506616,0.0
color_2,S10.color.2,high - high,Second report,8.83999999999996,11.9636673044367,0.0
color_2,S10.color.2,high - high,Second report,157.13,1.57701625319887,0.0
color_2,S10.color.2,high - low,Second report,162.2,-14.3412231890326,0.0
color_2,S10.color.2,low - high,Second report,77.17,-14.1634088547558,0.0
color_2,S10.color.2,high - low,Second report,22.47,1.9977863913183,0.0
color_2,S10.color.2,low - high,Second report,57.19,9.32213105883555,0.0
color_2,S10.color.2,low - high,Second report,124.48,-14.5036944371711,0.0
color_2,S10.color.2,high - low,Second report,67.32,18.5796833626749,0.0
color_2,S10.color.2,low - high,Second report,93.96,8.00477674182005,0.0
color_2,S10.color.2,high - high,Second report,18.45,12.9037010138979,0.0
color_2,S10.color.2,high - low,Second report,121.64,-35.8279444479705,0.0
color_2,S10.color.2,high - high,Second report,178.0,14.8177681774545,0.0
color_2,S10.color.2,low - low,Second report,55.24,29.0168880095118,0.0
color_2,S10.color.2,high - low,Second report,146.79,-14.2048751613015,0.0
color_2,S10.color.2,low - low,Second report,130.56,11.2706142594973,0.0
color_2,S10.color.2,high - low,Second report,51.34,-7.28983145157433,0.0
color_2,S10.color.2,high - high,Second report,49.78,-17.0061774001909,0.0
color_2,S10.color.2,low - low,Second report,173.27,-16.8044164642456,0.0
color_2,S10.color.2,low - low,Second report,51.24,13.6360537905418,0.0
color_2,S10.color.2,low - low,Second report,34.04,-16.2420792657693,0.0
color_2,S10.color.2,high - high,Second report,147.58,-32.9321206090806,0.0
color_2,S10.color.2,low - low,Second report,153.44,12.2516454352862,0.0
color_2,S10.color.2,low - high,Second report,34.15,13.1233800951796,0.0
color_2,S10.color.2,low - low,Second report,175.66,20.3639828446392,0.0
color_2,S10.color.2,low - low,Second report,4.63000000000002,-0.589470385750595,0.0
color_2,S10.color.2,low - high,Second report,142.5,-11.5393563063798,0.0
color_2,S10.color.2,high - low,Second report,178.19,-17.2612781057699,0.0
color_2,S10.color.2,high - high,Second report,40.5,12.4248438161018,0.0
color_2,S10.color.2,low - high,Second report,179.54,-14.093877187474,0.0
color_2,S10.color.2,low - high,Second report,149.78,-16.8899738156093,0.0
color_2,S10.color.2,high - low,Second report,94.03,5.37020748297012,0.0
color_2,S10.color.2,low - high,Second report,35.0,-2.37158150321937,0.0
color_2,S10.color.2,high - high,Second report,98.05,-8.68895866737321,0.0
color_2,S10.color.2,low - high,Second report,104.39,6.97861859883142,0.0
color_2,S10.color.2,high - low,Second report,44.14,-12.9765189610984,0.0
color_2,S10.color.2,high - high,Second report,179.13,-10.7222943737488,0.0
color_2,S10.color.2,low - low,Second report,150.15,-6.21087179134173,0.0
color_2,S10.color.2,low - high,Second report,64.09,13.2073137634715,0.0
color_2,S10.color.2,low - low,Second report,155.11,-0.14945188768057,0.0
color_2,S10.color.2,high - high,Second report,104.12,-128.23990185169,1.0
color_2,S10.color.2,low - high,Second report,70.23,10.9203815179352,0.0
color_2,S10.color.2,high - low,Second report,79.03,-22.8178474018745,0.0
color_2,S10.color.2,low - high,Second report,179.8,7.74172725214493,0.0
color_2,S10.color.2,low - low,Second report,91.15,-22.9904776542697,0.0
color_2,S10.color.2,high - high,Second report,33.56,26.9515269582976,0.0
color_2,S10.color.2,high - high,Second report,0.56999999999999,5.28940050662359,0.0
color_2,S10.color.2,high - low,Second report,8.91999999999995,23.7453578866037,0.0
color_2,S10.color.2,low - low,Second report,44.01,-21.2897370678309,0.0
color_2,S10.color.2,low - low,Second report,111.02,-30.2605730281773,0.0
color_2,S10.color.2,high - high,Second report,133.54,-1.55316218651599,0.0
color_2,S10.color.2,high - high,Second report,42.99,-0.0860014253851089,0.0
color_2,S10.color.2,low - high,Second report,164.54,11.1011987150022,0.0
color_2,S10.color.2,low - high,Second report,36.99,51.8402610727878,0.0
color_2,S10.color.2,high - low,Second report,74.73,-5.9515727824753,0.0
color_2,S10.color.2,high - high,Second report,127.12,22.7628340551228,0.0
color_2,S10.color.2,high - low,Second report,87.76,-14.6565862324201,0.0
color_2,S10.color.2,low - high,Second report,32.28,-0.698419073069643,0.0
color_2,S10.color.2,low - high,Second report,3.77999999999997,1.04504386260281,0.0
color_2,S10.color.2,low - low,Second report,4.16,20.8331248614986,0.0
color_2,S10.color.2,high - high,Second report,8.26999999999999,16.919085157783,0.0
color_2,S10.color.2,high - high,Second report,150.31,-6.92758190657122,0.0
color_2,S10.color.2,high - low,Second report,107.48,-12.4943862454267,0.0
color_2,S10.color.2,low - low,Second report,85.84,3.60419901090406,0.0
color_2,S10.color.2,high - low,Second report,8.36999999999999,60.6199733113033,1.0
color_2,S10.color.2,low - high,Second report,116.13,9.69960588535708,0.0
color_2,S10.color.2,high - high,Second report,4.96,-6.94625457900127,0.0
color_2,S10.color.2,high - low,Second report,18.87,-10.748518110135,0.0
color_2,S10.color.2,low - high,Second report,61.41,-43.6014185356116,0.0
color_2,S10.color.2,low - low,Second report,18.1,9.69271876461654,0.0
color_2,S10.color.2,low - high,Second report,162.66,29.3852977724854,0.0
color_2,S10.color.2,low - high,Second report,173.58,27.5845415434585,0.0
color_2,S10.color.2,low - low,Second report,105.61,4.60992831017855,0.0
color_2,S10.color.2,high - low,Second report,16.97,37.2918320830485,0.0
color_2,S10.color.2,low - low,Second report,124.26,9.72560730389905,0.0
color_2,S10.color.2,high - high,Second report,163.21,-7.20143650135139,0.0
color_2,S10.color.2,high - high,Second report,158.31,-18.1268241288274,0.0
color_2,S10.color.2,high - high,Second report,2.82999999999998,1.32305458462364,0.0
color_2,S10.color.2,high - high,Second report,179.14,-39.6188742045677,0.0
color_2,S10.color.2,low - low,Second report,2.41,-7.5065295695657,0.0
color_2,S10.color.2,high - low,Second report,163.35,55.8701186672471,1.0
color_2,S10.color.2,low - low,Second report,75.61,6.91249827774242,0.0
color_2,S10.color.2,low - high,Second report,49.57,2.14215333554719,0.0
color_2,S10.color.2,low - high,Second report,24.7099999999999,23.7111534598401,0.0
color_2,S10.color.2,high - low,Second report,129.93,0.0972150082692966,0.0
color_2,S10.color.2,low - high,Second report,35.48,5.24378010663594,0.0
color_2,S10.color.2,low - low,Second report,97.97,-3.10903709271003,0.0
color_2,S10.color.2,low - high,Second report,80.81,4.0989369732696,0.0
color_2,S10.color.2,high - high,Second report,113.09,115.941923511082,1.0
color_2,S10.color.2,low - low,Second report,50.46,-17.0213292442986,0.0
color_2,S10.color.2,high - high,Second report,70.04,-17.0225403441769,0.0
color_2,S10.color.2,low - low,Second report,109.35,8.84471818113583,0.0
color_2,S10.color.2,low - low,Second report,27.83,5.03068805603845,0.0
color_2,S10.color.2,low - high,Second report,74.43,-43.2267505964216,0.0
color_2,S10.color.2,high - low,Second report,66.06,10.071930070844,0.0
color_2,S10.color.2,low - low,Second report,85.83,3.49162417693584,0.0
color_2,S10.color.2,high - low,Second report,58.1200000000001,-7.75763470733003,0.0
color_2,S10.color.2,low - low,Second report,119.97,-9.7512202369526,0.0
color_2,S10.color.2,high - high,Second report,64.6,14.2869547108642,0.0
color_2,S10.color.2,high - low,Second report,51.15,22.0583751116079,0.0
color_2,S10.color.2,high - low,Second report,63.1,-12.1936906777755,0.0
color_2,S10.color.2,low - low,Second report,28.79,31.1923780730519,0.0
color_2,S10.color.2,low - high,Second report,74.3,-28.4542636956198,0.0
color_2,S10.color.2,low - low,Second report,70.38,28.6247092848392,0.0
color_2,S10.color.2,high - high,Second report,83.21,28.9961329386693,0.0
color_2,S10.color.2,high - high,Second report,16.0,32.6501802837013,0.0
color_2,S10.color.2,low - high,Second report,94.68,-19.5567792010786,0.0
color_2,S10.color.2,low - low,Second report,157.31,29.2227995267308,0.0
color_2,S10.color.2,low - low,Second report,103.6,-5.35930319496412,0.0
color_2,S10.color.2,low - low,Second report,14.75,26.1598220127444,0.0
color_2,S10.color.2,high - high,Second report,120.43,-80.6993027940764,1.0
color_2,S10.color.2,low - high,Second report,108.47,-15.923021534073,0.0
color_2,S10.color.2,low - low,Second report,146.89,-9.78433337856959,0.0
color_2,S10.color.2,low - high,Second report,98.27,-7.43711219249556,0.0
color_2,S10.color.2,low - low,Second report,60.92,4.28082141859683,0.0
color_2,S10.color.2,low - low,Second report,167.43,-14.5633088013972,0.0
color_2,S10.color.2,high - low,Second report,11.42,11.4256179420985,0.0
color_2,S10.color.2,low - high,Second report,29.71,-20.7192196900603,0.0
color_2,S10.color.2,high - high,Second report,38.41,3.7705295582374,0.0
color_2,S10.color.2,high - high,Second report,12.77,14.0333519357229,0.0
color_2,S10.color.2,high - low,Second report,160.11,-81.8364827234196,1.0
color_2,S10.color.2,low - high,Second report,178.25,29.8372198590538,0.0
color_2,S10.color.2,high - high,Second report,122.53,7.06934913749532,0.0
color_2,S10.color.2,high - low,Second report,84.41,-20.7270345900044,0.0
color_2,S10.color.2,low - low,Second report,146.36,-20.7486323973322,0.0
color_2,S10.color.2,high - high,Second report,20.67,14.5611541531314,0.0
color_2,S10.color.2,high - low,Second report,177.66,18.5581784432402,0.0
color_2,S10.color.2,low - low,Second report,132.16,53.3374777572693,1.0
color_2,S10.color.2,low - high,Second report,146.8,22.665899785699,0.0
color_2,S10.color.2,high - low,Second report,153.64,-105.176245026196,1.0
color_2,S10.color.2,high - low,Second report,93.39,-36.4546707289311,0.0
color_2,S10.color.2,high - low,Second report,144.49,-59.655623016455,1.0
color_2,S10.color.2,high - low,Second report,176.25,-69.8145688566299,1.0
color_2,S10.color.2,high - high,Second report,71.92,20.3372358327719,0.0
color_2,S10.color.2,low - high,Second report,134.27,-30.5454371386221,0.0
color_2,S10.color.2,low - high,Second report,8.59,8.71546962792599,0.0
color_2,S10.color.2,low - low,Second report,161.73,-4.02021459416173,0.0
color_2,S10.color.2,high - high,Second report,62.18,-55.849347732714,0.0
color_2,S10.color.2,low - low,Second report,43.69,-4.50359304816398,0.0
color_2,S10.color.2,high - high,Second report,96.37,20.6854487521423,0.0
color_2,S10.color.2,low - low,Second report,177.96,22.5023928382234,0.0
color_2,S10.color.2,high - high,Second report,26.59,15.1109400762549,0.0
color_2,S10.color.2,low - high,Second report,80.32,-9.45875111150276,0.0
color_2,S10.color.2,high - high,Second report,140.96,1.16632508451513,0.0
color_2,S10.color.2,low - high,Second report,54.7900000000001,-2.6581191772544,0.0
color_2,S10.color.2,high - low,Second report,2.55000000000004,5.08386331183309,0.0
color_2,S10.color.2,high - low,Second report,31.65,3.89775782231667,0.0
color_2,S10.color.2,low - low,Second report,133.93,-5.69165801308804,0.0
color_2,S10.color.2,high - high,Second report,145.35,-5.71042784642567,0.0
color_2,S10.color.2,low - low,Second report,63.56,-23.2158193497206,0.0
color_2,S10.color.2,high - low,Second report,38.9,38.9884854899835,0.0
color_2,S10.color.2,low - high,Second report,100.9,-12.3872487738493,0.0
color_2,S10.color.2,high - low,Second report,76.92,-2.33876734530925,0.0
color_2,S10.color.2,high - high,Second report,99.02,9.90767257265097,0.0
color_2,S10.color.2,high - low,Second report,154.75,4.39065966978728,0.0
color_2,S10.color.2,low - high,Second report,1.45000000000001,-4.92866578144814,0.0
color_2,S10.color.2,low - low,Second report,179.48,-8.88329690796689,0.0
color_2,S10.color.2,high - low,Second report,170.24,9.52129742027668,0.0
color_2,S10.color.2,low - high,Second report,93.17,-4.63758603439034,0.0
color_2,S10.color.2,low - low,Second report,21.88,17.7657875090141,0.0
color_2,S10.color.2,high - high,Second report,137.53,2.44245431571345,0.0
color_2,S10.color.2,high - low,Second report,33.76,47.054806128239,0.0
color_2,S10.color.2,low - high,Second report,107.81,10.981443855184,0.0
color_2,S10.color.2,high - low,Second report,133.66,-20.278245512837,0.0
color_2,S10.color.2,high - low,Second report,173.73,-42.4293834262002,0.0
color_2,S10.color.2,high - low,Second report,0.350000000000029,5.8213766454915,0.0
color_2,S10.color.2,low - high,Second report,116.97,-9.26115893148628,0.0
color_2,S10.color.2,low - low,Second report,139.03,-15.6063123027576,0.0
color_2,S10.color.2,high - high,Second report,28.75,-6.04940104859321,0.0
color_2,S10.color.2,low - low,Second report,7.10000000000002,2.08518678354806,0.0
color_2,S10.color.2,high - high,Second report,91.19,-9.01689536831541,0.0
color_2,S10.color.2,high - high,Second report,113.75,20.481771680504,0.0
color_2,S10.color.2,high - high,Second report,177.44,-13.8094591422948,0.0
color_2,S10.color.2,high - low,Second report,142.92,7.26979619504737,0.0
color_2,S10.color.2,high - low,Second report,48.14,0.972672439618226,0.0
color_2,S10.color.2,low - high,Second report,11.64,-3.14949553906426,0.0
color_2,S10.color.2,high - low,Second report,42.5,7.73819259431285,0.0
color_2,S10.color.2,low - high,Second report,17.37,-0.655288794265829,0.0
color_2,S10.color.2,high - high,Second report,47.71,-32.1185341312138,0.0
color_2,S10.color.2,low - high,Second report,168.16,39.2460660995308,0.0
color_2,S10.color.2,high - high,Second report,75.75,-12.2566874132555,0.0
color_2,S10.color.2,high - high,Second report,94.28,7.89886842653261,0.0
color_2,S10.color.2,low - low,Second report,50.67,-0.902347069747034,0.0
color_2,S10.color.2,high - low,Second report,116.54,-41.7454415021178,0.0
color_2,S10.color.2,high - low,Second report,95.63,-4.70110972348475,0.0
color_2,S10.color.2,high - high,Second report,167.73,10.6025756195685,0.0
color_2,S10.color.2,low - low,Second report,71.63,-26.8673902270321,0.0
color_2,S10.color.2,low - high,Second report,148.84,-3.03533265113419,0.0
color_2,S10.color.2,low - high,Second report,142.06,-33.8185986725527,0.0
color_2,S10.color.2,low - low,Second report,137.49,-14.8388762091736,0.0
color_2,S10.color.2,low - high,Second report,134.23,0.0497389057048299,0.0
color_2,S10.color.2,low - low,Second report,44.99,-3.14156534907913,0.0
color_2,S10.color.2,high - low,Second report,107.73,10.572574671328,0.0
color_2,S10.color.2,high - low,Second report,96.9600000000001,22.7103949429193,0.0
color_2,S10.color.2,low - low,Second report,173.48,-15.1374393695813,0.0
color_2,S10.color.2,high - high,Second report,173.57,61.0523657919975,1.0
color_2,S10.color.2,low - low,Second report,84.81,30.9933020625303,0.0
color_2,S10.color.2,low - high,Second report,179.0,2.74639118718533,0.0
color_2,S10.color.2,high - low,Second report,123.81,-8.02500981750738,0.0
color_2,S10.color.2,high - high,Second report,47.82,177.992841588888,1.0
color_2,S10.color.2,low - high,Second report,141.09,12.0963118530988,0.0
color_2,S10.color.2,low - high,Second report,58.0600000000001,-0.394532427611118,0.0
color_2,S10.color.2,high - high,Second report,2.21000000000002,0.671352323646431,0.0
color_2,S10.color.2,low - low,Second report,19.9,34.1519142980542,0.0
color_2,S10.color.2,high - low,Second report,86.88,-12.7686963259406,0.0
color_2,S10.color.2,high - low,Second report,49.47,3.94120147727103,0.0
color_2,S10.color.2,low - high,Second report,54.11,5.62745376515163,0.0
color_2,S10.color.2,low - low,Second report,178.67,-10.2695508006607,0.0
color_2,S10.color.2,low - high,Second report,42.5,-3.58736174312595,0.0
color_2,S10.color.2,low - low,Second report,35.59,0.845484737373737,0.0
color_2,S10.color.2,high - low,Second report,39.63,-10.6502633130299,0.0
color_2,S10.color.2,high - high,Second report,178.26,25.0057031074468,0.0
color_2,S10.color.2,low - low,Second report,45.42,12.4857272876837,0.0
color_2,S10.color.2,high - low,Second report,22.48,21.0364733197191,0.0
color_2,S10.color.2,high - high,Second report,10.84,34.7999194063372,0.0
color_2,S10.color.2,low - high,Second report,109.88,16.6773076020013,0.0
color_2,S10.color.2,low - high,Second report,177.04,10.8673842425844,0.0
color_2,S10.color.2,high - high,Second report,140.58,3.01811165018725,0.0
color_2,S10.color.2,low - low,Second report,32.49,17.4650560757799,0.0
color_2,S10.color.2,high - low,Second report,7.17000000000001,-9.66500324564436,0.0
color_2,S10.color.2,low - high,Second report,155.43,-3.41132954900306,0.0
color_2,S10.color.2,high - high,Second report,124.57,14.9151833400679,0.0
color_2,S10.color.2,high - high,Second report,22.39,-3.42014777356265,0.0
color_2,S10.color.2,high - high,Second report,141.35,-1.48067521133195,0.0
color_2,S10.color.2,low - low,Second report,144.02,-9.79214190770462,0.0
color_2,S10.color.2,high - high,Second report,73.52,17.9973249525237,0.0
color_2,S10.color.2,low - low,Second report,171.87,18.472626433477,0.0
color_2,S10.color.2,low - low,Second report,160.51,-2.15018521962045,0.0
color_2,S10.color.2,low - high,Second report,34.13,-4.66813545045197,0.0
color_2,S10.color.2,high - high,Second report,94.15,-7.18514882371005,0.0
color_2,S10.color.2,low - high,Second report,153.06,12.0001808605913,0.0
color_2,S10.color.2,high - low,Second report,130.69,3.71391914402056,0.0
color_2,S10.color.2,high - low,Second report,41.67,-15.4307739776386,0.0
color_2,S10.color.2,low - low,Second report,48.39,-17.979742912963,0.0
color_2,S10.color.2,low - low,Second report,134.08,18.1914705783736,0.0
color_2,S10.color.2,low - low,Second report,69.59,-26.5748803982969,0.0
color_2,S10.color.2,low - low,Second report,83.4,1.28083070884482,0.0
color_2,S10.color.2,high - low,Second report,159.12,-15.0990669337457,0.0
color_2,S10.color.2,low - high,Second report,102.84,1.7003975458876,0.0
color_2,S10.color.2,high - low,Second report,2.74000000000001,-13.3486172979419,0.0
color_2,S10.color.2,high - high,Second report,173.06,0.165437821902696,0.0
color_2,S10.color.2,high - low,Second report,30.79,24.6161782835266,0.0
color_2,S10.color.2,high - low,Second report,51.39,1.36251961763904,0.0
color_2,S10.color.2,low - low,Second report,88.1900000000001,-25.1747532957699,0.0
color_2,S10.color.2,low - high,Second report,106.77,9.54985666910907,0.0
color_2,S10.color.2,high - low,Second report,74.85,21.4249706006949,0.0
color_2,S10.color.2,low - high,Second report,65.03,-39.5535375367217,0.0
color_2,S10.color.2,low - high,Second report,55.12,7.65443487844844,0.0
color_2,S10.color.2,high - low,Second report,15.81,33.4594599386092,0.0
color_2,S10.color.2,low - high,Second report,20.06,3.44365998061047,0.0
color_2,S10.color.2,low - high,Second report,130.46,-4.92133843515802,0.0
color_2,S10.color.2,high - low,Second report,109.55,-32.815345364237,0.0
color_2,S10.color.2,low - high,Second report,166.44,-21.7951152829731,0.0
color_2,S10.color.2,high - high,Second report,27.3,-2.58363115807856,0.0
color_2,S10.color.2,low - high,Second report,170.17,45.6766375682939,0.0
color_2,S10.color.2,low - low,Second report,150.07,-0.672879155342139,0.0
color_2,S10.color.2,high - high,Second report,155.95,-0.212189435185815,0.0
color_2,S10.color.2,high - low,Second report,57.13,-20.0278496750698,0.0
color_2,S10.color.2,low - high,Second report,117.74,-23.0269688873945,0.0
color_2,S10.color.2,low - high,Second report,66.05,-0.135504755504442,0.0
color_2,S10.color.2,low - high,Second report,91.22,2.716172624261,0.0
color_2,S10.color.2,low - high,Second report,6.07999999999998,-26.1072384140048,0.0
color_2,S10.color.2,high - high,Second report,117.61,-24.0875820917717,0.0
color_2,S10.color.2,high - low,Second report,108.62,3.37267045949397,0.0
color_2,S10.color.2,high - high,Second report,107.27,37.4503684814756,0.0
color_2,S10.color.2,low - high,Second report,50.57,6.55044310731977,0.0
color_2,S10.color.2,low - low,Second report,119.04,-13.3344940774602,0.0
color_2,S10.color.2,high - high,Second report,128.21,27.3560882342467,0.0
color_2,S10.color.2,high - high,Second report,7.97999999999999,4.80254281433271,0.0
color_2,S10.color.2,high - low,Second report,175.1,6.27744545523511,0.0
color_2,S10.color.2,high - high,Second report,179.08,2.97833632040208,0.0
color_2,S10.color.2,low - high,Second report,34.88,1.54581863079359,0.0
color_2,S10.color.2,high - low,Second report,119.96,14.2969109908013,0.0
color_2,S10.color.2,high - high,Second report,103.12,17.5962961408642,0.0
color_2,S10.color.2,low - low,Second report,26.99,-10.9782583094999,0.0
color_2,S10.color.2,high - high,Second report,54.46,-22.0593458967685,0.0
color_2,S10.color.2,low - low,Second report,77.28,-15.1637553189934,0.0
color_2,S10.color.2,low - high,Second report,176.91,2.93090396298464,0.0
color_2,S10.color.2,high - high,Second report,152.66,4.1278875159774,0.0
color_2,S10.color.2,high - high,Second report,166.02,-3.91502460625562,0.0
color_2,S10.color.2,low - high,Second report,129.96,20.8793492328443,0.0
color_2,S10.color.2,low - low,Second report,114.73,3.1965282908896,0.0
color_2,S10.color.2,low - high,Second report,135.49,-14.8969677779349,0.0
color_2,S10.color.2,high - low,Second report,80.73,9.83067602088466,0.0
color_2,S10.color.2,low - high,Second report,7.94000000000002,-7.63788771217736,0.0
color_2,S10.color.2,high - low,Second report,179.03,1.23066472072347,0.0
color_2,S10.color.2,high - high,Second report,43.83,2.38615770255598,0.0
color_2,S10.color.2,low - high,Second report,76.95,-20.0257242959216,0.0
color_2,S10.color.2,high - high,Second report,39.24,8.37547405117877,0.0
color_2,S10.color.2,low - low,Second report,179.56,-18.8504628381959,0.0
color_2,S10.color.2,high - high,Second report,114.74,10.8587438411898,0.0
color_2,S10.color.2,low - high,Second report,3.54000000000001,8.50741446932765,0.0
color_2,S10.color.2,low - high,Second report,57.15,-86.7786854171738,1.0
color_2,S10.color.2,high - high,Second report,56.57,1.85591921140826,0.0
color_2,S10.color.2,high - high,Second report,65.27,-123.783745136313,1.0
color_2,S10.color.2,high - low,Second report,138.76,-16.4072614625516,0.0
color_2,S10.color.2,low - high,Second report,160.17,-46.2992550087194,0.0
color_2,S10.color.2,high - high,Second report,4.30999999999999,-5.28488135965788,0.0
color_2,S10.color.2,low - low,Second report,66.21,-6.14775277910353,0.0
color_2,S10.color.2,high - high,Second report,145.42,11.4446088290384,0.0
color_2,S10.color.2,high - high,Second report,94.77,24.1503203248154,0.0
color_2,S10.color.2,high - high,Second report,75.6899999999999,-3.38392042306883,0.0
color_2,S10.color.2,low - low,Second report,113.31,-13.1901909752402,0.0
color_2,S10.color.2,high - high,Second report,77.73,-10.2942111571775,0.0
color_2,S10.color.2,low - low,Second report,57.7,-1.11297027685449,0.0
color_2,S10.color.2,high - low,Second report,7.43,9.43189430839169,0.0
color_2,S10.color.2,low - low,Second report,61.61,-30.8018771263088,0.0
color_2,S10.color.2,high - low,Second report,61.2,-0.153945635532793,0.0
color_2,S10.color.2,high - low,Second report,89.53,82.7778819687572,1.0
color_2,S10.color.2,low - low,Second report,13.86,-3.79313704287054,0.0
color_2,S10.color.2,low - high,Second report,38.22,0.439920357090252,0.0
color_2,S10.color.2,high - high,Second report,104.43,42.384633405579,0.0
color_2,S10.color.2,low - low,Second report,136.62,2.85465851424707,0.0
color_2,S10.color.2,high - low,Second report,174.06,10.2545321417125,0.0
color_2,S10.color.2,high - low,Second report,0.63999999999996,-11.9118880404101,0.0
color_2,S10.color.2,low - low,Second report,126.04,7.02585831496928,0.0
color_2,S10.color.2,low - low,Second report,1.34999999999999,12.0990561798454,0.0
color_2,S10.color.2,high - low,Second report,115.37,27.2990610258306,0.0
color_2,S10.color.2,low - low,Second report,100.43,12.0754488540432,0.0
color_2,S10.color.2,low - low,Second report,95.81,1.96091424192093,0.0
color_2,S10.color.2,high - low,Second report,76.76,24.3544896133604,0.0
color_2,S10.color.2,low - low,Second report,172.54,-22.1177640158196,0.0
color_2,S10.color.2,high - low,Second report,154.94,-6.36374354048398,0.0
color_2,S10.color.2,high - low,Second report,167.55,9.84662343756521,0.0
color_2,S10.color.2,low - low,Second report,15.98,19.0559370229905,0.0
color_2,S10.color.2,low - high,Second report,138.12,33.2035442948454,0.0
color_2,S10.color.2,low - high,Second report,0.839999999999999,-5.83942029630018,0.0
color_2,S10.color.2,high - low,Second report,34.8,0.0415020653325477,0.0
color_2,S10.color.2,low - low,Second report,163.02,6.06706625200165,0.0
color_2,S10.color.2,low - high,Second report,90.1,0.220730719063806,0.0
color_2,S10.color.2,high - low,Second report,137.13,4.55846214706379,0.0
color_2,S10.color.2,low - low,Second report,151.62,-67.2964838872586,1.0
color_2,S10.color.2,low - high,Second report,147.28,-14.3711141475192,0.0
color_2,S10.color.2,low - low,Second report,85.4,-1.28490396795361,0.0
color_2,S10.color.2,low - low,Second report,117.53,-40.8979997847282,0.0
color_2,S10.color.2,high - high,Second report,25.16,-11.9119460960552,0.0
color_2,S10.color.2,low - high,Second report,96.62,-7.55155303454324,0.0
color_2,S10.color.2,low - high,Second report,124.96,6.96104723524842,0.0
color_2,S10.color.2,high - high,Second report,133.07,2.07732109409657,0.0
color_2,S10.color.2,low - low,Second report,38.72,12.4295167971696,0.0
color_2,S10.color.2,high - high,Second report,53.54,51.3476852695323,0.0
color_2,S10.color.2,low - high,Second report,82.7,-0.793999841932975,0.0
color_2,S10.color.2,low - low,Second report,9.56999999999999,54.5874855067044,1.0
color_2,S10.color.2,high - high,Second report,161.97,-6.29416307599985,0.0
color_2,S10.color.2,high - low,Second report,99.76,34.0594467680227,0.0
color_2,S10.color.2,high - low,Second report,96.94,4.62181975907811,0.0
color_2,S10.color.2,low - high,Second report,22.59,-15.5663726257297,0.0
color_2,S10.color.2,high - low,Second report,71.52,8.15935154408815,0.0
color_2,S10.color.2,high - low,Second report,163.04,38.6047484496093,0.0
color_2,S10.color.2,high - high,Second report,20.17,-23.796412306893,0.0
color_2,S10.color.2,high - low,Second report,146.63,0.487689725454825,0.0
color_2,S10.color.2,low - low,Second report,0.750000000000004,-17.3806881310254,0.0
color_2,S10.color.2,high - high,Second report,62.59,-6.71090368838221,0.0
color_2,S10.color.2,high - low,Second report,133.81,-12.8349243781231,0.0
color_2,S10.color.2,low - low,Second report,5.85999999999994,1.09559770406563,0.0
color_2,S10.color.2,high - low,Second report,31.97,53.3504422970854,1.0
color_2,S10.color.2,high - high,Second report,52.04,-13.1573928469013,0.0
color_2,S10.color.2,high - high,Second report,52.38,-14.1215826774368,0.0
color_2,S10.color.2,high - high,Second report,165.62,-12.2994779012828,0.0
color_2,S10.color.2,high - low,Second report,121.1,11.2483535643588,0.0
color_2,S10.color.2,low - low,Second report,8.39999999999999,-13.3737183073156,0.0
color_2,S10.color.2,high - high,Second report,29.92,22.1320559632362,0.0
color_2,S10.color.2,high - high,Second report,2.09999999999997,24.5681194524796,0.0
color_2,S10.color.2,high - low,Second report,33.74,12.1343050457364,0.0
color_2,S10.color.2,low - high,Second report,83.82,-14.6458428948674,0.0
color_2,S10.color.2,low - high,Second report,145.6,30.960409046587,0.0
color_2,S10.color.2,low - low,Second report,72.67,5.99048206168527,0.0
color_2,S10.color.2,low - low,Second report,166.7,16.8775727870248,0.0
color_2,S10.color.2,low - high,Second report,113.78,2.50560156593759,0.0
color_2,S10.color.2,high - low,Second report,74.87,1.39155258112124,0.0
color_2,S10.color.2,low - low,Second report,40.42,2.22763740065404,0.0
color_2,S10.color.2,low - high,Second report,120.34,1.59196067652515,0.0
color_2,S10.color.2,high - low,Second report,161.41,-20.2854652266743,0.0
color_2,S10.color.2,high - high,Second report,74.89,11.6826626527063,0.0
color_2,S10.color.2,high - low,Second report,178.88,-42.2810174249037,0.0
color_2,S10.color.2,low - low,Second report,111.24,7.47633280310572,0.0
color_2,S10.color.2,high - low,Second report,58.41,7.53677510686489,0.0
color_2,S10.color.2,low - high,Second report,11.87,-42.4312658785389,0.0
color_2,S10.color.2,low - high,Second report,62.83,10.7960967088184,0.0
color_2,S10.color.2,low - high,Second report,74.41,-13.270433797305,0.0
color_2,S10.color.2,low - low,Second report,132.69,-15.4221628453056,0.0
color_2,S10.color.2,low - low,Second report,117.12,16.1344766142387,0.0
color_2,S10.color.2,low - high,Second report,12.88,31.4100368777321,0.0
color_2,S10.color.2,low - low,Second report,151.82,24.6806380030028,0.0
color_2,S10.color.2,high - low,Second report,98.33,0.97035081213119,0.0
color_2,S10.color.2,high - low,Second report,103.53,15.4828531640772,0.0
color_2,S10.color.2,high - high,Second report,164.0,93.814398829922,1.0
color_2,S10.color.2,low - high,Second report,106.47,-8.95180745285447,0.0
color_2,S10.color.2,high - low,Second report,51.2800000000001,41.3438972437568,0.0
color_2,S10.color.2,high - low,Second report,1.67,14.0671303421166,0.0
color_2,S10.color.2,low - low,Second report,26.54,16.1578916677833,0.0
color_2,S10.color.2,high - low,Second report,35.34,13.6828401228698,0.0
color_2,S10.color.2,high - low,Second report,125.64,14.0280671024134,0.0
color_2,S10.color.2,low - low,Second report,58.73,-27.2426307234202,0.0
color_2,S10.color.2,low - low,Second report,138.17,-9.0141317908197,0.0
color_2,S10.color.2,high - high,Second report,98.85,28.6585703978833,0.0
color_2,S10.color.2,high - low,Second report,179.41,31.040620436905,0.0
color_2,S10.color.2,high - high,Second report,107.84,-8.55959476441232,0.0
color_2,S10.color.2,low - high,Second report,63.69,57.9238021064503,0.0
color_2,S10.color.2,high - high,Second report,157.07,20.2185405505301,0.0
color_2,S10.color.2,low - high,Second report,33.49,-2.22887411882287,0.0
color_2,S10.color.2,low - low,Second report,98.09,7.85364373134638,0.0
color_2,S10.color.2,low - high,Second report,0.949999999999992,13.6958439776318,0.0
color_2,S10.color.2,low - low,Second report,46.05,-26.7608730664859,0.0
color_2,S10.color.2,high - high,Second report,143.0,27.0931622284218,0.0
color_2,S10.color.2,low - high,Second report,134.82,17.1605942838534,0.0
color_2,S10.color.2,low - low,Second report,122.61,4.77612294116545,0.0
color_2,S10.color.2,high - high,Second report,151.47,-22.696537478667,0.0
color_2,S10.color.2,high - low,Second report,65.19,-23.7869736566986,0.0
color_2,S10.color.2,low - high,Second report,82.26,41.144134893814,0.0
color_2,S10.color.2,high - high,Second report,4.86,0.134758344697443,0.0
color_2,S10.color.2,high - high,Second report,99.67,-0.0249527215689334,0.0
color_2,S10.color.2,high - high,Second report,42.3800000000001,-4.85024026372364,0.0
color_2,S10.color.2,high - low,Second report,135.05,0.825516607865296,0.0
color_2,S10.color.2,low - low,Second report,71.61,3.86662384025171,0.0
color_2,S10.color.2,high - low,Second report,164.2,18.6855458538298,0.0
color_2,S10.color.2,high - low,Second report,120.82,47.2926049587306,0.0
color_2,S10.color.2,low - high,Second report,174.04,49.8080977389233,0.0
color_2,S10.color.2,low - high,Second report,127.02,-19.7019265703209,0.0
color_2,S10.color.2,high - low,Second report,4.27000000000001,-19.0668341124418,0.0
color_2,S10.color.2,low - low,Second report,78.75,4.56764160797345,0.0
color_2,S10.color.2,low - high,Second report,178.67,-13.9066953835327,0.0
color_2,S10.color.2,high - low,Second report,94.77,-8.72310833639258,0.0
color_2,S10.color.2,low - low,Second report,3.25,4.25070345930215,0.0
color_2,S10.color.2,low - low,Second report,58.57,10.8300761022705,0.0
color_2,S10.color.2,low - high,Second report,177.92,-20.1408898517066,0.0
color_2,S10.color.2,high - high,Second report,23.96,16.2180255033413,0.0
color_2,S10.color.2,low - low,Second report,114.91,14.7628930668693,0.0
color_2,S10.color.2,low - high,Second report,45.81,-9.82816591135448,0.0
color_2,S10.color.2,low - low,Second report,42.45,-16.7611039204218,0.0
color_2,S10.color.2,high - low,Second report,140.07,9.40525537279444,0.0
color_2,S10.color.2,high - high,Second report,139.06,15.0257175156403,0.0
color_2,S10.color.2,low - high,Second report,15.04,8.79701335304319,0.0
color_2,S10.color.2,low - high,Second report,94.84,18.2760113998802,0.0
color_2,S10.color.2,high - low,Second report,83.05,-4.89262386509602,0.0
color_2,S10.color.2,high - high,Second report,123.77,-39.5644853471582,0.0
color_2,S10.color.2,low - low,Second report,22.7,-13.3462646502861,0.0
color_2,S10.color.2,low - high,Second report,136.15,-15.5564760360084,0.0
color_2,S10.color.2,high - low,Second report,46.73,-8.36525620975965,0.0
color_2,S10.color.2,high - high,Second report,71.02,43.9706001102676,0.0
color_2,S10.color.2,low - low,Second report,154.08,6.25694310643864,0.0
color_2,S10.color.2,high - high,Second report,43.17,18.6980400340519,0.0
color_2,S10.color.2,high - high,Second report,133.25,2.18956017781063,0.0
color_2,S10.color.2,low - low,Second report,86.96,2.25823973807979,0.0
color_2,S10.color.2,low - high,Second report,102.49,2.56744816088249,0.0
color_2,S10.color.2,high - low,Second report,58.4,6.26907526877466,0.0
color_2,S10.color.2,low - low,Second report,159.05,9.3785453768188,0.0
color_2,S10.color.2,low - low,Second report,177.5,-0.968874535464522,0.0
color_2,S10.color.2,high - high,Second report,25.9800000000001,24.3344216271215,0.0
color_2,S10.color.2,high - low,Second report,171.06,-26.842519034006,0.0
color_2,S10.color.2,low - low,Second report,131.25,5.90170304694234,0.0
color_2,S10.color.2,low - low,Second report,82.33,-19.0574550982422,0.0
color_2,S10.color.2,low - high,Second report,139.41,71.0942046359504,1.0
color_2,S10.color.2,low - low,Second report,17.64,1.91496078781231,0.0
color_2,S10.color.2,high - high,Second report,63.54,9.02538089798174,0.0
color_2,S10.color.2,high - high,Second report,147.29,55.4625479101755,1.0
color_2,S10.color.2,high - high,Second report,85.59,68.8577349722631,1.0
color_2,S10.color.2,high - low,Second report,131.84,6.40601174825061,0.0
color_2,S10.color.2,high - low,Second report,15.62,14.9870103529395,0.0
color_2,S10.color.2,high - high,Second report,76.38,1.66522683553938,0.0
color_2,S10.color.2,high - high,Second report,93.97,21.0084273059816,0.0
color_2,S10.color.2,low - low,Second report,25.39,-11.2828520135329,0.0
color_2,S10.color.2,high - high,Second report,105.04,-6.31074938428077,0.0
color_2,S10.color.2,high - low,Second report,9.09000000000005,-8.98731516541896,0.0
color_2,S10.color.2,low - high,Second report,164.6,-11.6990683380512,0.0
color_2,S10.color.2,low - high,Second report,41.81,-29.8392094461509,0.0
color_2,S10.color.2,high - high,Second report,179.24,-1.82524670423015,0.0
color_2,S10.color.2,low - low,Second report,94.19,2.24766619532455,0.0
color_2,S10.color.2,high - low,Second report,77.16,-10.1787274898138,0.0
color_2,S10.color.2,high - low,Second report,168.9,-1.24753056742183,0.0
color_2,S10.color.2,high - low,Second report,153.85,-12.9083340836252,0.0
color_2,S10.color.2,high - high,Second report,125.18,-0.493075382659609,0.0
color_2,S10.color.2,high - low,Second report,146.55,-27.088882517322,0.0
color_2,S10.color.2,high - low,Second report,110.42,-12.0558041864603,0.0
color_2,S10.color.2,low - low,Second report,98.91,-56.8049056453448,0.0
color_2,S10.color.2,high - high,Second report,21.97,6.28955495820665,0.0
color_2,S10.color.2,low - low,Second report,178.36,4.36186271584351,0.0
color_2,S10.color.2,low - high,Second report,2.19000000000002,-10.4399565287887,0.0
color_2,S10.color.2,low - high,Second report,87.81,-12.734589987157,0.0
color_2,S10.color.2,low - high,Second report,174.7,0.826335869089878,0.0
color_2,S10.color.2,low - high,Second report,21.15,-15.9322914707471,0.0
color_2,S10.color.2,low - high,Second report,42.27,1.86226666967258,0.0
color_2,S10.color.2,high - high,Second report,9.28000000000001,-5.99807367820767,0.0
color_2,S10.color.2,high - low,Second report,18.55,16.8782632334682,0.0
color_2,S10.color.2,low - high,Second report,157.45,-38.5466754133715,0.0
color_2,S10.color.2,low - low,Second report,3.95999999999998,24.8784246992298,0.0
color_2,S10.color.2,low - high,Second report,96.74,4.28314040881257,0.0
color_2,S10.color.2,high - low,Second report,113.33,32.5666844109091,0.0
color_2,S10.color.2,low - low,Second report,168.87,46.7744670069931,0.0
color_2,S10.color.2,high - high,Second report,165.65,-15.4076893347077,0.0
color_2,S10.color.2,high - low,Second report,13.4,-13.8868242775379,0.0
color_2,S10.color.2,low - high,Second report,154.82,15.697332116402,0.0
color_2,S10.color.2,low - low,Second report,161.45,13.4068204546791,0.0
color_2,S10.color.2,low - high,Second report,71.5600000000001,14.1899855286031,0.0
color_2,S10.color.2,high - high,Second report,119.36,-11.376978404104,0.0
color_2,S10.color.2,high - low,Second report,36.27,-9.22520102798863,0.0
color_2,S10.color.2,high - high,Second report,176.85,-2.03533795779828,0.0
color_2,S10.color.2,low - high,Second report,115.44,-3.70099951979165,0.0
color_2,S10.color.2,high - high,Second report,14.96,14.386014172754,0.0
color_2,S10.color.2,low - low,Second report,140.77,14.6347964945952,0.0
color_2,S10.color.2,low - high,Second report,30.94,13.0085449299226,0.0
color_2,S10.color.2,low - low,Second report,46.55,2.67444185424836,0.0
color_2,S10.color.2,low - high,Second report,48.99,-7.57840558265579,0.0
color_2,S10.color.2,high - low,Second report,87.56,-9.06111744711434,0.0
color_2,S10.color.2,high - high,Second report,57.58,-10.0934460631641,0.0
color_2,S10.color.2,high - high,Second report,79.47,20.6689854713036,0.0
color_2,S10.color.2,low - low,Second report,63.97,3.11308789095284,0.0
color_2,S10.color.2,high - low,Second report,165.13,-25.6271886386902,0.0
color_2,S10.color.2,low - high,Second report,179.99,31.2864037214632,0.0
color_2,S10.color.2,high - low,Second report,38.35,-4.52890571748428,0.0
color_2,S10.color.2,low - high,Second report,102.04,4.65504614013545,0.0
color_2,S10.color.2,low - low,Second report,154.06,-13.4008200857573,0.0
color_2,S10.color.2,low - low,Second report,156.63,10.7212418460755,0.0
color_2,S10.color.2,high - high,Second report,16.36,10.5069246173404,0.0
color_2,S10.color.2,low - high,Second report,94.47,0.695936111910564,0.0
color_2,S10.color.2,high - high,Second report,39.11,-27.1003340264272,0.0
color_2,S10.color.2,low - low,Second report,35.41,-8.26657959195448,0.0
color_2,S10.color.2,low - low,Second report,165.49,4.21903800854027,0.0
color_2,S10.color.2,low - low,Second report,127.58,12.6604855452276,0.0
color_2,S10.color.2,high - high,Second report,12.89,-0.0635806116796247,0.0
color_2,S10.color.2,high - high,Second report,54.0100000000001,-7.80701257619482,0.0
color_2,S10.color.2,low - low,Second report,82.83,4.86855698781232,0.0
color_2,S10.color.2,low - high,Second report,129.76,-11.9079368021739,0.0
color_2,S10.color.2,high - high,Second report,109.69,-25.6607505611824,0.0
color_2,S10.color.2,high - low,Second report,63.07,-10.0679366255815,0.0
color_2,S10.color.2,low - high,Second report,153.82,-11.1950334994842,0.0
color_2,S10.color.2,low - low,Second report,125.37,11.4464816687991,0.0
color_2,S10.color.2,high - high,Second report,17.41,59.1517448144375,1.0
color_2,S10.color.2,low - high,Second report,88.76,-17.812365518118,0.0
color_2,S10.color.2,high - high,Second report,79.01,-1.42905970983559,0.0
color_2,S10.color.2,low - low,Second report,2.17000000000002,8.87128957624617,0.0
color_2,S10.color.2,high - high,Second report,127.77,22.4272091298174,0.0
color_2,S10.color.2,low - low,Second report,96.99,-10.5798180063289,0.0
color_2,S10.color.2,low - low,Second report,58.51,-6.95943013200278,0.0
color_2,S10.color.2,low - high,Second report,7.75,7.31077928165214,0.0
color_2,S10.color.2,high - low,Second report,109.94,-13.3148213617684,0.0
color_2,S10.color.2,high - high,Second report,71.22,6.27374687782158,0.0
color_2,S10.color.2,high - high,Second report,176.02,4.30821175313888,0.0
color_2,S10.color.2,high - high,Second report,120.04,-0.251817119356829,0.0
color_2,S10.color.2,high - high,Second report,63.44,31.5417312592463,0.0
color_2,S10.color.2,low - high,Second report,105.77,8.77535018530373,0.0
color_2,S10.color.2,high - low,Second report,84.72,-5.04356783836465,0.0
color_2,S10.color.2,low - low,Second report,29.4300000000001,-3.88269069805527,0.0
color_2,S10.color.2,low - low,Second report,68.5,3.35670944469659,0.0
color_2,S10.color.2,high - high,Second report,7.02,1.3963660060102,0.0
color_2,S10.color.2,high - high,Second report,46.97,10.1680665170985,0.0
color_2,S10.color.2,low - low,Second report,13.57,1.89219939950164,0.0
color_2,S10.color.2,low - low,Second report,17.59,0.242939632334885,0.0
color_2,S10.color.2,low - low,Second report,101.02,2.89261441728243,0.0
color_2,S10.color.2,high - high,Second report,152.13,-125.236102949771,1.0
color_2,S10.color.2,low - high,Second report,3.91000000000001,23.2039616549281,0.0
color_2,S10.color.2,low - high,Second report,152.5,7.16650366918822,0.0
color_2,S10.color.2,high - low,Second report,73.63,31.3917277331503,0.0
color_2,S10.color.2,high - high,Second report,139.91,8.46458820797941,0.0
color_2,S10.color.2,low - high,Second report,28.02,11.1124378545209,0.0
color_2,S10.color.2,high - high,Second report,162.1,-10.8760724234489,0.0
color_2,S10.color.2,low - high,Second report,4.21999999999999,4.23816488842742,0.0
color_2,S10.color.2,low - high,Second report,109.22,-2.12024073560097,0.0
color_2,S10.color.2,low - high,Second report,172.56,-16.5009599582904,0.0
color_2,S10.color.2,low - low,Second report,82.66,-12.4987831648093,0.0
color_2,S10.color.2,high - high,Second report,74.6600000000001,15.9586841167522,0.0
color_2,S10.color.2,high - low,Second report,80.02,-42.3190333502964,0.0
color_2,S10.color.2,high - low,Second report,153.43,-19.4803747336056,0.0
color_2,S10.color.2,low - high,Second report,171.56,23.4784385801506,0.0
color_2,S10.color.2,high - high,Second report,102.68,-0.505351768758489,0.0
color_2,S10.color.2,high - low,Second report,131.46,-13.03542336497,0.0
color_2,S10.color.2,low - high,Second report,118.27,16.7189275825892,0.0
color_2,S10.color.2,high - low,Second report,117.1,16.9755424779305,0.0
color_2,S10.color.2,high - low,Second report,22.37,37.1126510424288,0.0
color_2,S10.color.2,low - low,Second report,120.06,-3.23290339240404,0.0
color_2,S10.color.2,high - high,Second report,89.03,-19.7102603441246,0.0
color_2,S10.color.2,high - low,Second report,26.82,11.441914398965,0.0
color_2,S10.color.2,low - high,Second report,79.4,-14.9819648865094,0.0
color_2,S10.color.2,high - high,Second report,27.39,31.8935311314119,0.0
color_2,S10.color.2,low - high,Second report,70.37,-2.20410519777212,0.0
color_2,S10.color.2,high - low,Second report,52.36,12.6555317677503,0.0
color_2,S10.color.2,high - high,Second report,80.29,-19.1262121052719,0.0
color_2,S10.color.2,high - high,Second report,161.8,80.4247434484778,1.0
color_2,S10.color.2,high - high,Second report,129.58,-2.91870869062909,0.0
color_2,S10.color.2,low - high,Second report,175.83,-0.699405284292494,0.0
color_2,S10.color.2,low - low,Second report,72.95,-5.26657959195447,0.0
color_2,S10.color.2,low - low,Second report,179.39,31.2873301833378,0.0
color_2,S10.color.2,high - high,Second report,114.6,6.04442897995197,0.0
color_2,S10.color.2,high - high,Second report,171.01,12.5904816831936,0.0
color_2,S10.color.2,high - low,Second report,139.14,23.6271032040491,0.0
color_2,S10.color.2,high - high,Second report,178.07,-62.7280128542065,1.0
color_2,S10.color.2,low - low,Second report,46.23,14.3586320139106,0.0
color_2,S10.color.2,high - low,Second report,154.56,8.03679285290957,0.0
color_2,S10.color.2,high - low,Second report,73.1499999999999,38.8062109087982,0.0
color_2,S10.color.2,low - low,Second report,85.51,-17.1225175923118,0.0
color_2,S10.color.2,high - low,Second report,10.43,5.81757224930646,0.0
color_2,S10.color.2,low - high,Second report,84.43,31.4998015270992,0.0
color_2,S10.color.2,high - low,Second report,165.51,1.69904110452191,0.0
color_2,S10.color.2,low - high,Second report,128.83,23.1317276046399,0.0
color_2,S10.color.2,low - high,Second report,29.69,-2.70055142717762,0.0
color_2,S10.color.2,high - high,Second report,32.04,17.6366320980114,0.0
color_2,S10.color.2,high - low,Second report,158.71,-18.2949373394879,0.0
color_2,S10.color.2,high - low,Second report,106.44,24.5747155518315,0.0
color_2,S10.color.2,high - high,Second report,151.86,0.764931011575685,0.0
color_2,S10.color.2,high - high,Second report,0.91000000000002,13.9942711624036,0.0
color_2,S10.color.2,high - low,Second report,44.41,57.263068722281,1.0
color_2,S10.color.2,low - high,Second report,12.94,37.3125660064789,0.0
color_2,S10.color.2,low - low,Second report,93.14,-5.26529784086716,0.0
color_2,S10.color.2,high - low,Second report,162.15,32.2824164910571,0.0
color_2,S10.color.2,high - high,Second report,137.05,41.8257918950272,0.0
color_2,S10.color.2,low - low,Second report,136.03,15.9092247268649,0.0
color_2,S10.color.2,low - low,Second report,113.2,14.1801591951713,0.0
color_2,S10.color.2,low - low,Second report,5.39999999999997,17.1928279832681,0.0
color_2,S10.color.2,high - low,Second report,89.96,10.7704453578646,0.0
color_2,S10.color.2,high - high,Second report,97.01,-33.9883228482759,0.0
color_2,S10.color.2,low - low,Second report,175.37,17.6196827954428,0.0
color_2,S10.color.2,low - high,Second report,156.31,13.107376134904,0.0
color_2,S10.color.2,low - high,Second report,23.47,13.9763543265219,0.0
color_2,S10.color.2,high - low,Second report,4.77000000000001,9.53096879394904,0.0
color_2,S10.color.2,low - low,Second report,155.64,-7.40495520897275,0.0
color_2,S10.color.2,high - low,Second report,116.65,-49.683140985123,0.0
color_2,S10.color.2,high - high,Second report,174.38,-6.13366521710479,0.0
color_2,S10.color.2,high - high,Second report,2.88000000000002,1.89042310437731,0.0
color_2,S10.color.2,low - low,Second report,32.24,-23.857814497545,0.0
color_2,S10.color.2,high - low,Second report,60.43,-24.5234805947525,0.0
color_2,S10.color.2,high - low,Second report,8.30999999999999,21.2838417365964,0.0
color_2,S10.color.2,low - high,Second report,138.88,15.5177790792152,0.0
color_2,S10.color.2,low - low,Second report,170.66,-26.8315521187444,0.0
color_2,S10.color.2,high - low,Second report,30.73,31.8264116336483,0.0
color_2,S10.color.2,low - high,Second report,61.71,23.448731332734,0.0
color_2,S10.color.2,low - high,Second report,161.6,-40.8888174097158,0.0
color_2,S10.color.2,low - high,Second report,61.76,-47.7102364732873,0.0
color_2,S10.color.2,low - low,Second report,54.53,28.7801497703047,0.0
color_2,S10.color.2,low - high,Second report,44.11,18.7060538096009,0.0
color_2,S10.color.2,high - high,Second report,56.3600000000001,-9.53491121506729,0.0
color_2,S10.color.2,low - high,Second report,15.33,10.3813966641355,0.0
color_2,S10.color.2,high - low,Second report,16.43,3.43868073015846,0.0
color_2,S10.color.2,low - low,Second report,108.19,20.0287786357114,0.0
color_2,S10.color.2,high - high,Second report,115.57,31.3475706293131,0.0
color_2,S10.color.2,low - high,Second report,102.11,3.41002159807408,0.0
color_2,S10.color.2,low - high,Second report,44.29,-12.8198932628868,0.0
color_2,S10.color.2,high - high,Second report,41.12,4.49955461723636,0.0
color_2,S10.color.2,high - low,Second report,99.23,21.6142331841558,0.0
color_2,S10.color.2,low - low,Second report,151.09,-4.82459306943114,0.0
color_2,S10.color.2,high - low,Second report,178.88,-20.1218937070615,0.0
color_2,S10.color.2,high - high,Second report,92.42,-8.08008928972079,0.0
color_2,S10.color.2,high - low,Second report,0.559999999999965,-9.6078509260719,0.0
color_2,S10.color.2,low - low,Second report,22.12,16.0326948954094,0.0
color_2,S10.color.2,high - low,Second report,95.78,31.8270568293133,0.0
color_2,S10.color.2,low - high,Second report,74.99,6.53533263645302,0.0
color_2,S10.color.2,high - low,Second report,45.58,42.5772950547593,0.0
color_2,S10.color.2,high - low,Second report,90.64,26.7526858629325,0.0
color_2,S10.color.2,high - low,Second report,136.4,14.6367259863098,0.0
color_2,S10.color.2,low - low,Second report,3.14000000000001,5.51967944955204,0.0
color_2,S10.color.2,low - high,Second report,118.3,-26.6138441356807,0.0
color_2,S10.color.2,low - low,Second report,36.02,-4.91092661926745,0.0
color_2,S10.color.2,low - low,Second report,137.93,-2.2669270998828,0.0
color_2,S10.color.2,low - high,Second report,46.31,23.0114979473241,0.0
color_2,S10.color.2,low - high,Second report,143.56,-16.1790686774863,0.0
color_2,S10.color.2,low - high,Second report,54.08,-3.94937823904744,0.0
color_2,S10.color.2,high - low,Second report,134.28,10.9401065937033,0.0
color_2,S10.color.2,high - low,Second report,179.34,-16.4608844313253,0.0
color_2,S10.color.2,low - low,Second report,124.48,-11.9780915764353,0.0
color_2,S10.color.2,high - low,Second report,91.51,-4.74929654069785,0.0
color_2,S10.color.2,high - high,Second report,60.34,-27.8717228087145,0.0
color_2,S10.color.2,low - high,Second report,106.64,-9.10903154011738,0.0
color_2,S10.color.2,low - high,Second report,95.45,33.2001766617393,0.0
color_2,S10.color.2,low - low,Second report,91.3,2.112345296516,0.0
color_2,S10.color.2,high - low,Second report,125.68,0.948410295456295,0.0
color_2,S10.color.2,low - low,Second report,68.62,-11.7390350111723,0.0
color_2,S10.color.2,low - high,Second report,105.89,-19.5860448842826,0.0
color_2,S10.color.2,high - high,Second report,51.34,-8.89152139156707,0.0
color_2,S10.color.2,low - high,Second report,134.68,-28.0193404458882,0.0
color_2,S10.color.2,low - high,Second report,89.82,15.1130459988153,0.0
color_2,S10.color.2,low - low,Second report,162.73,22.1688051502089,0.0
color_2,S10.color.2,low - high,Second report,165.21,19.8291340566612,0.0
color_2,S10.color.2,high - high,Second report,110.0,5.07032663965607,0.0
color_2,S10.color.2,high - low,Second report,154.38,-1.94292566426232,0.0
color_2,S10.color.2,high - low,Second report,165.02,18.5298292249721,0.0
color_2,S10.color.2,high - low,Second report,118.74,68.0579344508487,1.0
color_2,S10.color.2,high - high,Second report,0.190000000000014,-16.4554900330889,0.0
color_2,S10.color.2,low - low,Second report,131.29,-16.6910620952334,0.0
color_2,S10.color.2,high - high,Second report,152.76,-28.4170308308877,0.0
color_2,S10.color.2,low - high,Second report,177.14,-34.1130095047768,0.0
color_2,S10.color.2,high - high,Second report,140.25,-3.95483741337262,0.0
color_2,S10.color.2,high - low,Second report,14.31,20.663244281724,0.0
color_2,S10.color.2,low - high,Second report,119.64,2.19129014187624,0.0
color_2,S10.color.2,low - high,Second report,72.52,9.33654473202385,0.0
color_2,S10.color.2,low - low,Second report,28.05,-9.61924678757445,0.0
color_2,S10.color.2,low - high,Second report,135.14,-38.8737204522772,0.0
color_2,S10.color.2,high - low,Second report,46.72,20.4912700587959,0.0
color_2,S10.color.2,low - low,Second report,14.87,19.1919022610773,0.0
color_2,S10.color.2,high - high,Second report,85.79,18.7980420443531,0.0
color_2,S10.color.2,high - low,Second report,108.86,-0.519631132675649,0.0
color_2,S10.color.2,low - low,Second report,107.37,9.50569881027749,0.0
color_2,S10.color.2,low - high,Second report,160.1,-38.421219831597,0.0
color_2,S10.color.2,low - high,Second report,77.8,-11.2605271390283,0.0
color_2,S10.color.2,high - high,Second report,124.25,-5.46388146038302,0.0
color_2,S10.color.2,high - high,Second report,147.16,12.8548977706032,0.0
color_2,S10.color.2,high - low,Second report,21.53,1.90606413354548,0.0
color_2,S10.color.2,high - low,Second report,72.09,-5.23031814565636,0.0
color_2,S10.color.2,high - low,Second report,137.34,-20.4165614638491,0.0
color_2,S10.color.2,high - high,Second report,15.68,-4.47744293427784,0.0
color_2,S10.color.2,low - high,Second report,34.5,12.5078985205138,0.0
color_2,S10.color.2,low - low,Second report,13.58,-18.2547296179681,0.0
color_2,S10.color.2,low - low,Second report,79.29,5.08525231384415,0.0
color_2,S10.color.2,low - high,Second report,3.69,-19.6284843868512,0.0
color_2,S10.color.2,high - high,Second report,0.469999999999996,30.9554305984982,0.0
color_2,S10.color.2,high - low,Second report,174.22,33.4984731381018,0.0
color_2,S10.color.2,high - low,Second report,1.40999999999996,18.2935095232888,0.0
color_2,S10.color.2,low - high,Second report,99.71,69.2748901599583,1.0
color_2,S10.color.2,high - low,Second report,163.07,-1.99188273313817,0.0
color_2,S10.color.2,high - low,Second report,121.58,19.3453459034014,0.0
color_2,S10.color.2,high - low,Second report,84.59,5.85544179014612,0.0
color_2,S10.color.2,low - low,Second report,79.27,-18.3741492887544,0.0
color_2,S10.color.2,high - low,Second report,79.28,20.0705555157408,0.0
color_2,S10.color.2,low - low,Second report,42.69,1.782342539247,0.0
color_2,S10.color.2,low - high,Second report,7.97000000000001,-11.4102907339421,0.0
color_2,S10.color.2,low - low,Second report,2.88,3.6320158963868,0.0
color_2,S10.color.2,low - low,Second report,97.62,-22.9988307637143,0.0
color_2,S10.color.2,low - low,Second report,61.04,-43.6326594314893,0.0
color_2,S10.color.2,high - low,Second report,113.57,-0.367414667395008,0.0
color_2,S10.color.2,high - low,Second report,140.71,11.3397471281305,0.0
color_2,S10.color.2,low - high,Second report,50.29,-32.0512427719682,0.0
color_2,S10.color.2,high - low,Second report,40.29,-10.8268017834264,0.0
color_2,S10.color.2,high - high,Second report,79.4200000000001,-4.73391753132642,0.0
color_2,S10.color.2,high - high,Second report,7.53999999999999,-32.1382645279112,0.0
color_2,S10.color.2,high - high,Second report,43.81,8.76580209261227,0.0
color_2,S10.color.2,low - high,Second report,0.410000000000076,-59.1221813994122,1.0
color_2,S10.color.2,low - high,Second report,6.50999999999998,0.437196778196595,0.0
color_2,S10.color.2,high - high,Second report,133.5,12.8340355311992,0.0
color_2,S10.color.2,low - high,Second report,128.64,7.6620955259127,0.0
color_2,S10.color.2,high - high,Second report,117.68,11.8170143380326,0.0
color_2,S10.color.2,low - low,Second report,18.8,19.4443481048025,0.0
color_2,S10.color.2,low - high,Second report,50.4,-1.35508019395453,0.0
color_2,S10.color.2,low - low,Second report,45.4700000000001,28.3757486929194,0.0
color_2,S10.color.2,high - high,Second report,61.54,10.9411960634849,0.0
color_2,S10.color.2,high - high,Second report,66.5,-1.04946953494296,0.0
color_2,S10.color.2,high - high,Second report,83.81,0.27029252201277,0.0
color_2,S10.color.2,low - high,Second report,152.43,-4.86071804730768,0.0
color_2,S10.color.2,high - low,Second report,150.58,2.20595580427047,0.0
color_2,S10.color.2,low - low,Second report,175.26,-27.1862147352341,0.0
color_2,S10.color.2,low - low,Second report,133.53,16.0751662939944,0.0
color_2,S10.color.2,low - low,Second report,112.41,-22.0285736090915,0.0
color_2,S10.color.2,high - low,Second report,56.37,12.6381155576737,0.0
color_2,S10.color.2,low - low,Second report,60.04,-11.9473486734218,0.0
color_2,S10.color.2,low - low,Second report,146.54,8.57662058824233,0.0
color_2,S10.color.2,low - high,Second report,78.19,-13.3871382874001,0.0
color_2,S10.color.2,high - high,Second report,178.64,-8.48418362838407,0.0
color_2,S10.color.2,low - high,Second report,43.04,8.54162771587784,0.0
color_2,S10.color.2,low - low,Second report,67.84,-23.1444303991502,0.0
color_2,S10.color.2,high - low,Second report,3.58000000000003,8.80926916649649,0.0
color_2,S10.color.2,high - low,Second report,177.7,22.8514250144064,0.0
color_2,S10.color.2,low - low,Second report,38.18,-15.3794953007532,0.0
color_2,S10.color.2,high - high,Second report,89.1,9.87988797229613,0.0
color_2,S10.color.2,low - low,Second report,143.45,21.3764709599765,0.0
color_2,S10.color.2,high - high,Second report,138.47,17.7096884603818,0.0
color_2,S10.color.2,low - high,Second report,178.09,11.079050338368,0.0
color_2,S10.color.2,low - high,Second report,57.2,6.50636404142824,0.0
color_2,S10.color.2,high - low,Second report,104.68,20.8215455807463,0.0
color_2,S10.color.2,high - high,Second report,104.44,-1.65231473046742,0.0
color_2,S10.color.2,high - low,Second report,156.48,40.2057075744215,0.0
color_2,S10.color.2,high - low,Second report,97.73,-11.0167216792445,0.0
color_2,S10.color.2,low - low,Second report,2.30000000000001,-8.85914437057787,0.0
color_2,S10.color.2,high - high,Second report,173.22,22.4816858311637,0.0
color_2,S10.color.2,high - low,Second report,74.7,5.20872038567389,0.0
color_2,S10.color.2,high - high,Second report,126.66,20.2811964942467,0.0
color_2,S10.color.2,low - low,Second report,47.05,-1.79252589553595,0.0
color_2,S10.color.2,low - high,Second report,24.62,10.2501255743321,0.0
color_2,S10.color.2,high - high,Second report,74.79,-7.44978350939686,0.0
color_2,S10.color.2,low - high,Second report,24.45,3.41080570141785,0.0
color_2,S10.color.2,high - high,Second report,160.41,7.52124151839223,0.0
color_2,S10.color.2,high - high,Second report,33.85,8.95215137510845,0.0
color_2,S10.color.2,high - high,Second report,109.77,15.5605490899743,0.0
color_2,S10.color.2,high - high,Second report,20.86,8.70429265171917,0.0
color_2,S10.color.2,high - high,Second report,35.71,-50.1205382896864,0.0
color_2,S10.color.2,low - low,Second report,175.48,-13.7979663176047,0.0
color_2,S10.color.2,low - high,Second report,118.38,-71.5799709795767,1.0
color_2,S10.color.2,high - low,Second report,5.12000000000001,11.1326988516185,0.0
color_2,S10.color.2,low - low,Second report,140.85,18.9203835629937,0.0
color_2,S10.color.2,high - high,Second report,162.9,16.2570710529323,0.0
color_2,S10.color.2,low - high,Second report,145.76,5.72871604696274,0.0
color_2,S10.color.2,high - low,Second report,22.48,3.34368329706838,0.0
color_2,S10.color.2,low - low,Second report,166.42,1.27169995719904,0.0
color_2,S10.color.2,high - high,Second report,7.48999999999999,-11.5960117297237,0.0
color_2,S10.color.2,low - low,Second report,157.0,12.4292793547651,0.0
color_2,S10.color.2,low - high,Second report,142.67,-20.6196680198972,0.0
color_2,S10.color.2,low - low,Second report,146.48,12.1048750840405,0.0
color_2,S10.color.2,high - low,Second report,27.0,11.7612628966482,0.0
color_2,S10.color.2,high - low,Second report,128.18,-0.829961858292595,0.0
color_2,S10.color.2,low - high,Second report,30.61,-6.89989117050063,0.0
color_2,S10.color.2,low - low,Second report,119.13,0.386592740223387,0.0
color_2,S10.color.2,low - high,Second report,161.21,-130.200679208285,1.0
color_2,S10.color.2,high - low,Second report,34.72,76.1812247946374,1.0
color_2,S10.color.2,high - low,Second report,58.09,13.4899862908945,0.0
color_2,S10.color.2,low - low,Second report,16.64,2.66673565616511,0.0
color_2,S10.color.2,low - low,Second report,96.0,19.4263585966998,0.0
color_2,S10.color.2,high - high,Second report,167.12,10.9702108017206,0.0
color_2,S10.color.2,low - low,Second report,88.06,7.82769707351155,0.0
color_2,S10.color.2,low - low,Second report,120.06,-6.20048376123253,0.0
color_2,S10.color.2,high - high,Second report,100.93,5.06607286107911,0.0
color_2,S10.color.2,high - low,Second report,50.32,93.7133792813648,1.0
color_2,S10.color.2,high - high,Second report,28.27,2.35639421076949,0.0
color_2,S10.color.2,low - low,Second report,28.87,19.7780221834999,0.0
color_2,S10.color.2,high - low,Second report,94.08,-14.5781725038729,0.0
color_2,S10.color.2,high - high,Second report,52.71,-30.5157814083623,0.0
color_2,S10.color.2,low - high,Second report,55.11,-11.3856538441291,0.0
color_2,S10.color.2,high - low,Second report,179.98,15.2275349454683,0.0
color_2,S10.color.2,low - high,Second report,93.19,-1.60913713117927,0.0
color_2,S10.color.2,low - high,Second report,35.38,4.57892075729332,0.0
color_2,S10.color.2,low - low,Second report,168.6,-41.9876770416736,0.0
color_2,S10.color.2,high - high,Second report,178.94,37.5930776291252,0.0
color_2,S10.color.2,low - high,Second report,166.82,-2.40518205701068,0.0
color_2,S10.color.2,low - high,Second report,72.77,34.2050612852172,0.0
color_2,S10.color.2,high - low,Second report,42.12,11.0797212418126,0.0
color_2,S1.color.2,low - high,First report,81.88,-10.2632514260169,0.0
color_2,S1.color.2,low - high,First report,159.66,7.07532428097465,0.0
color_2,S1.color.2,low - low,First report,69.81,-22.7717083635173,0.0
color_2,S1.color.2,low - low,First report,2.72000000000001,7.75090742088618,0.0
color_2,S1.color.2,low - low,First report,97.26,30.4777536524486,0.0
color_2,S1.color.2,low - low,First report,3.28,18.5655365441931,0.0
color_2,S1.color.2,high - high,First report,64.04,8.71817744467256,0.0
color_2,S1.color.2,high - low,First report,113.92,-47.9719117140701,1.0
color_2,S1.color.2,low - low,First report,111.47,11.5422927822795,0.0
color_2,S1.color.2,high - high,First report,32.49,-13.3259119853173,0.0
color_2,S1.color.2,high - low,First report,126.04,2.13127171317633,0.0
color_2,S1.color.2,high - low,First report,146.11,-60.9810675890562,1.0
color_2,S1.color.2,high - low,First report,13.28,11.7343526048044,0.0
color_2,S1.color.2,high - high,First report,147.89,-112.659211551843,1.0
color_2,S1.color.2,high - low,First report,50.48,4.85040521728141,0.0
color_2,S1.color.2,low - high,First report,32.98,-10.7495426313065,0.0
color_2,S1.color.2,high - high,First report,177.27,-3.55612194230612,0.0
color_2,S1.color.2,low - low,First report,62.17,-27.7304541243307,0.0
color_2,S1.color.2,high - low,First report,145.96,20.6221610730787,0.0
color_2,S1.color.2,high - high,First report,159.72,138.35319222637,1.0
color_2,S1.color.2,low - high,First report,64.96,64.3059656261491,1.0
color_2,S1.color.2,high - high,First report,133.43,154.241211804641,1.0
color_2,S1.color.2,low - high,First report,117.48,99.7470051340498,1.0
color_2,S1.color.2,high - low,First report,62.82,39.9541023426963,0.0
color_2,S1.color.2,low - high,First report,131.6,14.3880541601009,0.0
color_2,S1.color.2,low - low,First report,19.53,-8.34512633887625,0.0
color_2,S1.color.2,high - low,First report,41.36,-28.1192627288767,0.0
color_2,S1.color.2,low - high,First report,20.12,0.1506154168319,0.0
color_2,S1.color.2,high - low,First report,162.58,-38.8960610553266,0.0
color_2,S1.color.2,low - high,First report,40.1300000000001,13.9898294691902,0.0
color_2,S1.color.2,low - high,First report,146.29,154.519195944977,1.0
color_2,S1.color.2,low - low,First report,119.51,92.5242753109792,1.0
color_2,S1.color.2,low - low,First report,127.17,101.562823225035,1.0
color_2,S1.color.2,high - low,First report,104.21,15.1292601757363,0.0
color_2,S1.color.2,high - high,First report,99.19,85.1093506608598,1.0
color_2,S1.color.2,high - low,First report,20.37,-15.0232903110269,0.0
color_2,S1.color.2,high - low,First report,175.32,-46.111246850737,0.0
color_2,S1.color.2,high - high,First report,127.04,12.0070543481025,0.0
color_2,S1.color.2,high - low,First report,161.59,127.027485366359,1.0
color_2,S1.color.2,high - high,First report,164.14,-5.35164329672847,0.0
color_2,S1.color.2,low - high,First report,146.64,-10.3569048360487,0.0
color_2,S1.color.2,high - high,First report,50.15,4.19585933439164,0.0
color_2,S1.color.2,low - high,First report,132.03,159.934170374753,1.0
color_2,S1.color.2,low - low,First report,46.5700000000001,81.6300534397823,1.0
color_2,S1.color.2,low - high,First report,57.8700000000001,62.2506905094119,1.0
color_2,S1.color.2,high - high,First report,27.8,24.1993379180735,0.0
color_2,S1.color.2,high - low,First report,95.0,23.6417485007525,0.0
color_2,S1.color.2,low - high,First report,110.66,-29.4981938561688,0.0
color_2,S1.color.2,high - low,First report,77.2699999999999,20.9782229098504,0.0
color_2,S1.color.2,high - high,First report,178.99,2.51322641209154,0.0
color_2,S1.color.2,high - high,First report,66.54,-5.28487333108808,0.0
color_2,S1.color.2,low - low,First report,54.51,10.7942096209595,0.0
color_2,S1.color.2,low - low,First report,141.98,16.0873652352817,0.0
color_2,S1.color.2,high - low,First report,141.92,2.83569597733503,0.0
color_2,S1.color.2,high - low,First report,178.21,10.7653195085507,0.0
color_2,S1.color.2,low - low,First report,172.22,170.732698841163,1.0
color_2,S1.color.2,high - high,First report,94.5300000000001,-12.4201151122961,0.0
color_2,S1.color.2,low - high,First report,168.22,27.2401666853746,0.0
color_2,S1.color.2,high - low,First report,135.54,-4.91345663987263,0.0
color_2,S1.color.2,low - high,First report,12.92,3.12354278949425,0.0
color_2,S1.color.2,low - low,First report,34.13,-12.5277883928546,0.0
color_2,S1.color.2,low - low,First report,59.83,31.2173802596967,0.0
color_2,S1.color.2,high - high,First report,146.37,172.779517523266,1.0
color_2,S1.color.2,low - low,First report,80.77,13.468836526592,0.0
color_2,S1.color.2,high - low,First report,14.3600000000001,13.0797464402928,0.0
color_2,S1.color.2,high - high,First report,109.74,-43.2590727887651,1.0
color_2,S1.color.2,high - high,First report,52.69,-3.45632579978872,0.0
color_2,S1.color.2,high - high,First report,83.94,0.178833442751859,0.0
color_2,S1.color.2,low - high,First report,53.82,-0.83901904145165,0.0
color_2,S1.color.2,high - high,First report,0.529999999999992,24.786006310219,0.0
color_2,S1.color.2,high - low,First report,101.59,22.3006713508635,0.0
color_2,S1.color.2,high - high,First report,142.82,103.542046067686,1.0
color_2,S1.color.2,low - high,First report,176.43,-119.918039614432,1.0
color_2,S1.color.2,low - high,First report,87.64,44.0663646000479,0.0
color_2,S1.color.2,low - high,First report,67.19,57.1768224394818,1.0
color_2,S1.color.2,low - high,First report,3.58000000000001,-4.68260720940429,0.0
color_2,S1.color.2,high - high,First report,71.75,-18.2245456095684,0.0
color_2,S1.color.2,high - low,First report,25.09,-28.5531617936268,0.0
color_2,S1.color.2,high - high,First report,8.72999999999999,0.872419377961793,0.0
color_2,S1.color.2,high - high,First report,61.44,19.113797580852,0.0
color_2,S1.color.2,low - low,First report,66.59,-32.4309549681754,0.0
color_2,S1.color.2,high - low,First report,85.6600000000001,23.0129397015923,0.0
color_2,S1.color.2,low - high,First report,32.2199999999999,-13.6135852419184,0.0
color_2,S1.color.2,high - low,First report,1.93999999999998,-31.2386289284499,0.0
color_2,S1.color.2,high - low,First report,117.28,-5.59658222946833,0.0
color_2,S1.color.2,low - high,First report,139.59,0.273687997672958,0.0
color_2,S1.color.2,low - low,First report,36.35,21.9519214405344,0.0
color_2,S1.color.2,low - high,First report,103.39,26.2267844567293,0.0
color_2,S1.color.2,high - low,First report,45.24,-11.8376186662073,0.0
color_2,S1.color.2,high - high,First report,173.61,-8.97479087193286,0.0
color_2,S1.color.2,high - low,First report,168.74,30.6248438145778,0.0
color_2,S1.color.2,low - high,First report,78.62,111.423008438888,1.0
color_2,S1.color.2,low - low,First report,175.73,-34.7264943828987,0.0
color_2,S1.color.2,low - low,First report,28.18,12.4913217765111,0.0
color_2,S1.color.2,high - low,First report,42.27,52.7854682781148,1.0
color_2,S1.color.2,high - high,First report,85.15,26.6985859665178,0.0
color_2,S1.color.2,low - low,First report,8.19999999999995,1.59378394573066,0.0
color_2,S1.color.2,high - high,First report,11.67,82.4650813360796,1.0
color_2,S1.color.2,high - low,First report,70.04,-5.70671583132346,0.0
color_2,S1.color.2,low - low,First report,141.05,14.313943888513,0.0
color_2,S1.color.2,low - low,First report,134.9,-2.77162183847253,0.0
color_2,S1.color.2,low - high,First report,38.45,-19.608635478967,0.0
color_2,S1.color.2,low - high,First report,20.74,15.5537122548194,0.0
color_2,S1.color.2,low - low,First report,167.45,8.75237244454312,0.0
color_2,S1.color.2,high - high,First report,173.19,-206.385909608349,1.0
color_2,S1.color.2,low - high,First report,92.27,108.262050761277,1.0
color_2,S1.color.2,low - high,First report,11.8799999999999,-16.8670480415558,0.0
color_2,S1.color.2,high - low,First report,119.69,133.715097309572,1.0
color_2,S1.color.2,high - high,First report,20.41,13.6421246035608,0.0
color_2,S1.color.2,low - low,First report,156.63,127.909065705408,1.0
color_2,S1.color.2,high - high,First report,120.85,127.040676160101,1.0
color_2,S1.color.2,high - high,First report,80.05,11.5440407541793,0.0
color_2,S1.color.2,high - high,First report,4.34999999999998,-5.60159100654488,0.0
color_2,S1.color.2,high - high,First report,38.92,52.1256059100707,0.0
color_2,S1.color.2,high - high,First report,103.37,-22.385290793579,0.0
color_2,S1.color.2,high - high,First report,111.79,40.8132536544181,1.0
color_2,S1.color.2,low - low,First report,80.79,69.8992707238881,1.0
color_2,S1.color.2,low - high,First report,107.24,1.97145467689136,0.0
color_2,S1.color.2,low - low,First report,101.25,152.291044149353,1.0
color_2,S1.color.2,high - low,First report,70.15,110.345713699335,1.0
color_2,S1.color.2,high - low,First report,76.18,103.35010586876,1.0
color_2,S1.color.2,high - high,First report,144.42,27.2809529672178,0.0
color_2,S1.color.2,high - high,First report,15.01,-14.5305818818311,0.0
color_2,S1.color.2,high - low,First report,64.83,57.5666254676878,1.0
color_2,S1.color.2,low - high,First report,103.12,-3.81308369891789,0.0
color_2,S1.color.2,low - low,First report,12.66,-7.07374877413222,0.0
color_2,S1.color.2,low - high,First report,1.28000000000002,16.3997946889324,0.0
color_2,S1.color.2,high - low,First report,24.65,-7.60863547896693,0.0
color_2,S1.color.2,low - high,First report,176.89,32.0350607651209,0.0
color_2,S1.color.2,high - low,First report,114.14,17.3507857671096,0.0
color_2,S1.color.2,low - low,First report,160.08,-30.4319856430051,0.0
color_2,S1.color.2,low - low,First report,44.82,8.17357596545243,0.0
color_2,S1.color.2,high - low,First report,126.22,31.5391249556271,0.0
color_2,S1.color.2,low - low,First report,107.94,3.35248517098971,0.0
color_2,S1.color.2,high - low,First report,32.14,4.19712190515602,0.0
color_2,S1.color.2,low - high,First report,74.96,-18.9725589142197,0.0
color_2,S1.color.2,low - low,First report,120.37,-7.63541122629074,0.0
color_2,S1.color.2,low - high,First report,49.75,1.80180738039441,0.0
color_2,S1.color.2,low - high,First report,120.66,-11.7489789541721,0.0
color_2,S1.color.2,low - low,First report,151.9,158.878848659815,1.0
color_2,S1.color.2,low - high,First report,169.06,0.0099970231236117,0.0
color_2,S1.color.2,low - low,First report,86.04,-53.7151780516613,0.0
color_2,S1.color.2,low - high,First report,135.4,-8.49533021669151,0.0
color_2,S1.color.2,high - high,First report,119.13,9.70689506394628,0.0
color_2,S1.color.2,low - high,First report,161.29,-23.2569567711367,0.0
color_2,S1.color.2,low - low,First report,92.31,6.91828609603276,0.0
color_2,S1.color.2,low - low,First report,145.73,-3.82000165762623,0.0
color_2,S1.color.2,low - low,First report,179.01,4.7338974792595,0.0
color_2,S1.color.2,high - low,First report,167.15,31.9767591627168,0.0
color_2,S1.color.2,low - low,First report,21.73,-9.14803845487621,0.0
color_2,S1.color.2,high - high,First report,39.75,11.6806961373987,0.0
color_2,S1.color.2,high - high,First report,38.34,-12.6877112170006,0.0
color_2,S1.color.2,low - high,First report,120.02,9.46466399740185,0.0
color_2,S1.color.2,high - high,First report,4.82000000000001,-7.08847566205009,0.0
color_2,S1.color.2,low - low,First report,93.18,28.5318803526479,0.0
color_2,S1.color.2,high - low,First report,67.59,57.0281265960214,0.0
color_2,S1.color.2,low - low,First report,70.3899999999999,24.6695965645463,0.0
color_2,S1.color.2,high - high,First report,54.69,-5.04912057363157,0.0
color_2,S1.color.2,high - low,First report,4.13,3.0541210312944,0.0
color_2,S1.color.2,high - high,First report,1.69,6.01888970921783,0.0
color_2,S1.color.2,low - high,First report,81.81,-6.78854622148943,0.0
color_2,S1.color.2,low - high,First report,179.34,-17.6592998559007,0.0
color_2,S1.color.2,high - low,First report,40.06,-29.472831845547,0.0
color_2,S1.color.2,high - low,First report,125.09,-1.35162850230215,0.0
color_2,S1.color.2,low - high,First report,5.31999999999998,26.321953247635,0.0
color_2,S1.color.2,low - high,First report,86.29,14.005476560587,0.0
color_2,S1.color.2,low - low,First report,0.919999999999994,3.65761093729725,0.0
color_2,S1.color.2,high - low,First report,48.87,21.3496776346717,0.0
color_2,S1.color.2,low - low,First report,123.87,-7.66600441794222,0.0
color_2,S1.color.2,low - low,First report,6.13,13.4510211952634,0.0
color_2,S1.color.2,high - high,First report,97.7,6.696180346675,0.0
color_2,S1.color.2,high - high,First report,16.66,11.5368146439124,0.0
color_2,S1.color.2,low - low,First report,132.01,-17.5334909543917,0.0
color_2,S1.color.2,low - high,First report,4.38999999999998,9.6740804506026,0.0
color_2,S1.color.2,low - low,First report,153.89,-3.85406731146903,0.0
color_2,S1.color.2,low - low,First report,0.309999999999981,18.1474053454247,0.0
color_2,S1.color.2,low - high,First report,12.87,-3.42566563428011,0.0
color_2,S1.color.2,low - high,First report,174.17,-26.9709908693795,0.0
color_2,S1.color.2,high - high,First report,7.33999999999995,11.6210397127483,0.0
color_2,S1.color.2,high - low,First report,179.54,8.84520546528115,0.0
color_2,S1.color.2,high - high,First report,30.1,-45.6849808657056,0.0
color_2,S1.color.2,high - low,First report,107.6,5.6345300115513,0.0
color_2,S1.color.2,high - low,First report,44.22,-2.71640743921446,0.0
color_2,S1.color.2,high - low,First report,75.81,25.4496550547132,0.0
color_2,S1.color.2,high - low,First report,62.76,-0.912112796248152,0.0
color_2,S1.color.2,low - high,First report,68.73,-22.4000559842534,0.0
color_2,S1.color.2,high - high,First report,63.9500000000001,-7.27520273945364,0.0
color_2,S1.color.2,low - high,First report,177.98,-39.0223374482499,0.0
color_2,S1.color.2,low - low,First report,151.5,-21.8588553218702,0.0
color_2,S1.color.2,high - high,First report,23.09,-23.9639839860916,0.0
color_2,S1.color.2,low - low,First report,141.79,0.0370380065618861,0.0
color_2,S1.color.2,low - low,First report,77.05,31.0282493534452,0.0
color_2,S1.color.2,high - high,First report,164.76,12.3891104821915,0.0
color_2,S1.color.2,high - low,First report,0.0899999999999944,3.42877057843426,0.0
color_2,S1.color.2,high - low,First report,61.45,0.740792989034208,0.0
color_2,S1.color.2,low - high,First report,74.08,57.7112296454469,1.0
color_2,S1.color.2,low - low,First report,124.61,7.62573913830958,0.0
color_2,S1.color.2,high - low,First report,68.69,21.2149661736926,0.0
color_2,S1.color.2,high - high,First report,125.38,-8.23329744722463,0.0
color_2,S1.color.2,low - low,First report,33.29,-19.9840413682948,0.0
color_2,S1.color.2,high - low,First report,115.04,2.04360521880425,0.0
color_2,S1.color.2,high - high,First report,175.42,5.7022806913301,0.0
color_2,S1.color.2,low - low,First report,155.56,-15.7017909669026,0.0
color_2,S1.color.2,high - high,First report,69.19,-7.33835925026352,0.0
color_2,S1.color.2,high - high,First report,71.9,18.6617719679871,0.0
color_2,S1.color.2,low - low,First report,113.41,0.612762313675582,0.0
color_2,S1.color.2,low - low,First report,103.38,19.0378391334258,0.0
color_2,S1.color.2,low - high,First report,156.56,1.68219164023263,0.0
color_2,S1.color.2,high - low,First report,32.51,-17.4572573924268,0.0
color_2,S1.color.2,low - high,First report,128.42,9.32123140199835,0.0
color_2,S1.color.2,low - high,First report,54.49,18.3555346158412,0.0
color_2,S1.color.2,high - low,First report,141.23,0.300177787798635,0.0
color_2,S1.color.2,high - high,First report,179.93,-4.34157153030157,0.0
color_2,S1.color.2,high - low,First report,134.39,9.4306267096568,0.0
color_2,S1.color.2,high - low,First report,174.36,-1.42079843895783,0.0
color_2,S1.color.2,high - low,First report,86.56,-19.8830257923419,0.0
color_2,S1.color.2,low - low,First report,91.01,-4.0608027653284,0.0
color_2,S1.color.2,high - high,First report,168.97,-1.4997038844971,0.0
color_2,S1.color.2,high - low,First report,148.76,-12.285646130878,0.0
color_2,S1.color.2,high - low,First report,99.32,2.16537491787096,0.0
color_2,S1.color.2,low - high,First report,64.34,34.8444488973343,0.0
color_2,S1.color.2,low - high,First report,149.27,15.2962762283334,0.0
color_2,S1.color.2,high - low,First report,33.61,3.87561115161343,0.0
color_2,S1.color.2,low - high,First report,64.24,7.38628639030887,0.0
color_2,S1.color.2,low - low,First report,64.81,7.61521193788019,0.0
color_2,S1.color.2,high - low,First report,5.18000000000003,-15.243668722873,0.0
color_2,S1.color.2,high - high,First report,113.27,78.6199004515536,1.0
color_2,S1.color.2,high - high,First report,75.66,17.4118302730923,0.0
color_2,S1.color.2,low - high,First report,121.84,16.4215705258865,0.0
color_2,S1.color.2,high - low,First report,169.94,28.6900149396658,0.0
color_2,S1.color.2,low - low,First report,25.81,-31.1763551994433,0.0
color_2,S1.color.2,high - high,First report,48.23,-16.6077600513753,0.0
color_2,S1.color.2,high - high,First report,142.21,-17.0614342528765,0.0
color_2,S1.color.2,high - high,First report,149.39,-18.3723631462581,0.0
color_2,S1.color.2,high - high,First report,81.26,1.92383574605016,0.0
color_2,S1.color.2,high - high,First report,172.95,-3.47457313798646,0.0
color_2,S1.color.2,low - low,First report,76.82,-5.27847114021175,0.0
color_2,S1.color.2,low - low,First report,5.43000000000002,-22.0811853470007,0.0
color_2,S1.color.2,high - low,First report,46.72,-51.0162633459599,0.0
color_2,S1.color.2,low - high,First report,18.05,-1.38690122446141,0.0
color_2,S1.color.2,high - low,First report,14.4,-15.5088078830684,0.0
color_2,S1.color.2,low - high,First report,158.92,155.276685083042,1.0
color_2,S1.color.2,low - low,First report,175.8,14.378028830126,0.0
color_2,S1.color.2,low - low,First report,58.86,56.7844541128738,1.0
color_2,S1.color.2,high - low,First report,120.79,99.6041928523878,1.0
color_2,S1.color.2,low - high,First report,93.09,-2.59833733865526,0.0
color_2,S1.color.2,low - low,First report,21.49,-17.5266135248255,0.0
color_2,S1.color.2,low - low,First report,169.81,-28.8043242358752,0.0
color_2,S1.color.2,low - high,First report,114.56,-101.912798610457,1.0
color_2,S1.color.2,high - high,First report,102.3,-11.5383456777688,0.0
color_2,S1.color.2,low - low,First report,160.62,17.5945561990072,0.0
color_2,S1.color.2,high - high,First report,126.83,-47.7695504643027,0.0
color_2,S1.color.2,low - low,First report,172.19,24.6245831199411,0.0
color_2,S1.color.2,high - low,First report,15.22,24.3208416957931,0.0
color_2,S1.color.2,high - low,First report,90.11,6.35139408107282,0.0
color_2,S1.color.2,low - low,First report,132.93,8.09197658997649,0.0
color_2,S1.color.2,low - high,First report,167.48,-10.8263241531916,0.0
color_2,S1.color.2,high - low,First report,112.35,-15.2895618352956,0.0
color_2,S1.color.2,high - low,First report,135.36,3.15307323062621,0.0
color_2,S1.color.2,high - low,First report,75.93,18.8004661106298,0.0
color_2,S1.color.2,low - high,First report,136.36,-8.64835924268543,0.0
color_2,S1.color.2,high - high,First report,85.57,34.1899653561498,0.0
color_2,S1.color.2,low - high,First report,27.88,24.0136314646849,0.0
color_2,S1.color.2,low - high,First report,102.67,100.35640590088,1.0
color_2,S1.color.2,low - low,First report,35.7,-3.04387571718779,0.0
color_2,S1.color.2,high - low,First report,101.14,12.9401428699796,0.0
color_2,S1.color.2,low - low,First report,96.7,145.766672577265,1.0
color_2,S1.color.2,high - high,First report,56.3800000000001,-1.91694337772574,0.0
color_2,S1.color.2,high - high,First report,116.13,-5.86060147427487,0.0
color_2,S1.color.2,high - high,First report,150.57,-184.184741386343,1.0
color_2,S1.color.2,high - low,First report,175.67,-135.073850209325,1.0
color_2,S1.color.2,low - high,First report,41.76,-6.81298799554801,0.0
color_2,S1.color.2,high - high,First report,116.22,-87.6568282457737,1.0
color_2,S1.color.2,high - high,First report,88.92,-45.497343611526,0.0
color_2,S1.color.2,low - high,First report,154.08,-56.6170570362734,0.0
color_2,S1.color.2,high - low,First report,158.37,-5.16697132096529,0.0
color_2,S1.color.2,low - high,First report,19.05,-2.05275713163037,0.0
color_2,S1.color.2,low - high,First report,143.09,23.6439269702059,0.0
color_2,S1.color.2,low - low,First report,179.1,-12.6021809671594,0.0
color_2,S1.color.2,low - high,First report,30.15,29.2728551305072,0.0
color_2,S1.color.2,low - high,First report,78.64,8.52109845969859,0.0
color_2,S1.color.2,high - high,First report,136.41,-15.5713682268877,0.0
color_2,S1.color.2,low - high,First report,3.52999999999998,-11.7153041949139,0.0
color_2,S1.color.2,high - high,First report,10.23,-7.09193444207979,0.0
color_2,S1.color.2,low - high,First report,133.41,-15.7151416552536,0.0
color_2,S1.color.2,low - high,First report,103.46,-46.4357987395011,0.0
color_2,S1.color.2,high - low,First report,161.51,-2.04629979816247,0.0
color_2,S1.color.2,low - low,First report,106.63,-2.92967914768433,0.0
color_2,S1.color.2,low - low,First report,74.5300000000001,-3.82226292364225,0.0
color_2,S1.color.2,low - high,First report,51.18,20.0526990324614,0.0
color_2,S1.color.2,low - high,First report,106.01,-2.39043685387143,0.0
color_2,S1.color.2,high - low,First report,154.51,-18.6657622719806,0.0
color_2,S1.color.2,low - low,First report,46.7399999999999,-21.3790899987209,0.0
color_2,S1.color.2,high - low,First report,19.13,13.849887976204,0.0
color_2,S1.color.2,low - low,First report,47.45,20.1287984260014,0.0
color_2,S1.color.2,low - low,First report,37.89,-2.75226482583378,0.0
color_2,S1.color.2,high - high,First report,39.08,4.45602155829255,0.0
color_2,S1.color.2,low - low,First report,15.01,-7.26481416059604,0.0
color_2,S1.color.2,low - high,First report,35.34,3.44338913508424,0.0
color_2,S1.color.2,high - high,First report,27.92,13.7631553968617,0.0
color_2,S1.color.2,high - high,First report,105.3,6.31301390364986,0.0
color_2,S1.color.2,low - low,First report,138.37,2.48718093079649,0.0
color_2,S1.color.2,high - high,First report,155.89,-10.4332273007171,0.0
color_2,S1.color.2,high - low,First report,81.61,-18.6790302351474,0.0
color_2,S1.color.2,high - low,First report,50.7899999999999,-2.00360433152693,0.0
color_2,S1.color.2,high - low,First report,144.51,-1.08569395096433,0.0
color_2,S1.color.2,low - low,First report,143.73,8.61843513867681,0.0
color_2,S1.color.2,high - high,First report,83.67,12.0078417683792,0.0
color_2,S1.color.2,high - high,First report,141.56,18.7725395023254,0.0
color_2,S1.color.2,high - low,First report,112.5,-12.8930042661404,0.0
color_2,S1.color.2,high - low,First report,58.06,58.3982701883845,1.0
color_2,S1.color.2,low - high,First report,73.37,12.0317284766592,0.0
color_2,S1.color.2,low - high,First report,175.51,-17.6345586687301,0.0
color_2,S1.color.2,low - high,First report,121.76,142.4715754472,1.0
color_2,S1.color.2,low - high,First report,145.07,137.786611560564,1.0
color_2,S1.color.2,low - high,First report,98.8899999999999,-15.2386383181875,0.0
color_2,S1.color.2,high - high,First report,38.93,-7.89582296614349,0.0
color_2,S1.color.2,high - high,First report,178.32,-15.7901678185552,0.0
color_2,S1.color.2,high - high,First report,65.21,76.8015158150621,1.0
color_2,S1.color.2,high - low,First report,126.83,113.72660285007,1.0
color_2,S1.color.2,high - low,First report,119.11,12.3072201834106,0.0
color_2,S1.color.2,low - high,First report,68.89,80.4377777487036,1.0
color_2,S1.color.2,low - high,First report,7.97999999999999,-1.24388092458983,0.0
color_2,S1.color.2,high - high,First report,98.27,-33.4794446535544,0.0
color_2,S1.color.2,high - high,First report,47.23,9.15881853919901,0.0
color_2,S1.color.2,low - high,First report,163.31,1.53107632489893,0.0
color_2,S1.color.2,low - low,First report,80.51,95.5958896408487,1.0
color_2,S1.color.2,low - low,First report,18.53,38.6508591686442,0.0
color_2,S1.color.2,high - low,First report,36.02,-53.8919150731491,0.0
color_2,S1.color.2,high - low,First report,86.45,-16.9701668166316,0.0
color_2,S1.color.2,high - low,First report,86.72,127.576290297568,1.0
color_2,S1.color.2,low - high,First report,88.41,7.88344127847948,0.0
color_2,S1.color.2,low - low,First report,116.3,61.6199445174405,1.0
color_2,S1.color.2,high - high,First report,81.55,42.0277182430581,0.0
color_2,S1.color.2,high - high,First report,151.65,-2.53989977874492,0.0
color_2,S1.color.2,high - low,First report,146.21,-3.46082890423089,0.0
color_2,S1.color.2,low - low,First report,8.75000000000002,10.4260116045577,0.0
color_2,S1.color.2,high - low,First report,70.37,26.4353875242006,0.0
color_2,S1.color.2,low - low,First report,99.6,114.891360962641,1.0
color_2,S1.color.2,low - high,First report,136.53,9.18681463153458,0.0
color_2,S1.color.2,low - low,First report,125.3,-20.474070053789,0.0
color_2,S1.color.2,high - high,First report,12.3,-51.5681528773327,0.0
color_2,S1.color.2,high - low,First report,2.44,21.0292860614056,0.0
color_2,S1.color.2,low - low,First report,128.92,4.79023100040422,0.0
color_2,S1.color.2,high - low,First report,81.6,9.84885866815385,0.0
color_2,S1.color.2,high - low,First report,34.23,0.827510841266699,0.0
color_2,S1.color.2,low - high,First report,177.18,-3.3340406526288,0.0
color_2,S1.color.2,low - low,First report,52.43,-48.3941208029714,0.0
color_2,S1.color.2,high - high,First report,168.75,-18.3140824431951,0.0
color_2,S1.color.2,high - high,First report,116.83,-1.34582593848183,0.0
color_2,S1.color.2,low - high,First report,16.2200000000001,10.9078324817601,0.0
color_2,S1.color.2,low - high,First report,112.66,35.5831080102071,0.0
color_2,S1.color.2,low - low,First report,144.77,18.9300281179232,0.0
color_2,S1.color.2,high - high,First report,22.79,-36.2813826308478,0.0
color_2,S1.color.2,high - low,First report,47.21,-5.93483263119852,0.0
color_2,S1.color.2,low - low,First report,85.51,40.7837402561305,0.0
color_2,S1.color.2,low - high,First report,26.07,1.61806472857459,0.0
color_2,S1.color.2,high - high,First report,3.61000000000003,18.1040305527918,0.0
color_2,S1.color.2,low - high,First report,131.27,-17.72483921128,0.0
color_2,S1.color.2,low - low,First report,177.58,10.7182286261109,0.0
color_2,S1.color.2,low - low,First report,178.37,3.37248381097166,0.0
color_2,S1.color.2,high - low,First report,31.07,-8.7902310004042,0.0
color_2,S1.color.2,low - low,First report,46.5300000000001,-1.55428155292838,0.0
color_2,S1.color.2,low - high,First report,80.63,10.7590581758333,0.0
color_2,S1.color.2,low - low,First report,58.46,40.922840524693,0.0
color_2,S1.color.2,low - high,First report,134.17,39.8555311094143,0.0
color_2,S1.color.2,high - high,First report,134.87,-3.84521176477332,0.0
color_2,S1.color.2,low - high,First report,63.78,34.1753455000483,0.0
color_2,S1.color.2,low - high,First report,172.58,11.9597165743574,0.0
color_2,S1.color.2,low - low,First report,159.26,6.20385813272377,0.0
color_2,S1.color.2,low - low,First report,26.97,10.1061441052741,0.0
color_2,S1.color.2,low - low,First report,60.41,-21.8923639494106,0.0
color_2,S1.color.2,high - high,First report,29.98,68.4968402366593,1.0
color_2,S1.color.2,low - low,First report,87.71,48.8081950309646,0.0
color_2,S1.color.2,high - high,First report,31.85,-11.3622852685323,0.0
color_2,S1.color.2,low - low,First report,119.36,43.5906950863399,1.0
color_2,S1.color.2,low - high,First report,53.01,-6.71062098471044,0.0
color_2,S1.color.2,high - low,First report,73.92,-4.39303779206145,0.0
color_2,S1.color.2,high - low,First report,108.93,12.9456460573327,0.0
color_2,S1.color.2,low - high,First report,136.04,9.26818540405213,0.0
color_2,S1.color.2,low - low,First report,169.25,-38.0620054763965,0.0
color_2,S1.color.2,high - low,First report,21.0,34.3302875951365,0.0
color_2,S1.color.2,high - high,First report,156.42,26.2453624774467,0.0
color_2,S1.color.2,high - low,First report,101.45,-2.11555005960939,0.0
color_2,S1.color.2,high - high,First report,174.92,14.423164580448,0.0
color_2,S1.color.2,low - high,First report,162.77,10.9109816116421,0.0
color_2,S1.color.2,low - high,First report,102.23,2.63678879987984,0.0
color_2,S1.color.2,high - low,First report,0.960000000000017,32.0336462562585,0.0
color_2,S1.color.2,low - high,First report,107.06,1.03557847975017,0.0
color_2,S1.color.2,high - high,First report,56.03,29.3090338662001,0.0
color_2,S1.color.2,high - high,First report,109.28,5.77214900398463,0.0
color_2,S1.color.2,low - low,First report,159.9,-35.1366528122446,0.0
color_2,S1.color.2,low - low,First report,8.16999999999998,-23.2157286224289,0.0
color_2,S1.color.2,high - high,First report,111.7,3.02569168425923,0.0
color_2,S1.color.2,low - low,First report,44.28,-7.33951407964853,0.0
color_2,S1.color.2,low - high,First report,94.94,-7.46886167555641,0.0
color_2,S1.color.2,low - high,First report,4.39999999999998,10.3175374461303,0.0
color_2,S1.color.2,low - high,First report,8.96999999999998,-27.3969355617779,0.0
color_2,S1.color.2,high - high,First report,47.95,-10.7984901290151,0.0
color_2,S1.color.2,low - high,First report,153.75,17.6108251422835,0.0
color_2,S1.color.2,low - low,First report,15.7,-4.21857695862739,0.0
color_2,S1.color.2,high - low,First report,13.35,8.37925016174089,0.0
color_2,S1.color.2,high - high,First report,21.17,0.354972536179093,0.0
color_2,S1.color.2,high - low,First report,124.29,85.5847555000622,1.0
color_2,S1.color.2,high - low,First report,60.05,-49.413763404122,0.0
color_2,S1.color.2,high - high,First report,150.21,9.55440540225714,0.0
color_2,S1.color.2,low - high,First report,77.81,20.5440529945849,0.0
color_2,S1.color.2,high - high,First report,176.19,11.493358360446,0.0
color_2,S1.color.2,low - low,First report,33.47,-16.2540087538323,0.0
color_2,S1.color.2,low - low,First report,2.12000000000002,-19.7746201969657,0.0
color_2,S1.color.2,low - high,First report,24.71,24.421596708463,0.0
color_2,S1.color.2,low - high,First report,27.49,22.2917035135861,0.0
color_2,S1.color.2,high - low,First report,161.17,6.8900344447052,0.0
color_2,S1.color.2,high - low,First report,19.55,-23.357008916907,0.0
color_2,S1.color.2,low - low,First report,146.21,-1.31675154238777,0.0
color_2,S1.color.2,low - low,First report,169.32,10.6922951852375,0.0
color_2,S1.color.2,high - low,First report,164.9,10.0371090661808,0.0
color_2,S1.color.2,high - high,First report,126.85,-22.0460343507949,0.0
color_2,S1.color.2,low - high,First report,62.62,-12.2254829218765,0.0
color_2,S1.color.2,high - low,First report,151.36,-38.0178183066063,0.0
color_2,S1.color.2,low - high,First report,41.47,26.8693337994198,0.0
color_2,S1.color.2,low - high,First report,119.8,22.2064597829185,0.0
color_2,S1.color.2,high - high,First report,41.27,-11.720721488442,0.0
color_2,S1.color.2,high - low,First report,13.13,-25.2096617870509,0.0
color_2,S1.color.2,high - high,First report,4.78000000000001,-1.03783053864552,0.0
color_2,S1.color.2,low - low,First report,114.38,-3.73080757940963,0.0
color_2,S1.color.2,low - low,First report,112.75,-31.1199553778229,0.0
color_2,S1.color.2,low - low,First report,102.94,-9.15975720541014,0.0
color_2,S1.color.2,high - high,First report,86.26,-7.74728195602465,0.0
color_2,S1.color.2,low - high,First report,43.76,-31.9914213431067,0.0
color_2,S1.color.2,low - high,First report,166.03,-103.584581957407,1.0
color_2,S1.color.2,low - low,First report,43.52,-8.53121485374227,0.0
color_2,S1.color.2,low - high,First report,2.99000000000002,14.039589274071,0.0
color_2,S1.color.2,low - low,First report,4.95,-29.0027376644395,0.0
color_2,S1.color.2,high - low,First report,37.55,13.9398566036457,0.0
color_2,S1.color.2,high - low,First report,178.04,-53.0923059221677,0.0
color_2,S1.color.2,low - low,First report,146.15,33.8363473485543,0.0
color_2,S1.color.2,low - low,First report,65.6200000000001,-5.84420600928253,0.0
color_2,S1.color.2,high - high,First report,119.51,45.9806184889016,1.0
color_2,S1.color.2,high - high,First report,138.81,15.7698015615418,0.0
color_2,S1.color.2,high - low,First report,125.13,39.2158671312261,0.0
color_2,S1.color.2,high - low,First report,173.55,9.03715951154446,0.0
color_2,S1.color.2,low - high,First report,48.45,5.24965420157008,0.0
color_2,S1.color.2,high - high,First report,8.05999999999996,18.8677811063319,0.0
color_2,S1.color.2,high - high,First report,66.5,5.7474135127524,0.0
color_2,S1.color.2,low - low,First report,68.48,-18.2960080574874,0.0
color_2,S1.color.2,high - low,First report,102.97,2.82944958937685,0.0
color_2,S1.color.2,high - low,First report,144.09,6.22882858695406,0.0
color_2,S1.color.2,high - high,First report,59.6,1.60753441142624,0.0
color_2,S1.color.2,high - high,First report,104.08,14.3767614428204,0.0
color_2,S1.color.2,low - low,First report,76.6600000000001,14.8123639283179,0.0
color_2,S1.color.2,high - high,First report,156.11,-7.76219302417034,0.0
color_2,S1.color.2,high - low,First report,178.12,2.40609006450369,0.0
color_2,S1.color.2,high - high,First report,86.87,-31.3858511240686,0.0
color_2,S1.color.2,high - low,First report,165.02,7.61880816486943,0.0
color_2,S1.color.2,high - high,First report,177.59,4.77558099704905,0.0
color_2,S1.color.2,low - low,First report,91.72,-34.649073790579,0.0
color_2,S1.color.2,low - low,First report,101.65,40.9807033783414,0.0
color_2,S1.color.2,low - high,First report,112.54,-8.35852470892927,0.0
color_2,S1.color.2,low - low,First report,107.11,28.5640223555741,0.0
color_2,S1.color.2,high - low,First report,178.77,-26.1309513246089,0.0
color_2,S1.color.2,low - high,First report,54.47,-6.24068175767282,0.0
color_2,S1.color.2,low - low,First report,70.32,-0.329852524242602,0.0
color_2,S1.color.2,low - low,First report,165.98,-3.53282626594208,0.0
color_2,S1.color.2,high - high,First report,93.75,-27.5255566903601,0.0
color_2,S1.color.2,high - low,First report,22.37,5.73728696454663,0.0
color_2,S1.color.2,high - high,First report,105.15,-42.7087759069923,0.0
color_2,S1.color.2,low - low,First report,117.3,-18.7043375432271,0.0
color_2,S1.color.2,low - high,First report,129.5,8.40521829897616,0.0
color_2,S1.color.2,high - low,First report,81.8,10.9998223170262,0.0
color_2,S1.color.2,low - high,First report,163.14,11.1936844592115,0.0
color_2,S1.color.2,high - low,First report,6.24999999999997,-12.1360161500661,0.0
color_2,S1.color.2,high - high,First report,39.26,11.839207341526,0.0
color_2,S1.color.2,low - high,First report,87.95,-2.5933032540696,0.0
color_2,S1.color.2,high - low,First report,129.76,-28.0355014117967,0.0
color_2,S1.color.2,low - high,First report,52.05,-3.77720270589648,0.0
color_2,S1.color.2,low - low,First report,80.71,19.452509020512,0.0
color_2,S1.color.2,low - high,First report,78.92,16.495374464813,0.0
color_2,S1.color.2,low - high,First report,120.98,-15.4871425148398,0.0
color_2,S1.color.2,low - low,First report,60.94,-1.77968395280093,0.0
color_2,S1.color.2,low - high,First report,105.99,-8.07175603367691,0.0
color_2,S1.color.2,low - low,First report,125.14,27.9989601455339,0.0
color_2,S1.color.2,high - high,First report,112.67,-15.433637120931,0.0
color_2,S1.color.2,high - low,First report,79.06,-23.5581750511641,0.0
color_2,S1.color.2,low - high,First report,70.46,15.4660798968888,0.0
color_2,S1.color.2,low - high,First report,3.69,-5.5106015880678,0.0
color_2,S1.color.2,low - low,First report,56.08,10.6274981619599,0.0
color_2,S1.color.2,high - low,First report,27.96,13.6433642473044,0.0
color_2,S1.color.2,low - low,First report,15.66,8.92026184006349,0.0
color_2,S1.color.2,high - low,First report,136.91,127.097813769559,1.0
color_2,S1.color.2,low - high,First report,29.6,9.93006550376022,0.0
color_2,S1.color.2,low - low,First report,41.24,-56.1902517049219,1.0
color_2,S1.color.2,high - low,First report,58.69,35.038620646699,0.0
color_2,S1.color.2,low - high,First report,93.9,9.00900339724753,0.0
color_2,S1.color.2,high - high,First report,30.64,197.42080441621,1.0
color_2,S1.color.2,high - low,First report,106.95,0.273695516843194,0.0
color_2,S1.color.2,high - low,First report,1.43000000000001,0.568204144283172,0.0
color_2,S1.color.2,high - high,First report,66.08,6.05536775641894,0.0
color_2,S1.color.2,low - high,First report,138.22,141.237303025386,1.0
color_2,S1.color.2,low - low,First report,53.31,-10.8847842276231,0.0
color_2,S1.color.2,low - low,First report,81.74,-44.0289074011237,1.0
color_2,S1.color.2,high - low,First report,141.04,26.1038342973351,0.0
color_2,S1.color.2,high - high,First report,74.81,23.8279181665497,0.0
color_2,S1.color.2,low - low,First report,53.82,-9.77392540867534,0.0
color_2,S1.color.2,low - high,First report,153.46,12.2831746534378,0.0
color_2,S1.color.2,low - high,First report,132.86,-9.3531790329346,0.0
color_2,S1.color.2,high - high,First report,75.24,17.8539716030609,0.0
color_2,S1.color.2,high - high,First report,119.27,-20.6482091796818,0.0
color_2,S1.color.2,low - high,First report,7.35,-17.2959997429204,0.0
color_2,S1.color.2,low - high,First report,176.21,63.3933248236126,1.0
color_2,S1.color.2,high - low,First report,120.88,4.84859547793251,0.0
color_2,S1.color.2,high - high,First report,26.51,9.92239272999028,0.0
color_2,S1.color.2,low - low,First report,109.92,10.0677570895859,0.0
color_2,S1.color.2,high - high,First report,62.87,-40.9599158773877,0.0
color_2,S1.color.2,low - high,First report,41.98,23.4630506380647,0.0
color_2,S1.color.2,high - high,First report,12.39,-2.95694891181675,0.0
color_2,S1.color.2,high - low,First report,86.77,13.4721015585927,0.0
color_2,S1.color.2,low - low,First report,38.18,-25.1778709619313,0.0
color_2,S1.color.2,high - low,First report,49.21,-5.40953788005848,0.0
color_2,S1.color.2,high - low,First report,109.59,15.066861463217,0.0
color_2,S1.color.2,high - low,First report,174.36,-5.27051658096114,0.0
color_2,S1.color.2,high - high,First report,120.14,-5.00605722254888,0.0
color_2,S1.color.2,low - high,First report,56.95,-0.483994546384944,0.0
color_2,S1.color.2,low - high,First report,175.46,18.3796081240896,0.0
color_2,S1.color.2,low - high,First report,5.08999999999994,17.9193179539212,0.0
color_2,S1.color.2,low - high,First report,73.95,30.749221929566,0.0
color_2,S1.color.2,high - low,First report,87.36,9.44367379729682,0.0
color_2,S1.color.2,high - high,First report,40.33,52.4245959108601,1.0
color_2,S1.color.2,low - low,First report,20.77,-13.3976210743984,0.0
color_2,S1.color.2,high - high,First report,170.85,15.2336649874763,0.0
color_2,S1.color.2,high - high,First report,160.59,-3.11870866686421,0.0
color_2,S1.color.2,high - low,First report,74.89,-17.0868210030459,0.0
color_2,S1.color.2,low - high,First report,40.86,15.4111466829679,0.0
color_2,S1.color.2,high - low,First report,61.28,19.8839514536094,0.0
color_2,S1.color.2,low - low,First report,144.16,-3.15570226642363,0.0
color_2,S1.color.2,low - low,First report,138.29,24.7872175483163,0.0
color_2,S1.color.2,high - low,First report,134.94,-6.40310484307926,0.0
color_2,S1.color.2,high - high,First report,15.4400000000001,1.7769973020443,0.0
color_2,S1.color.2,high - low,First report,12.53,11.2481490412002,0.0
color_2,S1.color.2,high - low,First report,151.25,14.6358348208147,0.0
color_2,S1.color.2,low - low,First report,14.65,-2.81475768963383,0.0
color_2,S1.color.2,high - high,First report,0.459999999999997,-8.28919753834862,0.0
color_2,S1.color.2,high - low,First report,43.97,-71.0639501575036,1.0
color_2,S1.color.2,high - high,First report,176.65,-23.439305860892,0.0
color_2,S1.color.2,low - low,First report,147.22,-1.1376504350377,0.0
color_2,S1.color.2,high - low,First report,116.42,-8.62367776134267,0.0
color_2,S1.color.2,low - low,First report,68.48,-2.41665619145958,0.0
color_2,S1.color.2,low - low,First report,27.53,-1.35614426301083,0.0
color_2,S1.color.2,low - high,First report,165.12,46.1854541688124,0.0
color_2,S1.color.2,high - high,First report,145.96,22.7895778715376,0.0
color_2,S1.color.2,low - low,First report,0.72999999999998,-32.409768522578,0.0
color_2,S1.color.2,low - low,First report,0.300000000000032,2.56623942851944,0.0
color_2,S1.color.2,high - low,First report,167.41,-4.79574071013651,0.0
color_2,S1.color.2,high - high,First report,7.16000000000001,32.8117732666119,0.0
color_2,S1.color.2,low - high,First report,19.23,-6.48492774294557,0.0
color_2,S1.color.2,high - high,First report,169.33,-9.99659888369324,0.0
color_2,S1.color.2,high - high,First report,97.22,0.789149778089522,0.0
color_2,S1.color.2,low - high,First report,153.59,6.03796768309002,0.0
color_2,S1.color.2,high - low,First report,50.13,0.265947920331826,0.0
color_2,S1.color.2,high - low,First report,97.46,-8.34416694282365,0.0
color_2,S1.color.2,low - high,First report,102.79,3.41524330967181,0.0
color_2,S1.color.2,high - high,First report,52.76,-5.3585679849492,0.0
color_2,S1.color.2,low - high,First report,172.17,0.114889855559243,0.0
color_2,S1.color.2,high - high,First report,49.83,6.73709577109339,0.0
color_2,S1.color.2,low - high,First report,83.26,-1.62114712662178,0.0
color_2,S1.color.2,low - low,First report,178.17,-3.86360908847956,0.0
color_2,S1.color.2,low - low,First report,12.02,-16.9153908874318,0.0
color_2,S1.color.2,low - low,First report,99.99,7.2362863976589,0.0
color_2,S1.color.2,low - high,First report,95.58,-8.30412624442887,0.0
color_2,S1.color.2,low - low,First report,116.28,-14.610146450801,0.0
color_2,S1.color.2,low - high,First report,120.77,-2.1074788793534,0.0
color_2,S1.color.2,high - low,First report,32.11,-44.5999505457196,0.0
color_2,S1.color.2,low - low,First report,161.25,-3.4423916077552,0.0
color_2,S1.color.2,high - high,First report,143.88,4.94334185904459,0.0
color_2,S1.color.2,high - high,First report,164.32,-16.8732631378092,0.0
color_2,S1.color.2,low - low,First report,151.67,13.4864048408497,0.0
color_2,S1.color.2,high - low,First report,22.68,-2.32543262281132,0.0
color_2,S1.color.2,high - low,First report,65.08,-18.1745617172307,0.0
color_2,S1.color.2,low - low,First report,134.53,-2.0525061684353,0.0
color_2,S1.color.2,low - low,First report,162.92,2.12930021345791,0.0
color_2,S1.color.2,high - high,First report,129.23,-23.7588653675698,0.0
color_2,S1.color.2,low - low,First report,29.42,-17.4012448206657,0.0
color_2,S1.color.2,high - high,First report,22.29,37.076400378257,0.0
color_2,S1.color.2,high - high,First report,139.38,-14.713519678248,0.0
color_2,S1.color.2,high - low,First report,157.58,179.927308893429,1.0
color_2,S1.color.2,high - low,First report,145.07,-19.4762883859493,0.0
color_2,S1.color.2,low - high,First report,162.53,21.4383360766846,0.0
color_2,S1.color.2,high - low,First report,175.08,-52.5307479239135,0.0
color_2,S1.color.2,high - low,First report,3.47000000000004,27.9849834343805,0.0
color_2,S1.color.2,high - low,First report,100.04,20.2551529574355,0.0
color_2,S1.color.2,low - high,First report,135.51,-38.2751607887201,0.0
color_2,S1.color.2,high - high,First report,62.49,0.638311465208382,0.0
color_2,S1.color.2,low - high,First report,16.39,-9.85974189211342,0.0
color_2,S1.color.2,high - high,First report,97.72,10.7708843036564,0.0
color_2,S1.color.2,high - high,First report,91.84,-1.09108371190464,0.0
color_2,S1.color.2,low - low,First report,86.11,-4.83537730462898,0.0
color_2,S1.color.2,high - high,First report,2.34000000000001,33.1511150883732,0.0
color_2,S1.color.2,low - high,First report,63.21,-12.5899971573574,0.0
color_2,S1.color.2,low - high,First report,27.93,29.4184668822883,0.0
color_2,S1.color.2,low - high,First report,3.35,8.14548825376147,0.0
color_2,S1.color.2,high - high,First report,154.78,31.7027605970321,0.0
color_2,S1.color.2,high - low,First report,38.52,-25.6035233099196,0.0
color_2,S1.color.2,high - high,First report,132.58,146.60616466105,1.0
color_2,S1.color.2,low - low,First report,179.25,8.11588964242587,0.0
color_2,S1.color.2,low - low,First report,170.98,-13.7955333578202,0.0
color_2,S1.color.2,high - high,First report,76.35,10.1133275355354,0.0
color_2,S1.color.2,high - low,First report,159.23,1.45088237894117,0.0
color_2,S1.color.2,high - high,First report,132.1,8.46635919733612,0.0
color_2,S1.color.2,low - low,First report,60.06,-41.9703566563157,0.0
color_2,S1.color.2,low - low,First report,72.76,-13.4041036527862,0.0
color_2,S1.color.2,low - high,First report,142.68,10.496855555828,0.0
color_2,S1.color.2,high - high,First report,53.86,46.8040095370053,0.0
color_2,S1.color.2,high - high,First report,71.57,12.6169750116879,0.0
color_2,S1.color.2,high - high,First report,105.72,-1.12135214163362,0.0
color_2,S1.color.2,high - low,First report,33.06,-1.26801561471896,0.0
color_2,S1.color.2,low - low,First report,91.6,-2.45967559186732,0.0
color_2,S1.color.2,low - low,First report,14.41,-15.1076734056576,0.0
color_2,S1.color.2,high - high,First report,14.1,-15.6759351031331,0.0
color_2,S1.color.2,high - low,First report,147.92,4.21771469076533,0.0
color_2,S1.color.2,high - low,First report,138.53,5.94215305058148,0.0
color_2,S1.color.2,high - low,First report,45.3,-5.60627729275264,0.0
color_2,S1.color.2,low - high,First report,75.26,2.3726912516025,0.0
color_2,S1.color.2,low - high,First report,70.9200000000001,-19.9847063635518,0.0
color_2,S1.color.2,low - high,First report,131.46,16.9390254618722,0.0
color_2,S1.color.2,low - high,First report,88.46,-1.22318724061009,0.0
color_2,S1.color.2,high - high,First report,112.03,-35.5563338709008,0.0
color_2,S1.color.2,high - high,First report,176.87,7.1848229361599,0.0
color_2,S1.color.2,low - high,First report,133.38,29.5863259720326,0.0
color_2,S1.color.2,high - high,First report,39.82,-4.23525816042365,0.0
color_2,S1.color.2,low - low,First report,96.38,-22.7701653249878,0.0
color_2,S1.color.2,high - high,First report,126.71,-11.753993475241,0.0
color_2,S1.color.2,low - high,First report,103.59,1.96681629803814,0.0
color_2,S1.color.2,high - low,First report,52.77,-18.0606974760787,0.0
color_2,S1.color.2,high - high,First report,20.98,37.6934510402725,0.0
color_2,S1.color.2,high - high,First report,25.08,6.00392601793789,0.0
color_2,S1.color.2,low - low,First report,178.23,20.7522988760294,0.0
color_2,S1.color.2,high - high,First report,1.49000000000001,-87.5656132638688,1.0
color_2,S1.color.2,low - low,First report,30.54,22.626597658324,0.0
color_2,S1.color.2,high - low,First report,111.2,15.4224630197507,0.0
color_2,S1.color.2,low - high,First report,171.7,8.80587782144325,0.0
color_2,S1.color.2,high - low,First report,174.92,-10.0878625761685,0.0
color_2,S1.color.2,low - low,First report,40.15,4.76031409269587,0.0
color_2,S1.color.2,high - low,First report,64.87,-12.8251695267037,0.0
color_2,S1.color.2,low - low,First report,172.21,7.26890989553727,0.0
color_2,S1.color.2,low - high,First report,57.7000000000001,-11.1830191916507,0.0
color_2,S1.color.2,low - low,First report,0.639999999999986,-11.526380654167,0.0
color_2,S1.color.2,high - low,First report,95.34,-37.1999995318154,1.0
color_2,S1.color.2,high - high,First report,64.98,-28.4611855327989,0.0
color_2,S1.color.2,high - low,First report,118.87,-14.4950051937984,0.0
color_2,S1.color.2,low - low,First report,4.73999999999999,-12.2748915549982,0.0
color_2,S1.color.2,low - low,First report,58.1400000000001,-34.3773361818014,0.0
color_2,S1.color.2,high - low,First report,170.38,2.93408144682514,0.0
color_2,S1.color.2,low - low,First report,94.3000000000001,20.8176742766537,0.0
color_2,S1.color.2,low - high,First report,177.83,21.2139177025458,0.0
color_2,S1.color.2,high - low,First report,162.1,1.21890030961808,0.0
color_2,S1.color.2,high - high,First report,144.18,129.452919055039,1.0
color_2,S1.color.2,low - low,First report,47.49,5.9303162867176,0.0
color_2,S1.color.2,high - low,First report,176.13,-5.95806773580392,0.0
color_2,S1.color.2,low - high,First report,116.38,-9.92950283705348,0.0
color_2,S1.color.2,low - low,First report,173.27,4.39541167129229,0.0
color_2,S1.color.2,high - high,First report,49.83,-3.49214860300863,0.0
color_2,S1.color.2,high - low,First report,115.77,-21.7244236400669,0.0
color_2,S1.color.2,low - high,First report,27.59,22.7616006162645,0.0
color_2,S1.color.2,low - high,First report,35.05,8.17952616024818,0.0
color_2,S1.color.2,low - high,First report,80.01,19.7715155082548,0.0
color_2,S1.color.2,high - high,First report,138.32,-16.53480226215,0.0
color_2,S1.color.2,high - high,First report,145.27,-31.8519004641106,0.0
color_2,S1.color.2,low - high,First report,3.31,13.6336163032045,0.0
color_2,S1.color.2,high - low,First report,77.11,21.9572595193759,0.0
color_2,S1.color.2,low - high,First report,54.21,2.50264156099098,0.0
color_2,S1.color.2,low - low,First report,145.47,-12.2176412942112,0.0
color_2,S1.color.2,high - low,First report,65.1,-15.3493929217516,0.0
color_2,S1.color.2,low - low,First report,138.5,-17.0766150446292,0.0
color_2,S1.color.2,low - high,First report,60.6,0.45171538528703,0.0
color_2,S1.color.2,low - high,First report,22.07,7.59119416189602,0.0
color_2,S1.color.2,low - low,First report,122.07,14.3598549190338,0.0
color_2,S1.color.2,low - high,First report,119.09,-10.8210264359371,0.0
color_2,S1.color.2,high - low,First report,135.71,-31.2877868265301,0.0
color_2,S1.color.2,high - high,First report,18.47,34.8825823592495,0.0
color_2,S1.color.2,low - high,First report,10.63,13.3619615954842,0.0
color_2,S1.color.2,low - low,First report,43.87,35.3787211318484,0.0
color_2,S1.color.2,low - high,First report,105.04,4.49297662269557,0.0
color_2,S1.color.2,low - low,First report,79.79,9.97802745712928,0.0
color_2,S1.color.2,low - high,First report,42.67,9.00418548682757,0.0
color_2,S1.color.2,low - low,First report,5.39999999999997,2.7191014455214,0.0
color_2,S1.color.2,high - low,First report,4.29000000000001,0.861041422789167,0.0
color_2,S1.color.2,low - high,First report,146.91,2.42688450192794,0.0
color_2,S1.color.2,high - low,First report,177.81,-165.403674923355,1.0
color_2,S1.color.2,low - high,First report,178.92,-8.46875025789572,0.0
color_2,S1.color.2,high - high,First report,12.43,13.621198460548,0.0
color_2,S1.color.2,high - high,First report,165.16,34.7072592443867,0.0
color_2,S1.color.2,low - high,First report,14.78,-19.3391943053402,0.0
color_2,S1.color.2,high - low,First report,103.75,4.81308369891787,0.0
color_2,S1.color.2,high - high,First report,63.1600000000001,-36.8939877582611,0.0
color_2,S1.color.2,high - low,First report,5.82999999999999,5.28385944970823,0.0
color_2,S1.color.2,high - low,First report,159.16,28.576064640786,0.0
color_2,S1.color.2,high - high,First report,99.77,-7.04155631301327,0.0
color_2,S1.color.2,high - low,First report,6.78999999999996,17.1942677111593,0.0
color_2,S1.color.2,low - high,First report,0.620000000000012,-8.61649412035712,0.0
color_2,S1.color.2,low - high,First report,48.5699999999999,-2.88676868903738,0.0
color_2,S1.color.2,high - low,First report,90.56,19.2182065812946,0.0
color_2,S1.color.2,high - high,First report,150.13,-49.6655813179953,0.0
color_2,S1.color.2,low - low,First report,16.13,20.2011449724183,0.0
color_2,S1.color.2,low - high,First report,102.45,-6.42535357295181,0.0
color_2,S1.color.2,low - low,First report,17.93,-21.1196269441282,0.0
color_2,S1.color.2,high - high,First report,28.47,4.65261786004004,0.0
color_2,S1.color.2,low - low,First report,77.46,28.1687314397552,0.0
color_2,S1.color.2,high - high,First report,81.73,19.9804433650368,0.0
color_2,S1.color.2,high - low,First report,114.09,3.6781257652832,0.0
color_2,S1.color.2,low - low,First report,138.74,32.8724254249459,0.0
color_2,S1.color.2,low - low,First report,155.1,5.19046373594841,0.0
color_2,S1.color.2,high - low,First report,42.4,19.70379144074,0.0
color_2,S1.color.2,low - high,First report,67.05,-4.84362718223722,0.0
color_2,S1.color.2,low - high,First report,162.95,-17.6383812337688,0.0
color_2,S1.color.2,high - high,First report,43.16,5.26132852848885,0.0
color_2,S1.color.2,low - low,First report,127.76,17.0681573515152,0.0
color_2,S1.color.2,high - low,First report,56.26,-1.93417661657334,0.0
color_2,S1.color.2,low - high,First report,91.15,13.1160512215288,0.0
color_2,S1.color.2,low - low,First report,176.73,-1.60187186665875,0.0
color_2,S1.color.2,low - low,First report,49.77,4.32635101623915,0.0
color_2,S1.color.2,low - high,First report,167.46,-1.66360742374608,0.0
color_2,S1.color.2,high - low,First report,32.31,-23.9761020136493,0.0
color_2,S1.color.2,low - low,First report,110.39,14.5832464827382,0.0
color_2,S1.color.2,high - low,First report,71.9,74.443861653932,1.0
color_2,S1.color.2,high - low,First report,150.32,-6.53065094620783,0.0
color_2,S1.color.2,low - high,First report,155.44,2.46084105719852,0.0
color_2,S1.color.2,high - low,First report,2.89000000000002,-1.63251416756551,0.0
color_2,S1.color.2,low - low,First report,30.2,22.7546375225533,0.0
color_2,S1.color.2,low - high,First report,19.71,17.2188561566348,0.0
color_2,S1.color.2,low - high,First report,140.1,17.2457307751634,0.0
color_2,S1.color.2,high - high,First report,172.32,-20.4434927562199,0.0
color_2,S1.color.2,low - low,First report,69.0,26.0581240277016,0.0
color_2,S1.color.2,high - high,First report,175.49,-10.1212292472068,0.0
color_2,S1.color.2,high - low,First report,76.39,10.3652760638976,0.0
color_2,S1.color.2,high - low,First report,134.86,11.6170578632363,0.0
color_2,S1.color.2,high - high,First report,79.17,-9.51888457274578,0.0
color_2,S1.color.2,low - high,First report,154.05,0.906143851503177,0.0
color_2,S1.color.2,high - high,First report,66.22,-28.7836301441948,0.0
color_2,S1.color.2,high - high,First report,119.27,-5.20603688720582,0.0
color_2,S1.color.2,high - high,First report,122.83,-5.36500590160516,0.0
color_2,S1.color.2,high - high,First report,161.84,-138.304084150801,1.0
color_2,S1.color.2,low - low,First report,129.15,6.0713625676783,0.0
color_2,S1.color.2,high - high,First report,100.21,5.73821813893125,0.0
color_2,S1.color.2,high - high,First report,92.9700000000001,-12.9357890651607,0.0
color_2,S1.color.2,low - low,First report,145.83,-16.2817953159001,0.0
color_2,S1.color.2,low - high,First report,28.59,7.75195240272351,0.0
color_2,S1.color.2,low - low,First report,117.04,77.4448457154098,1.0
color_2,S1.color.2,high - low,First report,90.07,14.0046203181134,0.0
color_2,S1.color.2,high - high,First report,157.46,-0.61371360969112,0.0
color_2,S1.color.2,high - low,First report,42.6,-1.06882823681999,0.0
color_2,S1.color.2,high - high,First report,85.52,-7.19799421309596,0.0
color_2,S1.color.2,low - high,First report,106.84,46.1973329060273,0.0
color_2,S1.color.2,high - high,First report,3.91999999999999,-11.5084003318965,0.0
color_2,S1.color.2,high - low,First report,17.61,93.3729457658322,1.0
color_2,S1.color.2,low - low,First report,100.3,19.1719357643872,0.0
color_2,S1.color.2,low - low,First report,105.99,4.32288679075862,0.0
color_2,S1.color.2,low - low,First report,163.58,-15.9689098968936,0.0
color_2,S1.color.2,high - low,First report,17.87,25.8328984496328,0.0
color_2,S1.color.2,high - low,First report,126.97,48.3586551414543,0.0
color_2,S1.color.2,low - low,First report,40.66,-29.671546718494,0.0
color_2,S1.color.2,low - low,First report,117.24,-44.0287112036641,0.0
color_2,S1.color.2,high - low,First report,177.14,-57.2692255546769,0.0
color_2,S1.color.2,high - high,First report,77.84,5.25736468659182,0.0
color_2,S1.color.2,low - low,First report,3.48999999999999,3.84009024206763,0.0
color_2,S1.color.2,high - low,First report,109.5,-6.89922839760285,0.0
color_2,S1.color.2,low - low,First report,102.89,-9.35309394112295,0.0
color_2,S1.color.2,low - high,First report,2.68999999999999,17.3621117270702,0.0
color_2,S1.color.2,high - low,First report,177.59,11.2433782684024,0.0
color_2,S1.color.2,low - high,First report,45.13,1.43608104426084,0.0
color_2,S1.color.2,low - low,First report,175.73,-5.67032086733421,0.0
color_2,S1.color.2,high - low,First report,90.74,6.46962666932729,0.0
color_2,S1.color.2,low - low,First report,27.36,2.37200162190512,0.0
color_2,S1.color.2,low - low,First report,161.81,4.66751943439186,0.0
color_2,S1.color.2,low - high,First report,32.79,-20.5120509690452,0.0
color_2,S1.color.2,low - high,First report,153.33,-12.1284569567836,0.0
color_2,S1.color.2,low - low,First report,139.45,4.6012439439092,0.0
color_2,S1.color.2,high - high,First report,176.97,21.0634608301,0.0
color_2,S1.color.2,high - low,First report,73.8,26.2550416668612,0.0
color_2,S1.color.2,high - low,First report,108.4,-22.4590368291701,0.0
color_2,S1.color.2,high - high,First report,28.39,5.42003886617983,0.0
color_2,S1.color.2,low - low,First report,45.26,-0.576609827586744,0.0
color_2,S1.color.2,low - high,First report,162.11,-42.9424230267762,0.0
color_2,S1.color.2,high - high,First report,165.01,-23.4085289112134,0.0
color_2,S1.color.2,high - high,First report,160.02,13.4529817437702,0.0
color_2,S1.color.2,high - high,First report,110.36,-12.1652206984531,0.0
color_2,S1.color.2,high - low,First report,157.07,-6.59736661196621,0.0
color_2,S1.color.2,high - high,First report,56.45,15.4027182904534,0.0
color_2,S1.color.2,high - low,First report,4.48000000000003,-29.2132916540619,0.0
color_2,S1.color.2,low - low,First report,13.97,-4.90100976236536,0.0
color_2,S1.color.2,high - low,First report,96.68,-18.9369574246271,0.0
color_2,S1.color.2,high - low,First report,95.3599999999999,-26.7879132476724,0.0
color_2,S1.color.2,high - high,First report,158.88,-80.587879155587,1.0
color_2,S1.color.2,low - high,First report,144.55,5.81588078705669,0.0
color_2,S1.color.2,high - high,First report,17.81,1.65300229450229,0.0
color_2,S1.color.2,high - high,First report,99.9400000000001,-4.67429315098753,0.0
color_2,S1.color.2,high - low,First report,7.78,-0.550485797369655,0.0
color_2,S1.color.2,low - low,First report,155.49,17.8216481244238,0.0
color_2,S1.color.2,low - low,First report,131.07,-6.41017122656718,0.0
color_2,S1.color.2,high - high,First report,138.9,-0.966484984940746,0.0
color_2,S1.color.2,low - high,First report,43.64,6.27520273945363,0.0
color_2,S1.color.2,high - high,First report,152.6,26.304100724546,0.0
color_2,S1.color.2,high - low,First report,63.59,14.8963445979551,0.0
color_2,S1.color.2,low - high,First report,10.51,8.65979201339391,0.0
color_2,S1.color.2,low - low,First report,127.81,-0.61054146559218,0.0
color_2,S1.color.2,low - low,First report,108.29,-22.631493792604,0.0
color_2,S1.color.2,low - high,First report,63.76,14.3002133950972,0.0
color_2,S1.color.2,low - high,First report,167.63,15.1867450922793,0.0
color_2,S1.color.2,low - low,First report,23.78,-15.048725912872,0.0
color_2,S1.color.2,high - high,First report,122.53,6.69650590995778,0.0
color_2,S1.color.2,low - low,First report,54.61,-16.6835693839197,0.0
color_2,S1.color.2,high - high,First report,85.63,6.27520146066574,0.0
color_2,S1.color.2,high - low,First report,119.29,23.8790667013638,0.0
color_2,S1.color.2,high - low,First report,126.03,-2.73826656686156,0.0
color_2,S1.color.2,low - low,First report,19.17,-30.6873899514814,0.0
color_2,S1.color.2,high - low,First report,170.21,-3.85645926177889,0.0
color_2,S1.color.2,high - low,First report,135.36,-63.6919149790466,1.0
color_2,S1.color.2,low - high,First report,153.41,-10.1317934036771,0.0
color_2,S1.color.2,high - high,First report,143.76,-64.7360560163114,1.0
color_2,S1.color.2,high - high,First report,9.45999999999997,15.0322545540528,0.0
color_2,S1.color.2,high - low,First report,23.09,7.96143784807362,0.0
color_2,S1.color.2,high - high,First report,50.65,-0.604173700985454,0.0
color_2,S1.color.2,high - high,First report,90.48,-0.160951835837382,0.0
color_2,S1.color.2,low - high,First report,111.45,-3.54957364794998,0.0
color_2,S1.color.2,low - low,First report,65.39,23.7204364310825,0.0
color_2,S1.color.2,low - low,First report,82.97,-14.5772046309583,0.0
color_2,S1.color.2,low - high,First report,34.28,-14.2027570812877,0.0
color_2,S1.color.2,high - low,First report,5.20999999999998,12.7342146869352,0.0
color_2,S1.color.2,high - high,First report,39.3,6.74815009694774,0.0
color_2,S1.color.2,low - low,First report,146.07,-18.1779564579369,0.0
color_2,S1.color.2,low - low,First report,172.27,-10.0706356772433,0.0
color_2,S1.color.2,low - high,First report,104.0,3.2598843412369,0.0
color_2,S1.color.2,high - low,First report,84.8199999999999,-13.3456888347577,0.0
color_2,S1.color.2,low - high,First report,76.65,14.4372743380668,0.0
color_2,S1.color.2,high - low,First report,150.99,1.65578884620127,0.0
color_2,S1.color.2,low - high,First report,7.41,-12.3219500601525,0.0
color_2,S1.color.2,high - low,First report,161.05,-4.67462996472784,0.0
color_2,S1.color.2,low - high,First report,127.9,-4.51547015373585,0.0
color_2,S1.color.2,low - low,First report,41.47,-7.12664797712244,0.0
color_2,S1.color.2,low - high,First report,77.5400000000001,-13.2848576669374,0.0
color_2,S1.color.2,low - high,First report,166.53,-16.375629629563,0.0
color_2,S1.color.2,low - low,First report,175.46,-6.33357830076285,0.0
color_2,S1.color.2,high - low,First report,22.32,0.640835084300459,0.0
color_2,S1.color.2,low - low,First report,11.5,29.7722624392973,0.0
color_2,S1.color.2,high - high,First report,96.18,-23.6770361665919,0.0
color_2,S1.color.2,low - low,First report,70.02,-0.0558980403511509,0.0
color_2,S1.color.2,high - high,First report,64.85,10.0252414635913,0.0
color_2,S1.color.2,high - low,First report,74.48,4.76194981649188,0.0
color_2,S1.color.2,low - high,First report,18.06,4.4694878652657,0.0
color_2,S1.color.2,high - high,First report,19.2,7.32536508309528,0.0
color_2,S1.color.2,low - low,First report,89.7,9.55081512758276,0.0
color_2,S1.color.2,high - low,First report,75.74,3.08058416302547,0.0
color_2,S1.color.2,high - high,First report,177.0,9.39395993658452,0.0
color_2,S1.color.2,low - high,First report,62.74,-12.3906797922028,0.0
color_2,S1.color.2,low - high,First report,86.78,18.8277504217404,0.0
color_2,S1.color.2,low - high,First report,15.39,1.90379736741999,0.0
color_2,S1.color.2,high - high,First report,67.83,-0.627213929575746,0.0
color_2,S1.color.2,high - low,First report,58.14,6.78164230741296,0.0
color_2,S1.color.2,high - high,First report,154.44,2.91321414627354,0.0
color_2,S1.color.2,low - low,First report,118.89,-0.853693959526412,0.0
color_2,S1.color.2,high - high,First report,76.2500000000001,10.7510078960147,0.0
color_2,S1.color.2,low - low,First report,94.25,4.64924087694755,0.0
color_2,S1.color.2,high - high,First report,165.1,-5.1441618662173,0.0
color_2,S1.color.2,low - low,First report,143.93,-11.1269825919784,0.0
color_2,S1.color.2,low - high,First report,118.59,7.18257952290263,0.0
color_2,S1.color.2,high - high,First report,130.85,-7.04500482911701,0.0
color_2,S1.color.2,low - low,First report,165.69,0.185228525420133,0.0
color_2,S1.color.2,high - high,First report,130.63,-0.267926000520776,0.0
color_2,S1.color.2,high - low,First report,52.26,39.7415026499133,0.0
color_2,S1.color.2,low - low,First report,28.32,-22.0515032959928,0.0
color_2,S1.color.2,high - low,First report,87.97,5.9856758984712,0.0
color_2,S1.color.2,low - high,First report,122.66,16.3055967350954,0.0
color_2,S1.color.2,low - high,First report,141.68,3.04542093493779,0.0
color_2,S1.color.2,low - high,First report,130.6,-1.19121020228023,0.0
color_2,S1.color.2,high - low,First report,2.9,21.5833779232794,0.0
color_2,S1.color.2,high - low,First report,119.9,0.59163688354771,0.0
color_2,S1.color.2,low - high,First report,0.849999999999998,2.79362380379971,0.0
color_2,S1.color.2,low - high,First report,103.92,-24.0582184658035,0.0
color_2,S1.color.2,high - high,First report,0.360000000000003,15.690395705414,0.0
color_2,S1.color.2,high - low,First report,32.09,24.0555933948571,0.0
color_2,S1.color.2,low - high,First report,65.57,18.4942572500184,0.0
color_2,S1.color.2,low - low,First report,62.24,3.83904816416262,0.0
color_2,S1.color.2,high - high,First report,0.0199999999999988,14.4703442794246,0.0
color_2,S1.color.2,low - low,First report,104.19,0.640063559695971,0.0
color_2,S1.color.2,high - low,First report,126.94,19.1372825602547,0.0
color_2,S1.color.2,low - high,First report,155.12,-9.59278477007741,0.0
color_2,S1.color.2,low - high,First report,178.61,-5.81248152099889,0.0
color_2,S1.color.2,high - high,First report,118.3,12.9273694523909,0.0
color_2,S1.color.2,low - high,First report,112.55,15.0844826142263,0.0
color_2,S1.color.2,high - low,First report,144.75,-23.0482800386843,0.0
color_2,S1.color.2,high - high,First report,74.92,8.54893969779324,0.0
color_2,S1.color.2,high - high,First report,11.92,-7.2994826073306,0.0
color_2,S1.color.2,low - high,First report,175.73,4.99051598511234,0.0
color_2,S1.color.2,low - low,First report,150.73,-13.5781102562548,0.0
color_2,S1.color.2,high - high,First report,110.3,-1.31593866710212,0.0
color_2,S1.color.2,high - low,First report,34.26,-129.907926990041,1.0
color_2,S1.color.2,high - high,First report,40.18,0.908663879159718,0.0
color_2,S1.color.2,high - low,First report,44.29,4.98357192805572,0.0
color_2,S1.color.2,high - low,First report,171.77,12.5386563380738,0.0
color_2,S1.color.2,low - low,First report,1.73999999999999,1.41525719124893,0.0
color_2,S1.color.2,high - low,First report,150.01,-16.4616663802544,0.0
color_2,S1.color.2,high - high,First report,54.69,24.0104666124675,0.0
color_2,S1.color.2,low - high,First report,72.9099999999999,-6.87167441497704,0.0
color_2,S1.color.2,low - high,First report,37.56,10.5278531312737,0.0
color_2,S1.color.2,high - high,First report,29.13,-3.03956160053225,0.0
color_2,S1.color.2,low - high,First report,90.02,18.8759545316333,0.0
color_2,S1.color.2,high - low,First report,54.96,1.06931922342989,0.0
color_2,S1.color.2,low - low,First report,113.36,5.08221847317694,0.0
color_2,S1.color.2,low - low,First report,79.29,-0.714901018106408,0.0
color_2,S1.color.2,high - low,First report,43.4699999999999,-19.2917035135861,0.0
color_2,S1.color.2,low - low,First report,60.4,19.8683886313137,0.0
color_2,S1.color.2,low - high,First report,155.88,14.1034751897914,0.0
color_2,S1.color.2,high - high,First report,160.44,-7.1952562055351,0.0
color_2,S1.color.2,high - high,First report,47.3,30.9358908667157,0.0
color_2,S1.color.2,high - high,First report,9.19999999999996,6.04841859129735,0.0
color_2,S1.color.2,high - low,First report,176.03,1.48580122794724,0.0
color_2,S1.color.2,high - high,First report,91.84,-147.446725398283,1.0
color_2,S1.color.2,high - low,First report,141.12,22.815258613657,0.0
color_2,S1.color.2,high - low,First report,43.81,21.6716805921026,0.0
color_2,S1.color.2,low - low,First report,163.01,-3.26703032538191,0.0
color_2,S1.color.2,high - high,First report,82.55,-0.308434850340905,0.0
color_2,S1.color.2,high - high,First report,1.62,1.18622909794252,0.0
color_2,S1.color.2,low - high,First report,70.9899999999999,-53.021578992049,0.0
color_2,S1.color.2,low - high,First report,2.04000000000003,-9.99358350776891,0.0
color_2,S1.color.2,low - high,First report,38.8,4.8863466723911,0.0
color_2,S1.color.2,high - high,First report,73.97,-5.13746622676461,0.0
color_2,S1.color.2,high - high,First report,21.68,18.8637900988299,0.0
color_2,S1.color.2,low - low,First report,24.53,29.6556945286421,0.0
color_2,S1.color.2,low - high,First report,31.71,5.61742995768862,0.0
color_2,S1.color.2,high - high,First report,139.32,-20.9989174456773,0.0
color_2,S1.color.2,low - high,First report,106.25,-2.99097680883113,0.0
color_2,S1.color.2,low - low,First report,40.17,7.23371342668948,0.0
color_2,S1.color.2,low - high,First report,19.6,-16.0604486899297,0.0
color_2,S1.color.2,high - low,First report,122.48,22.3519513266938,0.0
color_2,S1.color.2,high - low,First report,74.18,61.6838467142283,1.0
color_2,S1.color.2,high - high,First report,96.73,6.0298200219899,0.0
color_2,S1.color.2,low - low,First report,139.74,-5.50672689056873,0.0
color_2,S1.color.2,high - low,First report,146.94,-25.9420587706557,0.0
color_2,S1.color.2,low - low,First report,96.56,-4.67063753445999,0.0
color_2,S1.color.2,low - high,First report,83.45,5.13524012128898,0.0
color_2,S1.color.2,low - low,First report,32.19,-12.5673438968213,0.0
color_2,S1.color.2,high - low,First report,91.37,-4.85069678287427,0.0
color_2,S1.color.2,low - high,First report,160.93,-2.89026896820082,0.0
color_2,S1.color.2,low - low,First report,164.19,163.173195794451,1.0
color_2,S1.color.2,high - low,First report,130.43,-3.53867655277882,0.0
color_2,S1.color.2,low - low,First report,10.89,36.6144098540924,0.0
color_2,S1.color.2,low - high,First report,135.69,3.72657589391775,0.0
color_2,S1.color.2,high - high,First report,108.38,14.8755234479845,0.0
color_2,S1.color.2,low - high,First report,127.38,121.446203871813,1.0
color_2,S1.color.2,high - high,First report,56.96,-47.3353806471266,0.0
color_2,S1.color.2,low - high,First report,85.06,27.5990699854129,0.0
color_2,S1.color.2,low - high,First report,122.5,29.7513638841309,0.0
color_2,S1.color.2,high - high,First report,146.37,17.9748651420821,0.0
color_2,S1.color.2,high - high,First report,148.16,6.65431636468877,0.0
color_2,S1.color.2,low - high,First report,139.83,4.66143993249546,0.0
color_2,S1.color.2,high - low,First report,48.15,59.6670120920227,0.0
color_2,S1.color.2,low - high,First report,48.17,-7.0105241173118,0.0
color_2,S1.color.2,low - low,First report,13.09,-5.56668053740606,0.0
color_2,S1.color.2,high - high,First report,132.28,-30.1010486417221,0.0
color_2,S1.color.2,high - low,First report,2.34000000000001,-55.6202270663192,0.0
color_2,S1.color.2,low - low,First report,69.43,-3.77321554327064,0.0
color_2,S1.color.2,low - high,First report,178.99,-17.9290430969176,0.0
color_2,S1.color.2,low - low,First report,126.73,2.63749092938525,0.0
color_2,S1.color.2,low - high,First report,64.08,-7.82558512462943,0.0
color_2,S1.color.2,high - low,First report,123.25,-16.3516981350293,0.0
color_2,S1.color.2,low - low,First report,93.45,2.32365544649798,0.0
color_2,S1.color.2,low - high,First report,169.0,-19.7621537017927,0.0
color_2,S1.color.2,low - low,First report,142.71,2.33147271984186,0.0
color_2,S1.color.2,high - high,First report,0.72999999999998,-6.56291046830432,0.0
color_2,S1.color.2,low - high,First report,98.75,-7.71612983802481,0.0
color_2,S1.color.2,high - high,First report,102.05,21.4507835547428,0.0
color_2,S1.color.2,low - low,First report,119.47,-11.4877002722294,0.0
color_2,S1.color.2,high - low,First report,18.52,21.7223882821221,0.0
color_2,S1.color.2,high - low,First report,135.5,3.72769427933627,0.0
color_2,S1.color.2,high - low,First report,133.52,-1.87425537204814,0.0
color_2,S1.color.2,low - high,First report,153.85,-4.54948316043694,0.0
color_2,S1.color.2,high - high,First report,116.64,3.28311559010635,0.0
color_2,S1.color.2,low - low,First report,175.32,-9.02407566703321,0.0
color_2,S1.color.2,low - high,First report,58.43,11.762098596575,0.0
color_2,S1.color.2,high - high,First report,59.24,20.4874120502157,0.0
color_2,S1.color.2,low - high,First report,4.63999999999999,3.87402230268146,0.0
color_2,S1.color.2,high - low,First report,25.53,15.2882660154276,0.0
color_2,S1.color.2,high - low,First report,83.2,-3.74803186482885,0.0
color_2,S1.color.2,high - low,First report,156.36,-5.05626206038289,0.0
color_2,S1.color.2,low - low,First report,1.12000000000001,5.06847778710435,0.0
color_2,S1.color.2,high - low,First report,147.12,25.1827666091059,0.0
color_2,S1.color.2,high - low,First report,169.64,12.5705724649788,0.0
color_2,S1.color.2,high - low,First report,110.19,-13.8012390938189,0.0
color_2,S1.color.2,high - low,First report,178.27,17.9470234409044,0.0
color_2,S1.color.2,high - low,First report,10.85,4.04910407948793,0.0
color_2,S1.color.2,high - high,First report,34.7,-5.17790575828617,0.0
color_2,S1.color.2,low - low,First report,60.95,-13.0069897598624,0.0
color_2,S1.color.2,low - high,First report,88.18,-13.1623188071954,0.0
color_2,S1.color.2,high - low,First report,82.49,20.430154247345,0.0
color_2,S1.color.2,low - low,First report,1.13999999999998,4.76777317929307,0.0
color_2,S1.color.2,low - high,First report,20.06,-2.09686904578834,0.0
color_2,S1.color.2,high - high,First report,42.32,-6.37597636126158,0.0
color_2,S1.color.2,low - high,First report,7.4,-2.10239744803758,0.0
color_2,S1.color.2,low - low,First report,119.57,-5.83370653909216,0.0
color_2,S1.color.2,low - high,First report,6.47000000000001,3.84252910412835,0.0
color_2,S1.color.2,high - high,First report,115.75,44.587441338179,0.0
color_2,S1.color.2,high - low,First report,97.5599999999999,-16.4341948904034,0.0
color_2,S1.color.2,high - high,First report,176.3,-14.2967577361096,0.0
color_2,S1.color.2,high - high,First report,33.91,-6.7735436257815,0.0
color_2,S1.color.2,high - low,First report,49.83,-20.4747203616201,0.0
color_2,S1.color.2,low - low,First report,54.59,-14.500341815522,0.0
color_2,S1.color.2,high - high,First report,94.81,35.6683960903011,0.0
color_2,S1.color.2,high - low,First report,155.24,-38.6057406997326,0.0
color_2,S1.color.2,high - low,First report,38.45,77.6058967538446,1.0
color_2,S1.color.2,high - low,First report,64.65,-17.7009528809464,0.0
color_2,S1.color.2,high - high,First report,51.52,-16.6356048643351,0.0
color_2,S1.color.2,high - high,First report,44.64,6.00643278781113,0.0
color_2,S1.color.2,low - low,First report,151.0,5.19751451403696,0.0
color_2,S1.color.2,high - high,First report,141.27,15.2197315845033,0.0
color_2,S1.color.2,high - low,First report,94.61,-21.5789766793152,0.0
color_2,S1.color.2,low - low,First report,54.94,-73.8820011235323,1.0
color_2,S1.color.2,high - high,First report,168.37,-108.394259300267,1.0
color_2,S1.color.2,low - low,First report,64.55,-1.41592942380995,0.0
color_2,S1.color.2,high - high,First report,72.65,5.51004746198187,0.0
color_2,S1.color.2,high - high,First report,5.66999999999998,-5.3636279164533,0.0
color_2,S1.color.2,low - low,First report,34.12,2.94700216892054,0.0
color_2,S1.color.2,high - high,First report,156.13,28.3015707510001,0.0
color_2,S1.color.2,high - low,First report,68.68,-3.49727266326899,0.0
color_2,S1.color.2,high - low,First report,11.36,1.92718767276134,0.0
color_2,S1.color.2,high - low,First report,0.889999999999996,-7.30753953001372,0.0
color_2,S1.color.2,low - low,First report,112.43,40.4170387414097,0.0
color_2,S1.color.2,low - high,First report,77.9800000000001,-2.64582362925034,0.0
color_2,S1.color.2,low - high,First report,35.21,-11.1708707246002,0.0
color_2,S1.color.2,low - high,First report,30.18,4.91123736847479,0.0
color_2,S1.color.2,low - high,First report,129.04,0.523962107358124,0.0
color_2,S1.color.2,low - low,First report,101.15,11.7424209191983,0.0
color_2,S1.color.2,low - low,First report,150.6,-27.0361996221764,0.0
color_2,S1.color.2,high - low,First report,165.73,-3.40742530033998,0.0
color_2,S1.color.2,high - high,First report,134.63,-6.12935492516362,0.0
color_2,S1.color.2,low - high,First report,148.22,0.541527224832635,0.0
color_2,S1.color.2,high - low,First report,104.25,-17.5671912019274,0.0
color_2,S1.color.2,low - low,First report,84.94,-16.2015899309124,0.0
color_2,S1.color.2,high - high,First report,105.1,-3.90834281240923,0.0
color_2,S1.color.2,high - high,First report,80.53,-32.5458205760172,0.0
color_2,S1.color.2,low - low,First report,172.43,2.80800512142213,0.0
color_2,S1.color.2,low - high,First report,106.44,-8.68155931606432,0.0
color_2,S1.color.2,low - high,First report,176.75,21.6225044649646,0.0
color_2,S1.color.2,high - high,First report,17.48,18.6034790397964,0.0
color_2,S1.color.2,low - high,First report,49.75,6.69640154624594,0.0
color_2,S1.color.2,high - low,First report,110.08,8.88972484266444,0.0
color_2,S1.color.2,low - low,First report,86.43,-7.8747064402609,0.0
color_2,S1.color.2,high - high,First report,167.21,30.8846055540617,0.0
color_2,S1.color.2,low - high,First report,97.69,3.83772247331035,0.0
color_2,S1.color.2,high - low,First report,63.43,9.67264605216011,0.0
color_2,S1.color.2,low - high,First report,167.59,-13.7922600624598,0.0
color_2,S1.color.2,high - high,First report,175.86,-35.074135950008,0.0
color_2,S1.color.2,low - low,First report,171.36,12.209238983999,0.0
color_2,S1.color.2,low - high,First report,116.06,15.3122994480543,0.0
color_2,S1.color.2,low - low,First report,38.39,26.3701932378433,0.0
color_2,S1.color.2,low - low,First report,129.07,16.1654551509353,0.0
color_2,S1.color.2,high - low,First report,18.19,2.88611837486986,0.0
color_2,S1.color.2,low - high,First report,74.12,19.3535927759458,0.0
color_2,S1.color.2,low - low,First report,177.11,20.1706268551482,0.0
color_2,S1.color.2,low - low,First report,84.45,-62.510140356661,1.0
color_2,S1.color.2,high - low,First report,31.1100000000001,-12.2293386472361,0.0
color_2,S1.color.2,low - low,First report,22.78,18.9510267999071,0.0
color_2,S1.color.2,low - low,First report,74.22,1.54165575988711,0.0
color_2,S1.color.2,low - low,First report,105.72,6.10684530688406,0.0
color_2,S1.color.2,low - high,First report,114.83,3.06277692399435,0.0
color_2,S1.color.2,high - low,First report,110.02,-9.17539471347559,0.0
color_2,S1.color.2,high - low,First report,3.57999999999998,-36.5704936435689,0.0
color_2,S1.color.2,low - high,First report,51.35,-15.377175731842,0.0
color_2,S1.color.2,low - high,First report,76.1100000000001,14.169896695106,0.0
color_2,S1.color.2,low - high,First report,95.93,21.2441903179667,0.0
color_2,S1.color.2,high - high,First report,68.44,2.70798323331789,0.0
color_2,S1.color.2,low - low,First report,90.75,9.37549899983998,0.0
color_2,S1.color.2,low - high,First report,93.69,23.8099887353486,0.0
color_2,S1.color.2,high - low,First report,164.63,-21.2145848499112,0.0
color_2,S1.color.2,low - low,First report,19.81,33.3037800538599,0.0
color_2,S1.color.2,high - high,First report,109.46,11.5276274593087,0.0
color_2,S1.color.2,high - low,First report,137.0,10.5679236992032,0.0
color_2,S1.color.2,high - low,First report,51.22,37.5005762239225,0.0
color_2,S1.color.2,low - high,First report,13.35,-3.40230839871028,0.0
color_2,S1.color.2,low - high,First report,147.49,10.050081928077,0.0
color_2,S1.color.2,high - high,First report,42.27,14.4462591254693,0.0
color_2,S1.color.2,low - low,First report,67.01,1.87284786277129,0.0
color_2,S1.color.2,low - low,First report,104.65,14.2142031165819,0.0
color_2,S1.color.2,low - high,First report,140.27,2.56030214405827,0.0
color_2,S1.color.2,low - low,First report,64.39,-15.2862000490653,0.0
color_2,S1.color.2,low - high,First report,26.06,56.089126617318,1.0
color_2,S1.color.2,low - low,First report,113.04,0.800189771824897,0.0
color_2,S1.color.2,high - high,First report,12.62,5.86929167437319,0.0
color_2,S1.color.2,low - low,First report,168.64,11.4902981097562,0.0
color_2,S1.color.2,high - high,First report,2.20999999999999,1.98756710846842,0.0
color_2,S1.color.2,low - low,First report,5.13999999999999,13.9911075517754,0.0
color_2,S1.color.2,high - low,First report,18.59,124.378852873378,1.0
color_2,S1.color.2,high - high,First report,99.52,-21.5716017904615,0.0
color_2,S1.color.2,high - high,First report,38.75,33.1995838222231,0.0
color_2,S1.color.2,low - high,First report,129.92,-10.476478604818,0.0
color_2,S1.color.2,low - high,First report,43.14,-0.481395969021745,0.0
color_2,S1.color.2,high - high,First report,121.29,3.39121652125617,0.0
color_2,S1.color.2,low - low,First report,153.36,-4.69484330653151,0.0
color_2,S1.color.2,high - low,First report,55.45,4.58485886864181,0.0
color_2,S1.color.2,high - low,First report,115.37,2.9048575006684,0.0
color_2,S1.color.2,high - high,First report,84.82,75.6073842207874,1.0
color_2,S1.color.2,high - low,First report,81.19,-12.256297385321,0.0
color_2,S1.color.2,high - high,First report,126.25,-18.7725946567811,0.0
color_2,S1.color.2,high - low,First report,134.81,7.56014694136064,0.0
color_2,S1.color.2,low - high,First report,176.59,15.722440035633,0.0
color_2,S1.color.2,high - high,First report,156.71,-7.16888603019903,0.0
color_2,S1.color.2,low - low,First report,27.48,-13.8613960367174,0.0
color_2,S1.color.2,high - low,First report,25.26,-12.5544054022571,0.0
color_2,S1.color.2,low - low,First report,144.33,-10.6105677052452,0.0
color_2,S1.color.2,low - high,First report,153.23,-3.53039284659623,0.0
color_2,S1.color.2,low - high,First report,133.07,-1.60973129098396,0.0
color_2,S1.color.2,high - low,First report,58.21,13.9589731134182,0.0
color_2,S1.color.2,low - low,First report,61.4,-3.6726690059393,0.0
color_2,S1.color.2,low - low,First report,11.7,12.3686027730582,0.0
color_2,S1.color.2,low - high,First report,174.2,5.43998269423575,0.0
color_2,S1.color.2,low - low,First report,148.28,-30.4726732590329,0.0
color_2,S1.color.2,low - high,First report,100.65,30.7429825878744,0.0
color_2,S1.color.2,low - high,First report,0.829999999999999,-1.27433680387957,0.0
color_2,S1.color.2,low - high,First report,57.36,-14.2854272987255,0.0
color_2,S1.color.2,high - high,First report,91.66,14.4081842356655,0.0
color_2,S1.color.2,low - low,First report,155.94,0.0705123001229318,0.0
color_2,S1.color.2,low - low,First report,176.99,17.864871411091,0.0
color_2,S1.color.2,low - high,First report,20.55,7.21297402780078,0.0
color_2,S1.color.2,low - low,First report,123.68,24.5835875863986,0.0
color_2,S1.color.2,high - high,First report,159.41,8.43055609660001,0.0
color_2,S1.color.2,high - low,First report,175.6,33.7325167634528,0.0
color_2,S1.color.2,low - high,First report,155.39,21.0339311718193,0.0
color_2,S1.color.2,high - high,First report,62.6600000000001,-10.2332718712542,0.0
color_2,S1.color.2,high - low,First report,28.38,80.2977422482041,1.0
color_2,S1.color.2,high - high,First report,21.23,20.5927670345433,0.0
color_2,S1.color.2,high - low,First report,9.53999999999999,-2.94547323120725,0.0
color_2,S1.color.2,low - low,First report,77.07,13.3727674411306,0.0
color_2,S1.color.2,low - low,First report,142.96,15.4943741379112,0.0
color_2,S1.color.2,high - low,First report,74.21,-8.87927190960802,0.0
color_2,S1.color.2,high - high,First report,178.54,16.7409498457841,0.0
color_2,S1.color.2,low - high,First report,76.64,6.89257743210911,0.0
color_2,S1.color.2,high - high,First report,95.7,1.14367342320547,0.0
color_2,S1.color.2,high - low,First report,100.65,22.2027480979662,0.0
color_2,S1.color.2,high - high,First report,18.35,-8.72512345053928,0.0
color_2,S1.color.2,high - low,First report,76.09,-1.96935126308489,0.0
color_2,S1.color.2,high - low,First report,155.49,-3.72762018705647,0.0
color_2,S1.color.2,low - high,First report,55.92,20.75230548061,0.0
color_2,S1.color.2,high - low,First report,152.85,0.254365083198405,0.0
color_2,S1.color.2,high - low,First report,93.24,-11.6043554441435,0.0
color_2,S1.color.2,high - high,First report,152.36,-5.41041936717386,0.0
color_2,S1.color.2,low - high,First report,123.87,-4.02351936303497,0.0
color_2,S1.color.2,low - high,First report,3.63000000000003,1.57396566348832,0.0
color_2,S1.color.2,low - high,First report,176.96,14.381166438973,0.0
color_2,S1.color.2,high - high,First report,49.18,-7.1439572386522,0.0
color_2,S1.color.2,low - low,First report,21.77,5.47431946225061,0.0
color_2,S1.color.2,high - low,First report,43.53,-8.0308493846623,0.0
color_2,S1.color.2,high - high,First report,114.71,41.3024295659786,1.0
color_2,S1.color.2,low - low,First report,54.35,-14.8687647408119,0.0
color_2,S1.color.2,low - high,First report,37.79,45.7518924474763,0.0
color_2,S1.color.2,low - low,First report,131.48,-5.34196696818856,0.0
color_2,S1.color.2,low - low,First report,168.81,39.4794602438764,0.0
color_2,S1.color.2,high - high,First report,139.53,163.379352275681,1.0
color_2,S1.color.2,high - low,First report,1.96000000000001,-2.32601770836155,0.0
color_2,S1.color.2,high - high,First report,9.97000000000002,-17.9566849099732,0.0
color_2,S1.color.2,low - low,First report,4.78000000000003,-21.561022369234,0.0
color_2,S1.color.2,low - high,First report,93.99,18.5524616257078,0.0
color_2,S1.color.2,low - high,First report,172.93,-12.5571676510274,0.0
color_2,S1.color.2,high - low,First report,166.32,-19.8668199875388,0.0
color_2,S1.color.2,low - low,First report,176.84,0.834294670309258,0.0
color_2,S1.color.2,low - low,First report,160.03,-3.86373372604372,0.0
color_2,S1.color.2,low - high,First report,66.49,22.6510302167412,0.0
color_2,S1.color.2,high - high,First report,55.96,6.60307211552064,0.0
color_2,S1.color.2,high - low,First report,127.22,0.637929756291147,0.0
color_2,S1.color.2,high - low,First report,35.74,17.5170744700602,0.0
color_2,S1.color.2,low - low,First report,88.85,4.418277195251,0.0
color_2,S1.color.2,low - high,First report,47.24,-9.05415563217351,0.0
color_2,S1.color.2,low - low,First report,48.0,-12.8578465422164,0.0
color_2,S1.color.2,low - low,First report,112.7,25.0405511159983,0.0
color_2,S1.color.2,high - low,First report,52.94,-19.1656362516609,0.0
color_2,S1.color.2,low - low,First report,128.37,33.1305352736654,0.0
color_2,S1.color.2,low - low,First report,31.7,10.2486995990261,0.0
color_2,S1.color.2,high - low,First report,10.15,-4.8390363629632,0.0
color_2,S1.color.2,high - low,First report,106.46,4.55539817065985,0.0
color_2,S1.color.2,high - low,First report,97.06,10.4642281055452,0.0
color_2,S1.color.2,high - high,First report,116.76,-8.52903917621985,0.0
color_2,S1.color.2,low - high,First report,71.13,-6.74332086401646,0.0
color_2,S1.color.2,low - high,First report,8.40999999999999,4.66217534433862,0.0
color_2,S1.color.2,low - high,First report,20.5,24.5010623383295,0.0
color_2,S1.color.2,high - high,First report,178.38,-18.0424657752683,0.0
color_2,S1.color.2,low - high,First report,105.94,-23.3497674466883,0.0
color_2,S1.color.2,low - low,First report,100.66,6.73457261733654,0.0
color_2,S1.color.2,high - high,First report,81.86,-8.36445471628079,0.0
color_2,S1.color.2,high - high,First report,88.18,28.6423871636198,0.0
color_2,S1.color.2,high - high,First report,26.0,25.3484765675039,0.0
color_2,S1.color.2,high - low,First report,149.91,-21.5495182849025,0.0
color_2,S1.color.2,high - low,First report,166.52,-35.7742068450983,0.0
color_2,S1.color.2,low - low,First report,81.97,-19.9548567579291,0.0
color_2,S1.color.2,high - high,First report,136.79,-11.5503905363033,0.0
color_2,S1.color.2,low - low,First report,42.32,-11.3407287340618,0.0
color_2,S1.color.2,low - low,First report,69.55,16.9877100452285,0.0
color_2,S1.color.2,high - high,First report,134.07,-90.7984630488495,1.0
color_2,S1.color.2,low - high,First report,138.1,-25.0906856197554,0.0
color_2,S1.color.2,high - high,First report,65.1,1.30931500452623,0.0
color_2,S1.color.2,high - high,First report,146.0,28.9894980810032,0.0
color_2,S1.color.2,high - high,First report,173.73,19.9044782844357,0.0
color_2,S1.color.2,high - low,First report,177.85,-13.2481962986372,0.0
color_2,S1.color.2,low - low,First report,2.54000000000005,12.880665527203,0.0
color_2,S1.color.2,high - low,First report,68.93,-8.12623202013686,0.0
color_2,S1.color.2,high - low,First report,19.16,-14.6701898059708,0.0
color_2,S1.color.2,low - high,First report,158.19,2.92439880003739,0.0
color_2,S1.color.2,low - low,First report,118.6,24.3386473103991,0.0
color_2,S1.color.2,high - low,First report,138.3,-20.448777326149,0.0
color_2,S1.color.2,low - low,First report,44.43,-7.7136999696007,0.0
color_2,S1.color.2,high - high,First report,54.37,29.4397050135929,0.0
color_2,S1.color.2,low - high,First report,118.62,-11.6801993839787,0.0
color_2,S1.color.2,high - low,First report,86.04,-8.03336931400334,0.0
color_2,S1.color.2,high - high,First report,171.55,-1.44173686344052,0.0
color_2,S1.color.2,high - high,First report,2.29000000000001,50.2800064548003,0.0
color_2,S1.color.2,high - high,First report,33.3,3.13501578145758,0.0
color_2,S1.color.2,high - low,First report,121.82,18.389830964569,0.0
color_2,S1.color.2,low - high,First report,29.01,-2.84899073345472,0.0
color_2,S1.color.2,high - low,Second report,81.88,-9.99113375756104,0.0
color_2,S1.color.2,high - low,Second report,159.66,104.233498659511,1.0
color_2,S1.color.2,low - low,Second report,69.81,11.2931083198832,0.0
color_2,S1.color.2,low - low,Second report,2.72000000000001,1.24269639560216,0.0
color_2,S1.color.2,low - low,Second report,97.26,26.5346248291661,0.0
color_2,S1.color.2,low - low,Second report,3.28,-3.06061053312372,0.0
color_2,S1.color.2,high - high,Second report,64.04,-1.58964485778463,0.0
color_2,S1.color.2,low - high,Second report,113.92,19.7138358298828,0.0
color_2,S1.color.2,low - low,Second report,111.47,9.77392554766907,0.0
color_2,S1.color.2,high - high,Second report,32.49,-17.2437797456594,0.0
color_2,S1.color.2,low - high,Second report,126.04,-1.31208366281032,0.0
color_2,S1.color.2,low - high,Second report,146.11,-27.0045638938726,0.0
color_2,S1.color.2,low - high,Second report,13.28,-17.276832320293,0.0
color_2,S1.color.2,high - high,Second report,147.89,-10.1456236165079,0.0
color_2,S1.color.2,low - high,Second report,50.48,14.604599678608,0.0
color_2,S1.color.2,high - low,Second report,32.98,7.14308498915093,0.0
color_2,S1.color.2,high - high,Second report,177.27,29.2353494466494,0.0
color_2,S1.color.2,low - low,Second report,62.17,18.1545536816883,0.0
color_2,S1.color.2,low - high,Second report,145.96,6.80232290150584,0.0
color_2,S1.color.2,high - high,Second report,159.72,-156.065383620415,1.0
color_2,S1.color.2,high - low,Second report,64.96,47.5780491093394,0.0
color_2,S1.color.2,high - high,Second report,133.43,43.671286612888,0.0
color_2,S1.color.2,high - low,Second report,117.48,106.863908343605,1.0
color_2,S1.color.2,low - high,Second report,62.82,5.06823752065661,0.0
color_2,S1.color.2,high - low,Second report,131.6,-1.70661967029233,0.0
color_2,S1.color.2,low - low,Second report,19.53,-25.1498364659101,0.0
color_2,S1.color.2,low - high,Second report,41.36,27.8770638444018,0.0
color_2,S1.color.2,high - low,Second report,20.12,-0.379015888504644,0.0
color_2,S1.color.2,low - high,Second report,162.58,3.27149480480998,0.0
color_2,S1.color.2,high - low,Second report,40.1300000000001,-20.9520790932036,0.0
color_2,S1.color.2,high - low,Second report,146.29,118.951768602939,1.0
color_2,S1.color.2,low - low,Second report,119.51,130.882022846522,1.0
color_2,S1.color.2,low - low,Second report,127.17,88.2228726598381,1.0
color_2,S1.color.2,low - high,Second report,104.21,-16.8254832478888,0.0
color_2,S1.color.2,high - high,Second report,99.19,107.638425879289,1.0
color_2,S1.color.2,low - high,Second report,20.37,-21.3220591417237,0.0
color_2,S1.color.2,low - high,Second report,175.32,21.9399565617495,0.0
color_2,S1.color.2,high - high,Second report,127.04,-15.6993167417501,0.0
color_2,S1.color.2,low - high,Second report,161.59,124.99174689419,1.0
color_2,S1.color.2,high - high,Second report,164.14,-14.3600309871049,0.0
color_2,S1.color.2,high - low,Second report,146.64,104.514058727774,1.0
color_2,S1.color.2,high - high,Second report,50.15,-2.38982699059375,0.0
color_2,S1.color.2,high - low,Second report,132.03,126.275627504412,1.0
color_2,S1.color.2,low - low,Second report,46.5700000000001,-63.3992823312155,1.0
color_2,S1.color.2,high - low,Second report,57.8700000000001,-46.1472935265481,0.0
color_2,S1.color.2,high - high,Second report,27.8,6.12825909126842,0.0
color_2,S1.color.2,low - high,Second report,95.0,0.626571339062753,0.0
color_2,S1.color.2,high - low,Second report,110.66,-0.64969297021563,0.0
color_2,S1.color.2,low - high,Second report,77.2699999999999,-15.2330188320252,0.0
color_2,S1.color.2,high - high,Second report,178.99,5.607442804624,0.0
color_2,S1.color.2,high - high,Second report,66.54,20.6085398329241,0.0
color_2,S1.color.2,low - low,Second report,54.51,-20.7489737955119,0.0
color_2,S1.color.2,low - low,Second report,141.98,8.83589350395456,0.0
color_2,S1.color.2,low - high,Second report,141.92,9.33146539325969,0.0
color_2,S1.color.2,low - high,Second report,178.21,-37.9274729756262,0.0
color_2,S1.color.2,low - low,Second report,172.22,-164.819751362837,1.0
color_2,S1.color.2,high - high,Second report,94.53,0.0135243095656534,0.0
color_2,S1.color.2,high - low,Second report,168.22,26.7117545698362,0.0
color_2,S1.color.2,low - high,Second report,135.54,-5.26908791999818,0.0
color_2,S1.color.2,high - low,Second report,12.92,35.2310248005536,0.0
color_2,S1.color.2,low - low,Second report,34.13,4.73656405200217,0.0
color_2,S1.color.2,low - low,Second report,59.83,-0.705917325180149,0.0
color_2,S1.color.2,high - high,Second report,146.37,199.124500514425,1.0
color_2,S1.color.2,low - low,Second report,80.77,14.844377320687,0.0
color_2,S1.color.2,low - high,Second report,14.3600000000001,-10.8755939774978,0.0
color_2,S1.color.2,high - high,Second report,109.74,-146.568848281921,1.0
color_2,S1.color.2,high - high,Second report,52.69,29.0995646211558,0.0
color_2,S1.color.2,high - high,Second report,83.94,-39.0218280833039,0.0
color_2,S1.color.2,high - low,Second report,53.82,23.0130925950246,0.0
color_2,S1.color.2,high - high,Second report,0.529999999999992,16.6415069045706,0.0
color_2,S1.color.2,low - high,Second report,101.59,46.1551607187431,0.0
color_2,S1.color.2,high - high,Second report,142.82,76.2429097231382,1.0
color_2,S1.color.2,high - low,Second report,176.43,-103.410049063669,1.0
color_2,S1.color.2,high - low,Second report,87.6399999999999,1.0890638994644,0.0
color_2,S1.color.2,high - low,Second report,67.19,63.811948703446,0.0
color_2,S1.color.2,high - low,Second report,3.58000000000001,31.3304312082541,0.0
color_2,S1.color.2,high - high,Second report,71.75,-115.209821325672,1.0
color_2,S1.color.2,low - high,Second report,25.09,-9.13602927308332,0.0
color_2,S1.color.2,high - high,Second report,8.72999999999999,8.01585892142787,0.0
color_2,S1.color.2,high - high,Second report,61.44,-11.5101546952532,0.0
color_2,S1.color.2,low - low,Second report,66.59,62.7298873969477,0.0
color_2,S1.color.2,low - high,Second report,85.6600000000001,-4.68027808386703,0.0
color_2,S1.color.2,high - low,Second report,32.2199999999999,0.972651212783713,0.0
color_2,S1.color.2,low - high,Second report,1.93999999999998,72.1327121159668,1.0
color_2,S1.color.2,low - high,Second report,117.28,0.0162684220568323,0.0
color_2,S1.color.2,high - low,Second report,139.59,-12.0811878227265,0.0
color_2,S1.color.2,low - low,Second report,36.35,1.35593540990513,0.0
color_2,S1.color.2,high - low,Second report,103.39,-3.84100294870306,0.0
color_2,S1.color.2,low - high,Second report,45.24,73.5468745822493,0.0
color_2,S1.color.2,high - high,Second report,173.61,-15.1798046298467,0.0
color_2,S1.color.2,low - high,Second report,168.74,32.4115080068461,0.0
color_2,S1.color.2,high - low,Second report,78.62,82.1977601408548,1.0
color_2,S1.color.2,low - low,Second report,175.73,43.2775238190939,0.0
color_2,S1.color.2,low - low,Second report,28.18,24.847976990995,0.0
color_2,S1.color.2,low - high,Second report,42.27,71.6853679133702,0.0
color_2,S1.color.2,low - high,Second report,4.98,16.6660477987162,0.0
color_2,S1.color.2,high - high,Second report,85.15,29.1832327781869,0.0
color_2,S1.color.2,low - low,Second report,8.19999999999995,39.736898356176,0.0
color_2,S1.color.2,high - high,Second report,11.67,26.7295199162845,0.0
color_2,S1.color.2,low - high,Second report,70.04,38.949620137265,0.0
color_2,S1.color.2,low - low,Second report,141.05,-23.4372663380188,0.0
color_2,S1.color.2,low - low,Second report,134.9,-4.19759081991716,0.0
color_2,S1.color.2,high - low,Second report,38.45,-27.5434230731984,0.0
color_2,S1.color.2,high - low,Second report,20.74,47.1076595831644,0.0
color_2,S1.color.2,low - low,Second report,167.45,19.2355041474907,0.0
color_2,S1.color.2,high - high,Second report,173.19,144.960831052957,1.0
color_2,S1.color.2,high - low,Second report,92.27,110.443865804871,1.0
color_2,S1.color.2,high - low,Second report,11.8799999999999,-57.2966206348874,0.0
color_2,S1.color.2,low - high,Second report,119.69,131.070736061186,1.0
color_2,S1.color.2,high - high,Second report,20.41,22.9372207277415,0.0
color_2,S1.color.2,low - low,Second report,156.63,126.927388035931,1.0
color_2,S1.color.2,high - high,Second report,120.85,166.045910360707,1.0
color_2,S1.color.2,high - high,Second report,80.05,14.4615876391192,0.0
color_2,S1.color.2,high - high,Second report,4.34999999999998,36.8309556231899,0.0
color_2,S1.color.2,high - high,Second report,38.92,20.4346186771854,0.0
color_2,S1.color.2,high - high,Second report,103.37,-1.68122010585418,0.0
color_2,S1.color.2,high - high,Second report,111.79,106.622139574723,1.0
color_2,S1.color.2,low - low,Second report,80.79,77.6617700009392,0.0
color_2,S1.color.2,high - low,Second report,107.24,-73.7029778082391,1.0
color_2,S1.color.2,low - low,Second report,101.25,105.919428722345,1.0
color_2,S1.color.2,low - high,Second report,70.1500000000001,75.5610757010937,0.0
color_2,S1.color.2,low - high,Second report,76.18,36.0595107193899,0.0
color_2,S1.color.2,high - high,Second report,144.42,-24.0293222361541,0.0
color_2,S1.color.2,high - high,Second report,15.01,-20.725804986398,0.0
color_2,S1.color.2,low - high,Second report,64.83,61.6648059475842,0.0
color_2,S1.color.2,high - low,Second report,103.12,17.9534551000796,0.0
color_2,S1.color.2,low - low,Second report,12.66,-11.2360443831293,0.0
color_2,S1.color.2,high - low,Second report,1.28000000000002,-13.1508112038096,0.0
color_2,S1.color.2,low - high,Second report,24.65,-42.8231754339311,0.0
color_2,S1.color.2,high - low,Second report,176.89,-16.5871167933727,0.0
color_2,S1.color.2,low - high,Second report,114.14,-23.8718606722273,0.0
color_2,S1.color.2,low - low,Second report,160.08,21.8751341638786,0.0
color_2,S1.color.2,low - low,Second report,44.82,24.5550191154536,0.0
color_2,S1.color.2,low - high,Second report,126.22,-64.3393803836013,0.0
color_2,S1.color.2,low - low,Second report,107.94,-3.83683525937169,0.0
color_2,S1.color.2,low - high,Second report,32.14,39.6149144092261,0.0
color_2,S1.color.2,high - low,Second report,74.96,-4.19019601953011,0.0
color_2,S1.color.2,low - low,Second report,120.37,-2.80347230944924,0.0
color_2,S1.color.2,high - low,Second report,49.75,-9.02550790496235,0.0
color_2,S1.color.2,high - low,Second report,120.66,-12.4986821968231,0.0
color_2,S1.color.2,low - low,Second report,151.9,-211.07600293478,1.0
color_2,S1.color.2,high - low,Second report,169.06,26.0820673899341,0.0
color_2,S1.color.2,low - low,Second report,86.04,49.6928193158967,0.0
color_2,S1.color.2,high - low,Second report,135.4,-12.0743522388956,0.0
color_2,S1.color.2,high - high,Second report,119.13,81.2741514987462,1.0
color_2,S1.color.2,high - low,Second report,161.29,23.189207077771,0.0
color_2,S1.color.2,low - low,Second report,92.31,-19.4572679091465,0.0
color_2,S1.color.2,low - low,Second report,145.73,37.2865923718596,0.0
color_2,S1.color.2,low - low,Second report,179.01,-20.7297033222502,0.0
color_2,S1.color.2,low - high,Second report,167.15,-0.936506215539826,0.0
color_2,S1.color.2,low - low,Second report,21.73,4.97447070960198,0.0
color_2,S1.color.2,high - high,Second report,39.75,59.545842992547,1.0
color_2,S1.color.2,high - high,Second report,38.34,-11.2239462677338,0.0
color_2,S1.color.2,high - low,Second report,120.02,20.3566904755812,0.0
color_2,S1.color.2,high - high,Second report,4.82000000000001,-5.99066044386633,0.0
color_2,S1.color.2,low - low,Second report,93.18,-5.2852785574742,0.0
color_2,S1.color.2,low - high,Second report,67.59,7.06522719888216,0.0
color_2,S1.color.2,low - low,Second report,70.39,17.1498675272792,0.0
color_2,S1.color.2,high - high,Second report,54.69,22.1839995818057,0.0
color_2,S1.color.2,low - high,Second report,4.13,23.0908942488791,0.0
color_2,S1.color.2,high - high,Second report,1.69,-18.0966378664076,0.0
color_2,S1.color.2,high - low,Second report,81.81,10.1211541951411,0.0
color_2,S1.color.2,high - low,Second report,179.34,-19.8058718896318,0.0
color_2,S1.color.2,low - high,Second report,40.06,4.95296832350561,0.0
color_2,S1.color.2,low - high,Second report,125.09,4.20262177677377,0.0
color_2,S1.color.2,high - low,Second report,5.31999999999998,-52.8770895432483,0.0
color_2,S1.color.2,high - low,Second report,86.29,26.7950443566471,0.0
color_2,S1.color.2,low - low,Second report,0.919999999999994,-5.3351909166702,0.0
color_2,S1.color.2,low - high,Second report,48.87,82.1021168536739,0.0
color_2,S1.color.2,low - low,Second report,123.87,47.4824646940709,0.0
color_2,S1.color.2,low - low,Second report,6.13,-5.26765891155288,0.0
color_2,S1.color.2,high - high,Second report,97.7,35.8263527385743,0.0
color_2,S1.color.2,high - high,Second report,16.66,2.41259761151108,0.0
color_2,S1.color.2,low - low,Second report,132.01,-23.0223549934721,0.0
color_2,S1.color.2,high - low,Second report,4.38999999999998,53.7374282173883,0.0
color_2,S1.color.2,low - low,Second report,153.89,0.945020303674445,0.0
color_2,S1.color.2,low - low,Second report,0.309999999999981,8.32854854677946,0.0
color_2,S1.color.2,high - low,Second report,12.87,10.795614590207,0.0
color_2,S1.color.2,high - low,Second report,174.17,-155.559930784892,1.0
color_2,S1.color.2,high - high,Second report,7.33999999999995,-3.50286888055768,0.0
color_2,S1.color.2,low - high,Second report,179.54,110.012133374334,1.0
color_2,S1.color.2,high - high,Second report,30.1,24.0156479250935,0.0
color_2,S1.color.2,low - high,Second report,107.6,-36.5508015310053,0.0
color_2,S1.color.2,low - high,Second report,44.22,6.1740158332793,0.0
color_2,S1.color.2,low - high,Second report,75.81,-13.5976445104748,0.0
color_2,S1.color.2,low - high,Second report,62.76,-21.5991849342368,0.0
color_2,S1.color.2,high - low,Second report,68.73,15.7703522506026,0.0
color_2,S1.color.2,high - high,Second report,63.95,2.58197994361331,0.0
color_2,S1.color.2,high - low,Second report,177.98,41.667473922321,0.0
color_2,S1.color.2,low - low,Second report,151.5,-0.451485560991895,0.0
color_2,S1.color.2,high - high,Second report,23.09,20.9387762349203,0.0
color_2,S1.color.2,low - low,Second report,141.79,-5.91950330844392,0.0
color_2,S1.color.2,low - low,Second report,77.05,113.084990184346,1.0
color_2,S1.color.2,high - high,Second report,164.76,106.711975155232,1.0
color_2,S1.color.2,low - high,Second report,0.0899999999999944,-56.0524905047503,0.0
color_2,S1.color.2,low - high,Second report,61.45,5.59201170115318,0.0
color_2,S1.color.2,high - low,Second report,74.08,140.648543782088,1.0
color_2,S1.color.2,low - low,Second report,124.61,14.9997032399677,0.0
color_2,S1.color.2,low - high,Second report,68.69,8.70476193500389,0.0
color_2,S1.color.2,high - high,Second report,125.38,-154.823468079283,1.0
color_2,S1.color.2,low - low,Second report,33.29,-3.29003486851078,0.0
color_2,S1.color.2,low - high,Second report,115.04,21.9830209584768,0.0
color_2,S1.color.2,high - high,Second report,175.42,-40.1414308939064,0.0
color_2,S1.color.2,low - low,Second report,155.56,9.97723772554782,0.0
color_2,S1.color.2,high - high,Second report,69.19,6.42443131532734,0.0
color_2,S1.color.2,high - high,Second report,71.9,12.7686617279799,0.0
color_2,S1.color.2,low - low,Second report,113.41,-22.8363248265409,0.0
color_2,S1.color.2,low - low,Second report,103.38,149.072416963996,1.0
color_2,S1.color.2,high - low,Second report,156.56,14.9979686898195,0.0
color_2,S1.color.2,low - high,Second report,32.51,-4.54895365660126,0.0
color_2,S1.color.2,high - low,Second report,128.42,29.9487564832961,0.0
color_2,S1.color.2,high - low,Second report,54.49,-27.544682034233,0.0
color_2,S1.color.2,low - high,Second report,141.23,56.1297762536499,0.0
color_2,S1.color.2,high - high,Second report,179.93,2.79909832268149,0.0
color_2,S1.color.2,low - high,Second report,134.39,-10.6790673366943,0.0
color_2,S1.color.2,low - high,Second report,174.36,22.4337282510019,0.0
color_2,S1.color.2,low - high,Second report,86.56,-13.6872944817895,0.0
color_2,S1.color.2,low - low,Second report,91.01,-27.4306566166334,0.0
color_2,S1.color.2,high - high,Second report,168.97,-19.4463428445053,0.0
color_2,S1.color.2,low - high,Second report,148.76,5.17334244088657,0.0
color_2,S1.color.2,low - high,Second report,99.32,1.73332751079905,0.0
color_2,S1.color.2,high - low,Second report,64.34,-48.7384712073614,0.0
color_2,S1.color.2,high - low,Second report,149.27,20.1937626946825,0.0
color_2,S1.color.2,low - high,Second report,33.61,-4.32478202300698,0.0
color_2,S1.color.2,high - low,Second report,64.24,4.5234769905383,0.0
color_2,S1.color.2,low - low,Second report,64.81,-41.0662898971902,0.0
color_2,S1.color.2,low - high,Second report,5.18000000000003,37.9725506259791,0.0
color_2,S1.color.2,high - high,Second report,113.27,151.717592050909,1.0
color_2,S1.color.2,high - high,Second report,75.66,-25.8271263501891,0.0
color_2,S1.color.2,high - low,Second report,121.84,15.8649172649757,0.0
color_2,S1.color.2,low - high,Second report,169.94,26.1515207235568,0.0
color_2,S1.color.2,low - low,Second report,25.81,-7.79194846309309,0.0
color_2,S1.color.2,high - high,Second report,48.23,-31.2024996366702,0.0
color_2,S1.color.2,high - high,Second report,142.21,-19.5789334795043,0.0
color_2,S1.color.2,high - high,Second report,149.39,-16.7549679191496,0.0
color_2,S1.color.2,high - high,Second report,81.26,36.202599441437,0.0
color_2,S1.color.2,high - high,Second report,172.95,31.4024982417732,0.0
color_2,S1.color.2,low - low,Second report,76.82,-7.34225015798766,0.0
color_2,S1.color.2,low - low,Second report,5.43000000000002,16.6266550156562,0.0
color_2,S1.color.2,low - high,Second report,46.72,0.182459035293077,0.0
color_2,S1.color.2,high - low,Second report,18.05,-1.75120628189458,0.0
color_2,S1.color.2,low - high,Second report,14.4,17.5230020305654,0.0
color_2,S1.color.2,high - low,Second report,158.92,148.688250091489,1.0
color_2,S1.color.2,low - low,Second report,175.8,79.2209194776041,1.0
color_2,S1.color.2,low - low,Second report,58.86,79.7661523108109,1.0
color_2,S1.color.2,low - high,Second report,120.79,142.126123817536,1.0
color_2,S1.color.2,high - low,Second report,93.09,-61.1336822313797,0.0
color_2,S1.color.2,low - low,Second report,21.49,32.1390875414815,0.0
color_2,S1.color.2,low - low,Second report,169.81,-42.6268954574432,0.0
color_2,S1.color.2,high - low,Second report,114.56,-32.7076045135787,0.0
color_2,S1.color.2,high - high,Second report,102.3,43.4455998056816,0.0
color_2,S1.color.2,low - low,Second report,160.62,23.2478308075348,0.0
color_2,S1.color.2,high - high,Second report,126.83,-31.3655958507725,0.0
color_2,S1.color.2,low - low,Second report,172.19,-3.35097834646602,0.0
color_2,S1.color.2,low - high,Second report,15.22,25.4450884104332,0.0
color_2,S1.color.2,low - high,Second report,90.11,0.794247710497438,0.0
color_2,S1.color.2,low - low,Second report,132.93,-122.22640878626,1.0
color_2,S1.color.2,high - low,Second report,167.48,34.5264015825445,0.0
color_2,S1.color.2,low - high,Second report,112.35,-12.1385857576932,0.0
color_2,S1.color.2,low - high,Second report,135.36,-154.950528848284,1.0
color_2,S1.color.2,low - high,Second report,75.93,153.109553252913,1.0
color_2,S1.color.2,high - low,Second report,136.36,58.4478345676119,0.0
color_2,S1.color.2,high - high,Second report,85.57,-1.3575779397061,0.0
color_2,S1.color.2,high - low,Second report,27.88,-63.9319262964691,0.0
color_2,S1.color.2,high - low,Second report,102.67,118.575131606581,1.0
color_2,S1.color.2,low - low,Second report,35.7,-3.54126399631392,0.0
color_2,S1.color.2,low - high,Second report,101.14,13.2606338491168,0.0
color_2,S1.color.2,low - low,Second report,96.7,132.992698360018,1.0
color_2,S1.color.2,high - high,Second report,56.3800000000001,33.5448669712987,0.0
color_2,S1.color.2,high - high,Second report,116.13,63.690003158828,0.0
color_2,S1.color.2,high - high,Second report,150.57,22.3100158588943,0.0
color_2,S1.color.2,low - high,Second report,175.67,-138.002892187893,1.0
color_2,S1.color.2,high - low,Second report,41.76,3.37715903966786,0.0
color_2,S1.color.2,high - high,Second report,116.22,161.31303033535,1.0
color_2,S1.color.2,high - high,Second report,88.92,168.890079334389,1.0
color_2,S1.color.2,high - low,Second report,154.08,-3.19153939530143,0.0
color_2,S1.color.2,low - high,Second report,158.37,-16.3063559494639,0.0
color_2,S1.color.2,high - low,Second report,19.05,35.5741016976779,0.0
color_2,S1.color.2,high - low,Second report,143.09,63.1741718956057,0.0
color_2,S1.color.2,low - low,Second report,179.1,-16.4496313665872,0.0
color_2,S1.color.2,high - low,Second report,30.15,-46.745792274089,0.0
color_2,S1.color.2,high - low,Second report,78.64,-0.0947529075526843,0.0
color_2,S1.color.2,high - high,Second report,136.41,-115.233396247874,1.0
color_2,S1.color.2,high - low,Second report,3.52999999999998,-20.5784244421307,0.0
color_2,S1.color.2,high - high,Second report,10.23,50.1739676526982,0.0
color_2,S1.color.2,high - low,Second report,133.41,-7.84553133627965,0.0
color_2,S1.color.2,high - low,Second report,103.46,-0.795338997649111,0.0
color_2,S1.color.2,low - high,Second report,161.51,-97.5097658402364,1.0
color_2,S1.color.2,low - low,Second report,106.63,-8.39278946208384,0.0
color_2,S1.color.2,low - low,Second report,74.5300000000001,13.9728464830496,0.0
color_2,S1.color.2,high - low,Second report,51.18,-32.8961964010141,0.0
color_2,S1.color.2,high - low,Second report,106.01,-9.8942196986071,0.0
color_2,S1.color.2,low - high,Second report,154.51,-2.3257823733016,0.0
color_2,S1.color.2,low - low,Second report,46.7399999999999,-4.05798775428286,0.0
color_2,S1.color.2,low - high,Second report,19.13,-42.3519405785803,0.0
color_2,S1.color.2,low - low,Second report,47.45,177.068330775387,1.0
color_2,S1.color.2,low - low,Second report,37.89,-4.23345653286432,0.0
color_2,S1.color.2,high - high,Second report,39.08,19.1549267699728,0.0
color_2,S1.color.2,low - low,Second report,15.01,2.02138241707386,0.0
color_2,S1.color.2,high - low,Second report,35.34,-22.4660565970078,0.0
color_2,S1.color.2,high - high,Second report,27.92,39.3178076922194,0.0
color_2,S1.color.2,high - high,Second report,105.3,-22.1078893096832,0.0
color_2,S1.color.2,low - low,Second report,138.37,-8.57596417249349,0.0
color_2,S1.color.2,high - high,Second report,155.89,5.32707137335901,0.0
color_2,S1.color.2,low - high,Second report,81.61,5.62802528289433,0.0
color_2,S1.color.2,low - high,Second report,50.79,76.0197517369783,1.0
color_2,S1.color.2,low - high,Second report,144.51,12.9940711403392,0.0
color_2,S1.color.2,low - low,Second report,143.73,-15.5416105845202,0.0
color_2,S1.color.2,high - high,Second report,83.67,-118.365055360954,1.0
color_2,S1.color.2,high - high,Second report,141.56,-57.6225873109956,0.0
color_2,S1.color.2,low - high,Second report,112.5,22.6601728114566,0.0
color_2,S1.color.2,low - high,Second report,58.06,72.3065269426349,1.0
color_2,S1.color.2,high - low,Second report,73.37,17.8575448462185,0.0
color_2,S1.color.2,high - low,Second report,175.51,142.231886813516,1.0
color_2,S1.color.2,high - low,Second report,121.76,130.605454793493,1.0
color_2,S1.color.2,high - low,Second report,145.07,-185.780616456105,1.0
color_2,S1.color.2,high - low,Second report,98.8899999999999,-27.7243508416196,0.0
color_2,S1.color.2,high - high,Second report,38.93,116.228017253633,1.0
color_2,S1.color.2,high - high,Second report,178.32,-111.832962928278,1.0
color_2,S1.color.2,high - high,Second report,65.21,37.1863537244451,0.0
color_2,S1.color.2,low - high,Second report,126.83,131.179356917972,1.0
color_2,S1.color.2,low - high,Second report,119.11,-6.19905850363772,0.0
color_2,S1.color.2,high - low,Second report,68.89,119.668279436738,1.0
color_2,S1.color.2,high - low,Second report,7.97999999999999,-16.9363434129347,0.0
color_2,S1.color.2,high - high,Second report,98.27,-55.16047264052,0.0
color_2,S1.color.2,high - high,Second report,47.23,15.7285197729243,0.0
color_2,S1.color.2,high - low,Second report,163.31,-26.3667054751316,0.0
color_2,S1.color.2,low - low,Second report,80.51,-91.8258003802139,1.0
color_2,S1.color.2,low - low,Second report,18.53,32.3775690295284,0.0
color_2,S1.color.2,low - high,Second report,36.02,27.3105652317729,0.0
color_2,S1.color.2,low - high,Second report,86.45,0.979600208093269,0.0
color_2,S1.color.2,low - high,Second report,86.72,49.861018960524,0.0
color_2,S1.color.2,high - low,Second report,88.41,15.1345592424816,0.0
color_2,S1.color.2,low - low,Second report,116.3,1.31958417585757,0.0
color_2,S1.color.2,high - high,Second report,81.55,96.4215820228291,1.0
color_2,S1.color.2,high - high,Second report,151.65,-7.88528176210372,0.0
color_2,S1.color.2,low - high,Second report,146.21,3.0376062459247,0.0
color_2,S1.color.2,low - low,Second report,8.75000000000002,20.6931821239745,0.0
color_2,S1.color.2,low - high,Second report,70.37,9.54254834070371,0.0
color_2,S1.color.2,low - low,Second report,99.6,76.7341466079362,0.0
color_2,S1.color.2,high - low,Second report,136.53,-4.85528241715396,0.0
color_2,S1.color.2,low - low,Second report,125.3,-71.8427338286578,0.0
color_2,S1.color.2,high - high,Second report,12.3,-17.1458992659679,0.0
color_2,S1.color.2,low - high,Second report,2.44,-7.48636243928209,0.0
color_2,S1.color.2,low - low,Second report,128.92,10.4180200563866,0.0
color_2,S1.color.2,low - high,Second report,81.6,-5.25183173784845,0.0
color_2,S1.color.2,low - high,Second report,34.23,-10.0177992476376,0.0
color_2,S1.color.2,high - low,Second report,177.18,-8.70162750268431,0.0
color_2,S1.color.2,low - low,Second report,52.43,4.1248079404575,0.0
color_2,S1.color.2,high - high,Second report,168.75,2.0961367922252,0.0
color_2,S1.color.2,high - high,Second report,116.83,26.8533532613795,0.0
color_2,S1.color.2,high - low,Second report,16.2200000000001,26.7500205261373,0.0
color_2,S1.color.2,high - low,Second report,112.66,3.22315589324353,0.0
color_2,S1.color.2,low - low,Second report,144.77,10.9691194004949,0.0
color_2,S1.color.2,high - high,Second report,22.79,-38.5197204490613,0.0
color_2,S1.color.2,low - high,Second report,47.21,-5.27294764376666,0.0
color_2,S1.color.2,low - low,Second report,85.51,-25.2451385255822,0.0
color_2,S1.color.2,high - low,Second report,26.07,-72.1717900862222,0.0
color_2,S1.color.2,high - high,Second report,3.61000000000003,-1.01995391886613,0.0
color_2,S1.color.2,high - low,Second report,131.27,20.3696956786084,0.0
color_2,S1.color.2,low - low,Second report,177.58,-6.09838188808522,0.0
color_2,S1.color.2,low - low,Second report,178.37,-6.9060989337576,0.0
color_2,S1.color.2,low - high,Second report,31.07,-28.4931537728562,0.0
color_2,S1.color.2,low - low,Second report,46.5300000000001,3.95809205265849,0.0
color_2,S1.color.2,high - low,Second report,80.63,17.1171785920668,0.0
color_2,S1.color.2,low - low,Second report,58.46,52.6726819509586,0.0
color_2,S1.color.2,high - low,Second report,134.17,40.8008277309537,0.0
color_2,S1.color.2,high - high,Second report,134.87,-27.4538938323374,0.0
color_2,S1.color.2,high - low,Second report,63.78,-31.0424392246762,0.0
color_2,S1.color.2,high - low,Second report,172.58,15.8789577663995,0.0
color_2,S1.color.2,low - low,Second report,159.26,17.3761229819406,0.0
color_2,S1.color.2,low - low,Second report,26.97,-17.0857950027516,0.0
color_2,S1.color.2,low - low,Second report,60.41,-9.42401807729322,0.0
color_2,S1.color.2,high - high,Second report,29.98,-21.7494378830034,0.0
color_2,S1.color.2,low - low,Second report,87.71,149.208051536907,1.0
color_2,S1.color.2,high - high,Second report,31.85,57.7655217985915,0.0
color_2,S1.color.2,low - low,Second report,119.36,-14.3977383121402,0.0
color_2,S1.color.2,high - low,Second report,53.01,-10.9102278340491,0.0
color_2,S1.color.2,low - high,Second report,73.92,33.4095392453481,0.0
color_2,S1.color.2,low - high,Second report,108.93,71.0097200537962,1.0
color_2,S1.color.2,high - low,Second report,136.04,-15.4636937402408,0.0
color_2,S1.color.2,low - low,Second report,169.25,-81.4004850575022,0.0
color_2,S1.color.2,low - high,Second report,21.0,65.3115809651894,0.0
color_2,S1.color.2,high - high,Second report,156.42,26.5490561229642,0.0
color_2,S1.color.2,low - high,Second report,101.45,27.9365508109002,0.0
color_2,S1.color.2,high - high,Second report,174.92,27.4819588603504,0.0
color_2,S1.color.2,high - low,Second report,162.77,-90.5085757783299,1.0
color_2,S1.color.2,high - low,Second report,102.23,132.260932044701,1.0
color_2,S1.color.2,low - high,Second report,0.960000000000017,-4.70488190963265,0.0
color_2,S1.color.2,high - low,Second report,107.06,0.795420044911658,0.0
color_2,S1.color.2,high - high,Second report,56.03,18.866668418414,0.0
color_2,S1.color.2,high - high,Second report,109.28,-19.6630871674533,0.0
color_2,S1.color.2,low - low,Second report,159.9,53.9640083760477,0.0
color_2,S1.color.2,low - low,Second report,8.16999999999998,-8.75452494574715,0.0
color_2,S1.color.2,high - high,Second report,111.7,-17.8966051667432,0.0
color_2,S1.color.2,low - low,Second report,44.28,5.48095851798677,0.0
color_2,S1.color.2,high - low,Second report,94.94,18.341902418343,0.0
color_2,S1.color.2,high - low,Second report,4.39999999999998,-10.2744329044586,0.0
color_2,S1.color.2,high - low,Second report,8.96999999999998,113.475513444042,1.0
color_2,S1.color.2,high - high,Second report,47.95,42.4536570407073,0.0
color_2,S1.color.2,high - low,Second report,153.75,-9.08262382098992,0.0
color_2,S1.color.2,low - low,Second report,15.7,60.9779193809662,0.0
color_2,S1.color.2,low - high,Second report,13.35,55.093388013632,0.0
color_2,S1.color.2,high - high,Second report,21.17,-46.4271880726755,0.0
color_2,S1.color.2,low - high,Second report,124.29,9.03184331559246,0.0
color_2,S1.color.2,low - high,Second report,60.05,47.0489335779363,0.0
color_2,S1.color.2,high - high,Second report,150.21,-136.139788293819,1.0
color_2,S1.color.2,high - low,Second report,77.81,105.360568194175,1.0
color_2,S1.color.2,high - high,Second report,176.19,17.6768809498381,0.0
color_2,S1.color.2,low - low,Second report,33.47,-12.8258896389965,0.0
color_2,S1.color.2,low - low,Second report,2.12000000000002,29.6069141778014,0.0
color_2,S1.color.2,high - low,Second report,24.71,39.275535127633,0.0
color_2,S1.color.2,high - low,Second report,27.49,-5.06526691430489,0.0
color_2,S1.color.2,low - high,Second report,161.17,14.7887845853823,0.0
color_2,S1.color.2,low - high,Second report,19.55,43.2156137465679,0.0
color_2,S1.color.2,low - low,Second report,146.21,12.5832219914267,0.0
color_2,S1.color.2,low - low,Second report,169.32,14.9353044057136,0.0
color_2,S1.color.2,low - high,Second report,164.9,39.8950136558806,0.0
color_2,S1.color.2,high - high,Second report,126.85,-5.79269099061642,0.0
color_2,S1.color.2,high - low,Second report,62.62,42.9117494257821,0.0
color_2,S1.color.2,low - high,Second report,151.36,-2.13240274145084,0.0
color_2,S1.color.2,high - low,Second report,41.47,35.6524647126706,0.0
color_2,S1.color.2,high - low,Second report,119.8,142.913754616326,1.0
color_2,S1.color.2,high - high,Second report,41.27,52.667473922321,0.0
color_2,S1.color.2,low - high,Second report,13.13,9.41832842161014,0.0
color_2,S1.color.2,high - high,Second report,4.78000000000001,17.4900489846375,0.0
color_2,S1.color.2,low - low,Second report,114.38,-129.297250424185,1.0
color_2,S1.color.2,low - low,Second report,112.75,-51.9871104121905,0.0
color_2,S1.color.2,low - low,Second report,102.94,-28.016850152905,0.0
color_2,S1.color.2,high - high,Second report,86.26,120.051812233168,1.0
color_2,S1.color.2,high - low,Second report,43.76,36.9078240660118,0.0
color_2,S1.color.2,high - low,Second report,166.03,168.523012186487,1.0
color_2,S1.color.2,low - low,Second report,43.52,16.3825275820116,0.0
color_2,S1.color.2,high - low,Second report,2.99000000000002,-82.0078641267726,1.0
color_2,S1.color.2,low - low,Second report,4.95,7.20851893400488,0.0
color_2,S1.color.2,low - high,Second report,37.55,-15.3650276504526,0.0
color_2,S1.color.2,low - high,Second report,178.04,-18.8451001586801,0.0
color_2,S1.color.2,low - low,Second report,146.15,-4.67296224948659,0.0
color_2,S1.color.2,low - low,Second report,65.62,-1.54640207487539,0.0
color_2,S1.color.2,high - high,Second report,119.51,48.418189657857,0.0
color_2,S1.color.2,high - high,Second report,138.81,107.136967754723,1.0
color_2,S1.color.2,low - high,Second report,125.13,19.937827861333,0.0
color_2,S1.color.2,low - high,Second report,173.55,-51.1303794867823,0.0
color_2,S1.color.2,high - low,Second report,48.45,-166.942026214975,1.0
color_2,S1.color.2,high - high,Second report,8.05999999999996,12.4461940811041,0.0
color_2,S1.color.2,high - high,Second report,66.5,118.598916107026,1.0
color_2,S1.color.2,low - low,Second report,68.48,-78.1658755560444,1.0
color_2,S1.color.2,low - high,Second report,102.97,31.1126734378678,0.0
color_2,S1.color.2,low - high,Second report,144.09,1.45484915798442,0.0
color_2,S1.color.2,high - high,Second report,59.6,15.0869796573707,0.0
color_2,S1.color.2,high - high,Second report,104.08,26.5046241032774,0.0
color_2,S1.color.2,low - low,Second report,76.6600000000001,12.3848412637145,0.0
color_2,S1.color.2,high - high,Second report,156.11,39.8659786732687,0.0
color_2,S1.color.2,low - high,Second report,178.12,-129.749262423287,1.0
color_2,S1.color.2,high - high,Second report,86.87,-27.7834950385132,0.0
color_2,S1.color.2,low - high,Second report,165.02,-6.73828238137438,0.0
color_2,S1.color.2,high - high,Second report,177.59,9.79251036487903,0.0
color_2,S1.color.2,low - low,Second report,91.72,-5.6186659499367,0.0
color_2,S1.color.2,low - low,Second report,101.65,10.2846742367387,0.0
color_2,S1.color.2,high - low,Second report,112.54,18.9478472887317,0.0
color_2,S1.color.2,low - low,Second report,107.11,13.4390478344139,0.0
color_2,S1.color.2,low - high,Second report,178.77,-8.12997298872907,0.0
color_2,S1.color.2,high - low,Second report,54.47,-23.3646483114098,0.0
color_2,S1.color.2,low - low,Second report,70.32,49.5004094077713,0.0
color_2,S1.color.2,low - low,Second report,165.98,-18.5591439134058,0.0
color_2,S1.color.2,high - high,Second report,93.75,-27.7206684940479,0.0
color_2,S1.color.2,low - high,Second report,22.37,-12.5191416295185,0.0
color_2,S1.color.2,high - high,Second report,105.15,-11.9927924194731,0.0
color_2,S1.color.2,low - low,Second report,117.3,-9.71572777487371,0.0
color_2,S1.color.2,high - low,Second report,129.5,-16.4833240155599,0.0
color_2,S1.color.2,low - high,Second report,81.8,18.3559113133674,0.0
color_2,S1.color.2,high - low,Second report,163.14,17.5128081981226,0.0
color_2,S1.color.2,low - high,Second report,6.24999999999997,-12.3623542784178,0.0
color_2,S1.color.2,high - high,Second report,39.26,98.9630496831826,1.0
color_2,S1.color.2,high - low,Second report,87.95,31.3169300050734,0.0
color_2,S1.color.2,low - high,Second report,129.76,193.000891492544,1.0
color_2,S1.color.2,high - low,Second report,52.05,8.19015683779229,0.0
color_2,S1.color.2,low - low,Second report,80.71,126.005463263813,1.0
color_2,S1.color.2,high - low,Second report,78.92,104.082782548666,1.0
color_2,S1.color.2,high - low,Second report,120.98,-10.7041028677854,0.0
color_2,S1.color.2,low - low,Second report,60.94,-32.8398299150162,0.0
color_2,S1.color.2,high - low,Second report,105.99,119.168110214887,1.0
color_2,S1.color.2,low - low,Second report,125.14,8.68245310715067,0.0
color_2,S1.color.2,high - high,Second report,112.67,119.27951823854,1.0
color_2,S1.color.2,low - high,Second report,79.06,23.6722700178931,0.0
color_2,S1.color.2,high - low,Second report,70.46,73.1637505854777,0.0
color_2,S1.color.2,high - low,Second report,3.69,2.98220615177216,0.0
color_2,S1.color.2,low - low,Second report,56.08,-39.905296321434,0.0
color_2,S1.color.2,low - high,Second report,27.96,-0.356742951376297,0.0
color_2,S1.color.2,low - low,Second report,15.66,27.7254134945533,0.0
color_2,S1.color.2,low - high,Second report,136.91,108.650725309528,1.0
color_2,S1.color.2,high - low,Second report,29.6,6.77251289681115,0.0
color_2,S1.color.2,low - low,Second report,41.24,-101.736706485902,1.0
color_2,S1.color.2,low - high,Second report,58.69,66.4039126564941,0.0
color_2,S1.color.2,high - low,Second report,93.9,-58.2032642957286,0.0
color_2,S1.color.2,high - high,Second report,30.64,-102.078574741782,1.0
color_2,S1.color.2,low - high,Second report,106.95,28.5416690781132,0.0
color_2,S1.color.2,low - high,Second report,1.43000000000001,-39.9136388124464,0.0
color_2,S1.color.2,high - high,Second report,66.08,6.41046319226842,0.0
color_2,S1.color.2,high - low,Second report,138.22,21.0908304286451,0.0
color_2,S1.color.2,low - low,Second report,53.31,26.8196460685049,0.0
color_2,S1.color.2,low - low,Second report,81.74,53.5610519499851,0.0
color_2,S1.color.2,low - high,Second report,141.04,17.6625918758396,0.0
color_2,S1.color.2,high - high,Second report,74.81,8.23224263447522,0.0
color_2,S1.color.2,low - low,Second report,53.82,-27.4836987801865,0.0
color_2,S1.color.2,high - low,Second report,153.46,-10.6101730094074,0.0
color_2,S1.color.2,high - low,Second report,132.86,-118.149758448898,1.0
color_2,S1.color.2,high - high,Second report,75.24,-23.7365349064046,0.0
color_2,S1.color.2,high - high,Second report,119.27,-14.6964419561106,0.0
color_2,S1.color.2,high - low,Second report,7.35,19.0945733195833,0.0
color_2,S1.color.2,high - low,Second report,176.21,-130.52102311934,1.0
color_2,S1.color.2,low - high,Second report,120.88,-9.21332340052566,0.0
color_2,S1.color.2,high - high,Second report,26.51,4.07462124192408,0.0
color_2,S1.color.2,low - low,Second report,109.92,115.681084822077,1.0
color_2,S1.color.2,high - high,Second report,62.87,84.7263446520954,0.0
color_2,S1.color.2,high - low,Second report,41.98,24.2426974514195,0.0
color_2,S1.color.2,high - high,Second report,12.39,-5.57928709499664,0.0
color_2,S1.color.2,low - high,Second report,86.77,11.7173573758245,0.0
color_2,S1.color.2,low - low,Second report,38.18,3.46538485255094,0.0
color_2,S1.color.2,low - high,Second report,49.21,20.3224607393479,0.0
color_2,S1.color.2,low - high,Second report,109.59,10.6407978483978,0.0
color_2,S1.color.2,low - high,Second report,174.36,-20.2651540558426,0.0
color_2,S1.color.2,high - high,Second report,120.14,3.36072570413604,0.0
color_2,S1.color.2,high - low,Second report,56.95,75.8420063968164,1.0
color_2,S1.color.2,high - low,Second report,175.46,-28.8533546738631,0.0
color_2,S1.color.2,high - low,Second report,5.08999999999994,-12.9013754739285,0.0
color_2,S1.color.2,high - low,Second report,73.95,42.4244303147506,0.0
color_2,S1.color.2,low - high,Second report,87.36,-20.1387441379646,0.0
color_2,S1.color.2,high - high,Second report,40.33,31.7603202380907,0.0
color_2,S1.color.2,low - low,Second report,20.77,7.75775182397566,0.0
color_2,S1.color.2,high - high,Second report,170.85,-118.661907471859,1.0
color_2,S1.color.2,high - high,Second report,160.59,-161.890503439086,1.0
color_2,S1.color.2,low - high,Second report,74.89,5.81157641069007,0.0
color_2,S1.color.2,high - low,Second report,40.86,-33.7423503745554,0.0
color_2,S1.color.2,low - high,Second report,61.28,30.2737882595069,0.0
color_2,S1.color.2,low - low,Second report,144.16,17.1949868585964,0.0
color_2,S1.color.2,low - low,Second report,138.29,-19.7730094632689,0.0
color_2,S1.color.2,low - high,Second report,134.94,-9.45033424031763,0.0
color_2,S1.color.2,high - high,Second report,15.4400000000001,24.9785963576657,0.0
color_2,S1.color.2,low - high,Second report,12.53,31.3581316977225,0.0
color_2,S1.color.2,low - high,Second report,151.25,11.6767288589413,0.0
color_2,S1.color.2,low - low,Second report,14.65,11.0656124823004,0.0
color_2,S1.color.2,high - high,Second report,0.459999999999997,-4.28374659550806,0.0
color_2,S1.color.2,low - high,Second report,43.97,105.230731437904,1.0
color_2,S1.color.2,high - high,Second report,176.65,-91.4573525955041,1.0
color_2,S1.color.2,low - low,Second report,147.22,5.06088437937937,0.0
color_2,S1.color.2,low - high,Second report,116.42,97.1407411942752,1.0
color_2,S1.color.2,low - low,Second report,68.48,23.745819084209,0.0
color_2,S1.color.2,low - low,Second report,27.53,-112.792237622426,1.0
color_2,S1.color.2,high - low,Second report,165.12,-69.6094440146772,0.0
color_2,S1.color.2,high - high,Second report,145.96,-25.9039475029797,0.0
color_2,S1.color.2,low - low,Second report,0.72999999999998,41.8903378825065,0.0
color_2,S1.color.2,low - low,Second report,0.300000000000032,5.1120086065186,0.0
color_2,S1.color.2,low - high,Second report,167.41,40.1783669331492,0.0
color_2,S1.color.2,high - high,Second report,7.16000000000001,-18.024851800294,0.0
color_2,S1.color.2,high - low,Second report,19.23,-5.02389229495698,0.0
color_2,S1.color.2,high - high,Second report,169.33,11.974548226421,0.0
color_2,S1.color.2,high - high,Second report,97.22,-5.80218375647086,0.0
color_2,S1.color.2,high - low,Second report,153.59,-172.445393317128,1.0
color_2,S1.color.2,low - high,Second report,50.13,89.3007808479542,1.0
color_2,S1.color.2,low - high,Second report,97.46,10.2831350857647,0.0
color_2,S1.color.2,high - low,Second report,102.79,62.351732698136,0.0
color_2,S1.color.2,high - high,Second report,52.76,82.9370422391057,1.0
color_2,S1.color.2,high - low,Second report,172.17,2.0383268627704,0.0
color_2,S1.color.2,high - high,Second report,49.83,80.6471451507999,0.0
color_2,S1.color.2,high - low,Second report,83.26,-16.4400677874415,0.0
color_2,S1.color.2,low - low,Second report,178.17,-49.4219506024524,0.0
color_2,S1.color.2,low - low,Second report,12.02,-7.9010985893277,0.0
color_2,S1.color.2,low - low,Second report,99.99,53.9611475174721,0.0
color_2,S1.color.2,high - low,Second report,95.58,-49.4711278134265,0.0
color_2,S1.color.2,low - low,Second report,116.28,-90.7045543469866,1.0
color_2,S1.color.2,high - low,Second report,120.77,130.950267247764,1.0
color_2,S1.color.2,low - high,Second report,32.11,22.7455632312342,0.0
color_2,S1.color.2,low - low,Second report,161.25,-11.131067750036,0.0
color_2,S1.color.2,high - high,Second report,143.88,125.037892814984,1.0
color_2,S1.color.2,high - high,Second report,164.32,4.06392409569948,0.0
color_2,S1.color.2,low - low,Second report,151.67,-21.3473805744609,0.0
color_2,S1.color.2,low - high,Second report,22.68,-12.7624134278655,0.0
color_2,S1.color.2,low - high,Second report,65.08,10.8496794522487,0.0
color_2,S1.color.2,low - low,Second report,134.53,-0.831162451454432,0.0
color_2,S1.color.2,low - low,Second report,162.92,21.8788143323351,0.0
color_2,S1.color.2,high - high,Second report,129.23,-126.403964601373,1.0
color_2,S1.color.2,low - low,Second report,29.42,-27.3801865903349,0.0
color_2,S1.color.2,high - high,Second report,22.29,-3.18679441770982,0.0
color_2,S1.color.2,high - high,Second report,139.38,-23.3800481129149,0.0
color_2,S1.color.2,low - high,Second report,157.58,134.95624990768,1.0
color_2,S1.color.2,low - high,Second report,145.07,-13.3775055077672,0.0
color_2,S1.color.2,high - low,Second report,162.53,-1.04981707557033,0.0
color_2,S1.color.2,low - high,Second report,175.08,41.5313239597972,0.0
color_2,S1.color.2,low - high,Second report,3.47000000000004,5.73523480719121,0.0
color_2,S1.color.2,low - high,Second report,100.04,-26.8483885638051,0.0
color_2,S1.color.2,high - low,Second report,135.51,5.10395950161868,0.0
color_2,S1.color.2,high - high,Second report,62.49,6.50822791577199,0.0
color_2,S1.color.2,high - low,Second report,16.39,-5.18704586025721,0.0
color_2,S1.color.2,high - high,Second report,97.72,-37.905003967766,0.0
color_2,S1.color.2,high - high,Second report,91.84,-39.8539213585843,0.0
color_2,S1.color.2,low - low,Second report,86.11,-43.9458729361232,0.0
color_2,S1.color.2,high - high,Second report,2.34000000000001,-14.3188524783579,0.0
color_2,S1.color.2,high - low,Second report,63.21,42.3799001846771,0.0
color_2,S1.color.2,high - low,Second report,27.93,-21.4941659739436,0.0
color_2,S1.color.2,high - low,Second report,3.35,-7.38002440991061,0.0
color_2,S1.color.2,high - high,Second report,154.78,3.73975944900867,0.0
color_2,S1.color.2,low - high,Second report,38.52,2.1554024420904,0.0
color_2,S1.color.2,high - high,Second report,132.58,-125.494165973927,1.0
color_2,S1.color.2,low - low,Second report,179.25,1.88735682719807,0.0
color_2,S1.color.2,low - low,Second report,170.98,8.59350323322254,0.0
color_2,S1.color.2,high - high,Second report,76.35,11.5237186253109,0.0
color_2,S1.color.2,low - high,Second report,159.23,20.6310254128999,0.0
color_2,S1.color.2,high - high,Second report,132.1,-15.0089078446559,0.0
color_2,S1.color.2,low - low,Second report,60.06,80.8756598546757,0.0
color_2,S1.color.2,low - low,Second report,72.76,0.935318425850632,0.0
color_2,S1.color.2,high - low,Second report,142.68,8.30828808849497,0.0
color_2,S1.color.2,high - high,Second report,53.86,10.149824055795,0.0
color_2,S1.color.2,high - high,Second report,71.57,111.638122723779,1.0
color_2,S1.color.2,high - high,Second report,105.72,-139.787395205559,1.0
color_2,S1.color.2,low - high,Second report,33.06,4.08915265269262,0.0
color_2,S1.color.2,low - low,Second report,91.6,-15.3302853268056,0.0
color_2,S1.color.2,low - low,Second report,14.41,5.17149009751818,0.0
color_2,S1.color.2,high - high,Second report,14.1,32.1146457904777,0.0
color_2,S1.color.2,low - high,Second report,147.92,-9.49776845232759,0.0
color_2,S1.color.2,low - high,Second report,138.53,-13.1289486603636,0.0
color_2,S1.color.2,low - high,Second report,45.3,6.72339173634229,0.0
color_2,S1.color.2,high - low,Second report,75.26,-142.16979603327,1.0
color_2,S1.color.2,high - low,Second report,70.9200000000001,16.9870240780671,0.0
color_2,S1.color.2,high - low,Second report,131.46,9.04152156444816,0.0
color_2,S1.color.2,high - low,Second report,88.46,-79.7096985644666,0.0
color_2,S1.color.2,high - high,Second report,112.03,-58.9779113300416,0.0
color_2,S1.color.2,high - high,Second report,176.87,29.8107387123371,0.0
color_2,S1.color.2,high - low,Second report,133.38,-91.7677946704202,0.0
color_2,S1.color.2,high - high,Second report,39.82,27.9397650965311,0.0
color_2,S1.color.2,low - low,Second report,96.38,5.39655193838892,0.0
color_2,S1.color.2,high - high,Second report,126.71,15.7458190842089,0.0
color_2,S1.color.2,high - low,Second report,103.59,-105.640179181219,1.0
color_2,S1.color.2,low - high,Second report,52.77,-1.23632543598326,0.0
color_2,S1.color.2,high - high,Second report,20.98,27.3081501239307,0.0
color_2,S1.color.2,high - high,Second report,25.08,-6.99586731530215,0.0
color_2,S1.color.2,low - low,Second report,178.23,188.334321209773,1.0
color_2,S1.color.2,high - high,Second report,1.49000000000001,24.3733817702305,0.0
color_2,S1.color.2,low - low,Second report,30.54,-4.03910253648687,0.0
color_2,S1.color.2,low - high,Second report,111.2,-14.0009946226261,0.0
color_2,S1.color.2,high - low,Second report,171.7,-20.3346097821085,0.0
color_2,S1.color.2,low - high,Second report,174.92,-2.43073646409562,0.0
color_2,S1.color.2,low - low,Second report,40.15,-134.625345162812,1.0
color_2,S1.color.2,low - high,Second report,64.87,21.5200526508038,0.0
color_2,S1.color.2,low - low,Second report,172.21,6.08866399474949,0.0
color_2,S1.color.2,high - low,Second report,57.7000000000001,28.3616037641735,0.0
color_2,S1.color.2,low - low,Second report,0.639999999999986,18.9944970561298,0.0
color_2,S1.color.2,low - high,Second report,95.34,3.72777734577225,0.0
color_2,S1.color.2,high - high,Second report,64.98,52.2723481348643,0.0
color_2,S1.color.2,low - high,Second report,118.87,-130.341310684366,1.0
color_2,S1.color.2,low - low,Second report,4.73999999999999,-26.5981193419324,0.0
color_2,S1.color.2,low - low,Second report,58.14,52.2229777053802,0.0
color_2,S1.color.2,low - high,Second report,170.38,10.6910072036854,0.0
color_2,S1.color.2,low - low,Second report,94.3000000000001,-8.0107317497181,0.0
color_2,S1.color.2,high - low,Second report,177.83,-174.33540004345,1.0
color_2,S1.color.2,low - high,Second report,162.1,-8.38675295912346,0.0
color_2,S1.color.2,high - high,Second report,144.18,116.558716099982,1.0
color_2,S1.color.2,low - low,Second report,47.49,-5.06044922444106,0.0
color_2,S1.color.2,low - high,Second report,176.13,11.3593721582166,0.0
color_2,S1.color.2,high - low,Second report,116.38,-84.9020523472954,1.0
color_2,S1.color.2,low - low,Second report,173.27,12.9502379781254,0.0
color_2,S1.color.2,high - high,Second report,49.83,-19.6601888126615,0.0
color_2,S1.color.2,low - high,Second report,115.77,91.6483120707481,0.0
color_2,S1.color.2,high - low,Second report,27.59,-21.6598268487233,0.0
color_2,S1.color.2,high - low,Second report,35.05,12.6047606541292,0.0
color_2,S1.color.2,high - low,Second report,80.01,19.8317053798712,0.0
color_2,S1.color.2,high - high,Second report,138.32,34.5302717119111,0.0
color_2,S1.color.2,high - high,Second report,145.27,-4.10128576638923,0.0
color_2,S1.color.2,high - low,Second report,3.31,9.7041561491806,0.0
color_2,S1.color.2,low - high,Second report,77.11,11.1054696264773,0.0
color_2,S1.color.2,high - low,Second report,54.21,-0.369128390085376,0.0
color_2,S1.color.2,low - low,Second report,145.47,6.4030120750498,0.0
color_2,S1.color.2,low - high,Second report,65.1,-2.55174361798599,0.0
color_2,S1.color.2,low - low,Second report,138.5,-10.5560290848624,0.0
color_2,S1.color.2,high - low,Second report,60.6,14.5549343106926,0.0
color_2,S1.color.2,high - low,Second report,22.07,9.42149068635605,0.0
color_2,S1.color.2,low - low,Second report,122.07,13.6798011122853,0.0
color_2,S1.color.2,high - low,Second report,119.09,-168.524490272249,1.0
color_2,S1.color.2,low - high,Second report,135.71,-8.31452607111391,0.0
color_2,S1.color.2,high - high,Second report,18.47,33.8417705535774,0.0
color_2,S1.color.2,high - low,Second report,10.63,-7.07167201497495,0.0
color_2,S1.color.2,low - low,Second report,43.87,-8.59035787059599,0.0
color_2,S1.color.2,high - low,Second report,105.04,19.028386943622,0.0
color_2,S1.color.2,low - low,Second report,79.79,-169.278768168185,1.0
color_2,S1.color.2,high - low,Second report,42.67,17.7183271602794,0.0
color_2,S1.color.2,low - low,Second report,5.39999999999997,29.8111314813912,0.0
color_2,S1.color.2,low - high,Second report,4.29000000000001,7.6068876222227,0.0
color_2,S1.color.2,high - low,Second report,146.91,-58.2625929802839,0.0
color_2,S1.color.2,low - high,Second report,177.81,38.8191818055693,0.0
color_2,S1.color.2,high - low,Second report,178.92,2.86264810881777,0.0
color_2,S1.color.2,high - high,Second report,12.43,-1.72650078279506,0.0
color_2,S1.color.2,high - high,Second report,165.16,2.5758308185011,0.0
color_2,S1.color.2,high - low,Second report,14.78,103.698028542571,1.0
color_2,S1.color.2,low - high,Second report,103.75,77.5014097189785,0.0
color_2,S1.color.2,high - high,Second report,63.1600000000001,5.61177885079239,0.0
color_2,S1.color.2,low - high,Second report,5.82999999999999,18.6526825632305,0.0
color_2,S1.color.2,low - high,Second report,159.16,-29.7016511560353,0.0
color_2,S1.color.2,high - high,Second report,99.77,6.20368067106076,0.0
color_2,S1.color.2,low - high,Second report,6.78999999999996,1.38485094214038,0.0
color_2,S1.color.2,high - low,Second report,0.620000000000012,22.8860277069722,0.0
color_2,S1.color.2,high - low,Second report,48.5699999999999,61.6782249170555,0.0
color_2,S1.color.2,low - high,Second report,90.56,-124.883124726572,1.0
color_2,S1.color.2,high - high,Second report,150.13,25.8585519112089,0.0
color_2,S1.color.2,low - low,Second report,16.13,25.3421627408664,0.0
color_2,S1.color.2,high - low,Second report,102.45,19.9187275238169,0.0
color_2,S1.color.2,low - low,Second report,17.93,1.65137632961743,0.0
color_2,S1.color.2,high - high,Second report,28.47,19.9639200763536,0.0
color_2,S1.color.2,low - low,Second report,77.46,10.6996625630971,0.0
color_2,S1.color.2,high - high,Second report,81.73,39.0185950390635,0.0
color_2,S1.color.2,low - high,Second report,114.09,-149.043307436331,1.0
color_2,S1.color.2,low - low,Second report,138.74,24.5113329687226,0.0
color_2,S1.color.2,low - low,Second report,155.1,27.6747358083654,0.0
color_2,S1.color.2,low - high,Second report,42.4,5.63122134518866,0.0
color_2,S1.color.2,high - low,Second report,67.05,-8.70372541473847,0.0
color_2,S1.color.2,high - low,Second report,162.95,5.15728203639238,0.0
color_2,S1.color.2,high - high,Second report,43.16,7.36851718704629,0.0
color_2,S1.color.2,low - low,Second report,127.76,-222.303948745644,1.0
color_2,S1.color.2,low - high,Second report,56.26,95.7022652388868,1.0
color_2,S1.color.2,high - low,Second report,91.15,-63.074856350128,0.0
color_2,S1.color.2,low - low,Second report,176.73,-139.179786311801,1.0
color_2,S1.color.2,low - low,Second report,49.77,-126.464753339324,1.0
color_2,S1.color.2,high - low,Second report,167.46,11.0507546426352,0.0
color_2,S1.color.2,low - high,Second report,32.31,-5.68552371604129,0.0
color_2,S1.color.2,low - low,Second report,110.39,47.7061012564125,0.0
color_2,S1.color.2,low - high,Second report,71.9,-105.749437074387,1.0
color_2,S1.color.2,low - high,Second report,150.32,-197.74207413357,1.0
color_2,S1.color.2,high - low,Second report,155.44,-0.519226406191516,0.0
color_2,S1.color.2,low - high,Second report,2.89000000000002,24.4420588678496,0.0
color_2,S1.color.2,low - low,Second report,30.2,0.519261550132439,0.0
color_2,S1.color.2,high - low,Second report,19.71,-5.93305697361691,0.0
color_2,S1.color.2,high - low,Second report,140.1,-7.37882793528551,0.0
color_2,S1.color.2,high - high,Second report,172.32,11.4075204215275,0.0
color_2,S1.color.2,low - low,Second report,69.0,-32.3083193264629,0.0
color_2,S1.color.2,high - high,Second report,175.49,-11.7364239106562,0.0
color_2,S1.color.2,low - high,Second report,76.39,7.55173109354668,0.0
color_2,S1.color.2,low - high,Second report,134.86,129.501568761737,1.0
color_2,S1.color.2,high - high,Second report,79.17,-161.238064519045,1.0
color_2,S1.color.2,high - low,Second report,154.05,60.4199552176331,0.0
color_2,S1.color.2,high - high,Second report,66.22,-68.3808731263354,0.0
color_2,S1.color.2,high - high,Second report,119.27,-15.2873662511228,0.0
color_2,S1.color.2,high - high,Second report,122.83,16.1376151815288,0.0
color_2,S1.color.2,high - high,Second report,161.84,6.51669686154039,0.0
color_2,S1.color.2,low - low,Second report,129.15,150.637184652696,1.0
color_2,S1.color.2,high - high,Second report,100.21,89.8673075433934,1.0
color_2,S1.color.2,high - high,Second report,92.9700000000001,-113.220661558702,1.0
color_2,S1.color.2,low - low,Second report,145.83,25.6417283680772,0.0
color_2,S1.color.2,high - low,Second report,28.59,-37.3991882673332,0.0
color_2,S1.color.2,low - low,Second report,117.04,9.32146569096538,0.0
color_2,S1.color.2,low - high,Second report,90.07,-32.178683397494,0.0
color_2,S1.color.2,high - high,Second report,157.46,-16.5193545136233,0.0
color_2,S1.color.2,low - high,Second report,42.6,-5.91707471902354,0.0
color_2,S1.color.2,high - high,Second report,85.52,-49.0506071897899,0.0
color_2,S1.color.2,high - low,Second report,106.84,11.7989549219177,0.0
color_2,S1.color.2,high - high,Second report,3.91999999999999,-0.972996488573349,0.0
color_2,S1.color.2,low - high,Second report,17.61,-147.597649647167,1.0
color_2,S1.color.2,low - low,Second report,100.3,18.6254535002257,0.0
color_2,S1.color.2,low - low,Second report,105.99,-81.7447486070444,0.0
color_2,S1.color.2,low - low,Second report,163.58,-36.9971835929903,0.0
color_2,S1.color.2,low - high,Second report,17.87,1.68723182704378,0.0
color_2,S1.color.2,low - high,Second report,126.97,7.26666526331721,0.0
color_2,S1.color.2,low - low,Second report,40.66,42.4614165216629,0.0
color_2,S1.color.2,high - low,Second report,48.15,72.897190206741,0.0
color_2,S1.color.2,low - low,Second report,117.24,100.82263383506,1.0
color_2,S1.color.2,low - high,Second report,177.14,-2.35115083475008,0.0
color_2,S1.color.2,high - high,Second report,77.84,45.2610781010515,0.0
color_2,S1.color.2,low - low,Second report,3.48999999999999,-2.69169023755127,0.0
color_2,S1.color.2,low - high,Second report,109.5,2.94631757370214,0.0
color_2,S1.color.2,low - low,Second report,102.89,-123.71467244776,1.0
color_2,S1.color.2,high - low,Second report,2.68999999999999,-40.2171423951718,0.0
color_2,S1.color.2,low - high,Second report,177.59,-12.951054295073,0.0
color_2,S1.color.2,high - low,Second report,45.13,12.6516155320081,0.0
color_2,S1.color.2,low - low,Second report,175.73,-96.857499454191,1.0
color_2,S1.color.2,low - high,Second report,90.74,95.4113405859178,1.0
color_2,S1.color.2,low - low,Second report,27.36,11.4170112770523,0.0
color_2,S1.color.2,low - low,Second report,161.81,14.1480439845892,0.0
color_2,S1.color.2,high - low,Second report,32.79,30.3490886092394,0.0
color_2,S1.color.2,high - low,Second report,153.33,20.3663820171132,0.0
color_2,S1.color.2,low - low,Second report,139.45,23.0279741077143,0.0
color_2,S1.color.2,high - high,Second report,176.97,25.6614908470675,0.0
color_2,S1.color.2,low - high,Second report,73.8,21.0156907491375,0.0
color_2,S1.color.2,low - high,Second report,108.4,-2.39711025933991,0.0
color_2,S1.color.2,high - high,Second report,28.39,17.2604279186202,0.0
color_2,S1.color.2,low - low,Second report,45.26,-39.2455961397888,0.0
color_2,S1.color.2,high - low,Second report,162.11,2.00177067228521,0.0
color_2,S1.color.2,high - high,Second report,165.01,3.94084989185408,0.0
color_2,S1.color.2,high - high,Second report,160.02,-130.621160986642,1.0
color_2,S1.color.2,high - high,Second report,110.36,-68.4059862167083,0.0
color_2,S1.color.2,low - high,Second report,157.07,37.6090359446237,0.0
color_2,S1.color.2,high - high,Second report,56.45,-6.73376941699914,0.0
color_2,S1.color.2,low - high,Second report,4.48000000000003,6.02389341420967,0.0
color_2,S1.color.2,low - low,Second report,13.97,-0.364510230035552,0.0
color_2,S1.color.2,low - high,Second report,96.68,3.41557360461518,0.0
color_2,S1.color.2,low - high,Second report,95.36,-22.5191129979435,0.0
color_2,S1.color.2,high - high,Second report,158.88,14.1070028809538,0.0
color_2,S1.color.2,high - low,Second report,144.55,35.9207582417428,0.0
color_2,S1.color.2,high - high,Second report,17.81,-8.26827645418786,0.0
color_2,S1.color.2,high - high,Second report,99.9400000000001,-12.454653073483,0.0
color_2,S1.color.2,low - high,Second report,7.78,64.5382901132197,0.0
color_2,S1.color.2,low - low,Second report,155.49,119.040100105132,1.0
color_2,S1.color.2,low - low,Second report,131.07,-24.8795221353059,0.0
color_2,S1.color.2,high - high,Second report,138.9,76.8689776031045,0.0
color_2,S1.color.2,high - low,Second report,43.64,-25.5854533807885,0.0
color_2,S1.color.2,high - high,Second report,152.6,9.24877440732467,0.0
color_2,S1.color.2,low - high,Second report,63.59,-51.3304954863823,1.0
color_2,S1.color.2,high - low,Second report,10.51,-119.440494490884,1.0
color_2,S1.color.2,low - low,Second report,127.81,-67.9340438351301,0.0
color_2,S1.color.2,low - low,Second report,108.29,-26.6939607815609,0.0
color_2,S1.color.2,high - low,Second report,63.76,-23.1334670478509,0.0
color_2,S1.color.2,low - low,Second report,23.78,0.479117139884183,0.0
color_2,S1.color.2,high - high,Second report,122.53,-9.15442974167722,0.0
color_2,S1.color.2,low - low,Second report,54.61,11.1974048682662,0.0
color_2,S1.color.2,high - high,Second report,85.63,-76.1607755347579,1.0
color_2,S1.color.2,low - high,Second report,119.29,9.16617536401845,0.0
color_2,S1.color.2,low - high,Second report,126.03,-28.4006090270521,0.0
color_2,S1.color.2,low - low,Second report,19.17,13.883976257192,0.0
color_2,S1.color.2,low - high,Second report,170.21,-57.0146862565734,0.0
color_2,S1.color.2,low - high,Second report,135.36,6.90144400577766,0.0
color_2,S1.color.2,high - low,Second report,153.41,-77.6002720877318,0.0
color_2,S1.color.2,high - high,Second report,143.76,165.42816454804,1.0
color_2,S1.color.2,high - high,Second report,9.45999999999997,-14.323066128132,0.0
color_2,S1.color.2,low - high,Second report,23.09,-7.05037986273501,0.0
color_2,S1.color.2,high - high,Second report,50.65,8.38744554147412,0.0
color_2,S1.color.2,high - high,Second report,90.48,37.4768830295775,0.0
color_2,S1.color.2,high - low,Second report,111.45,17.0680441178582,0.0
color_2,S1.color.2,low - low,Second report,65.39,-160.283283234409,1.0
color_2,S1.color.2,high - low,Second report,34.28,18.7551299509046,0.0
color_2,S1.color.2,low - high,Second report,5.20999999999998,-8.96184174741073,0.0
color_2,S1.color.2,high - high,Second report,39.3,17.0101605032151,0.0
color_2,S1.color.2,low - low,Second report,146.07,-2.35745600396244,0.0
color_2,S1.color.2,low - low,Second report,172.27,1.15178816284336,0.0
color_2,S1.color.2,high - low,Second report,104.0,1.5468793663989,0.0
color_2,S1.color.2,low - high,Second report,84.8199999999999,-14.6232704947753,0.0
color_2,S1.color.2,high - low,Second report,76.65,9.74412181825938,0.0
color_2,S1.color.2,low - high,Second report,150.99,10.4469155750969,0.0
color_2,S1.color.2,high - low,Second report,7.41,4.57447504568781,0.0
color_2,S1.color.2,low - high,Second report,161.05,11.4786483387611,0.0
color_2,S1.color.2,high - low,Second report,127.9,63.7764826822872,0.0
color_2,S1.color.2,low - low,Second report,41.47,-0.166610392043262,0.0
color_2,S1.color.2,high - low,Second report,77.5400000000001,20.6198733568656,0.0
color_2,S1.color.2,high - low,Second report,166.53,-0.789104671315939,0.0
color_2,S1.color.2,low - low,Second report,175.46,113.208979300893,1.0
color_2,S1.color.2,low - high,Second report,22.32,134.338015360944,1.0
color_2,S1.color.2,low - low,Second report,11.5,8.45511688802804,0.0
color_2,S1.color.2,high - high,Second report,96.18,5.12446440305087,0.0
color_2,S1.color.2,low - low,Second report,70.02,-126.063989060306,1.0
color_2,S1.color.2,high - high,Second report,64.85,128.589676873619,1.0
color_2,S1.color.2,low - high,Second report,74.48,2.5800629186417,0.0
color_2,S1.color.2,high - low,Second report,18.06,-3.63966859039351,0.0
color_2,S1.color.2,high - high,Second report,19.2,-1.13070175211274,0.0
color_2,S1.color.2,low - low,Second report,89.7,-147.703731300501,1.0
color_2,S1.color.2,low - high,Second report,75.74,6.62310538752984,0.0
color_2,S1.color.2,high - high,Second report,177.0,26.6188241327254,0.0
color_2,S1.color.2,high - low,Second report,62.74,21.95284685361,0.0
color_2,S1.color.2,high - low,Second report,86.78,-0.626428566489208,0.0
color_2,S1.color.2,high - low,Second report,15.39,-25.8520476266215,0.0
color_2,S1.color.2,high - high,Second report,67.83,-26.0623506981872,0.0
color_2,S1.color.2,low - high,Second report,58.14,1.91803649205037,0.0
color_2,S1.color.2,high - high,Second report,154.44,-18.6527335727382,0.0
color_2,S1.color.2,low - low,Second report,118.89,-5.20873743339343,0.0
color_2,S1.color.2,high - high,Second report,76.2500000000001,140.906479895373,1.0
color_2,S1.color.2,low - low,Second report,94.25,4.01283223139263,0.0
color_2,S1.color.2,high - high,Second report,165.1,-22.0387523288989,0.0
color_2,S1.color.2,low - low,Second report,143.93,-27.4481417259807,0.0
color_2,S1.color.2,high - low,Second report,118.59,-12.5877448933077,0.0
color_2,S1.color.2,high - high,Second report,130.85,69.1436387181372,0.0
color_2,S1.color.2,low - low,Second report,165.69,-4.4821557040618,0.0
color_2,S1.color.2,high - high,Second report,130.63,-24.4825015971152,0.0
color_2,S1.color.2,low - high,Second report,52.26,19.1237043257016,0.0
color_2,S1.color.2,low - low,Second report,28.32,-18.3922110057837,0.0
color_2,S1.color.2,low - high,Second report,87.97,3.26872888998686,0.0
color_2,S1.color.2,high - low,Second report,122.66,12.2590416171068,0.0
color_2,S1.color.2,high - low,Second report,141.68,-68.2888854890233,0.0
color_2,S1.color.2,high - low,Second report,130.6,-41.1522899800189,0.0
color_2,S1.color.2,low - high,Second report,2.9,-107.63276604163,1.0
color_2,S1.color.2,low - high,Second report,119.9,2.17659103183274,0.0
color_2,S1.color.2,high - low,Second report,0.849999999999998,-13.7735486512777,0.0
color_2,S1.color.2,high - low,Second report,103.92,-1.64565493854619,0.0
color_2,S1.color.2,high - high,Second report,0.360000000000003,-10.1833629745219,0.0
color_2,S1.color.2,low - high,Second report,32.09,36.2011226993516,0.0
color_2,S1.color.2,high - low,Second report,65.57,-50.9129431488682,0.0
color_2,S1.color.2,low - low,Second report,62.24,14.5489538208682,0.0
color_2,S1.color.2,high - high,Second report,0.0199999999999988,-10.107466003348,0.0
color_2,S1.color.2,low - low,Second report,104.19,-33.5395205322414,0.0
color_2,S1.color.2,low - high,Second report,126.94,7.44380808435025,0.0
color_2,S1.color.2,high - low,Second report,155.12,-46.294545480654,0.0
color_2,S1.color.2,high - low,Second report,178.61,6.9416475482341,0.0
color_2,S1.color.2,high - high,Second report,118.3,26.0233937397674,0.0
color_2,S1.color.2,high - low,Second report,112.55,-4.31865850605578,0.0
color_2,S1.color.2,low - high,Second report,144.75,28.905330688998,0.0
color_2,S1.color.2,high - high,Second report,74.92,-45.4306916476751,0.0
color_2,S1.color.2,high - high,Second report,11.92,66.5764905686761,0.0
color_2,S1.color.2,high - low,Second report,175.73,-19.805183430614,0.0
color_2,S1.color.2,low - low,Second report,150.73,-18.1960318172832,0.0
color_2,S1.color.2,high - high,Second report,110.3,13.7731586239914,0.0
color_2,S1.color.2,low - high,Second report,34.26,-26.7405931772301,0.0
color_2,S1.color.2,high - high,Second report,40.18,-15.6891155855337,0.0
color_2,S1.color.2,low - high,Second report,44.29,87.0375198094534,1.0
color_2,S1.color.2,low - high,Second report,171.77,-27.8596324396227,0.0
color_2,S1.color.2,low - low,Second report,1.73999999999999,25.9378223740346,0.0
color_2,S1.color.2,low - high,Second report,150.01,-61.9468444120676,0.0
color_2,S1.color.2,high - high,Second report,54.69,63.9862848443477,1.0
color_2,S1.color.2,high - low,Second report,72.9099999999999,0.280981299518571,0.0
color_2,S1.color.2,high - low,Second report,37.56,11.5150345408087,0.0
color_2,S1.color.2,high - high,Second report,29.13,-16.0117950973907,0.0
color_2,S1.color.2,high - low,Second report,90.02,-38.859569550103,0.0
color_2,S1.color.2,low - high,Second report,54.96,35.3322238501798,0.0
color_2,S1.color.2,low - low,Second report,113.36,102.881014110051,1.0
color_2,S1.color.2,low - low,Second report,79.29,3.70519499640769,0.0
color_2,S1.color.2,low - high,Second report,43.4699999999999,-24.5899819508702,0.0
color_2,S1.color.2,low - low,Second report,60.4,99.3963036315673,1.0
color_2,S1.color.2,high - low,Second report,155.88,-18.0369765646747,0.0
color_2,S1.color.2,high - high,Second report,160.44,-5.18908962397725,0.0
color_2,S1.color.2,high - high,Second report,47.3,52.0572889943003,0.0
color_2,S1.color.2,high - high,Second report,9.19999999999996,7.47265931428851,0.0
color_2,S1.color.2,low - high,Second report,176.03,-6.43104797456841,0.0
color_2,S1.color.2,high - high,Second report,91.84,19.1558519348526,0.0
color_2,S1.color.2,low - high,Second report,141.12,13.6968121819889,0.0
color_2,S1.color.2,low - high,Second report,43.81,-8.59596368726648,0.0
color_2,S1.color.2,low - low,Second report,163.01,5.8166525200521,0.0
color_2,S1.color.2,high - high,Second report,82.55,123.658874378977,1.0
color_2,S1.color.2,high - high,Second report,1.62,32.32688442117,0.0
color_2,S1.color.2,high - low,Second report,70.9899999999999,2.69606022510498,0.0
color_2,S1.color.2,high - low,Second report,2.04000000000003,45.1214496826875,0.0
color_2,S1.color.2,high - low,Second report,38.8,-40.4910582460478,0.0
color_2,S1.color.2,high - high,Second report,73.97,11.4335950820737,0.0
color_2,S1.color.2,high - high,Second report,21.68,11.669950627357,0.0
color_2,S1.color.2,low - low,Second report,24.53,19.2602827225637,0.0
color_2,S1.color.2,high - low,Second report,31.71,7.17874886323517,0.0
color_2,S1.color.2,high - high,Second report,139.32,-100.535239469571,1.0
color_2,S1.color.2,high - low,Second report,106.25,15.6292732753718,0.0
color_2,S1.color.2,low - low,Second report,40.17,110.296154537961,1.0
color_2,S1.color.2,high - low,Second report,19.6,115.033881439981,1.0
color_2,S1.color.2,low - high,Second report,122.48,-35.3386562752639,0.0
color_2,S1.color.2,low - high,Second report,74.18,-45.070408202026,0.0
color_2,S1.color.2,high - high,Second report,96.73,34.7222358785885,0.0
color_2,S1.color.2,low - low,Second report,139.74,-4.04706055971095,0.0
color_2,S1.color.2,low - high,Second report,146.94,9.17983818692502,0.0
color_2,S1.color.2,low - low,Second report,96.56,-71.856109906326,0.0
color_2,S1.color.2,high - low,Second report,83.45,-129.71837813042,1.0
color_2,S1.color.2,low - low,Second report,32.19,101.157363410826,1.0
color_2,S1.color.2,low - high,Second report,91.37,144.4074793385,1.0
color_2,S1.color.2,high - low,Second report,160.93,82.3267815819503,0.0
color_2,S1.color.2,low - low,Second report,164.19,14.2574752561078,0.0
color_2,S1.color.2,low - high,Second report,130.43,-69.9535459018847,0.0
color_2,S1.color.2,low - low,Second report,10.89,-5.25947414771825,0.0
color_2,S1.color.2,high - low,Second report,135.69,189.363309049403,1.0
color_2,S1.color.2,high - high,Second report,108.38,-115.241502843255,1.0
color_2,S1.color.2,high - low,Second report,127.38,47.9855382998543,0.0
color_2,S1.color.2,high - high,Second report,56.96,-59.1103796708538,0.0
color_2,S1.color.2,high - low,Second report,85.06,180.422184021015,1.0
color_2,S1.color.2,high - low,Second report,122.5,-60.8254822125653,0.0
color_2,S1.color.2,high - high,Second report,146.37,27.4906219449222,0.0
color_2,S1.color.2,high - high,Second report,148.16,-3.50808155204464,0.0
color_2,S1.color.2,high - low,Second report,139.83,199.502549854432,1.0
color_2,S1.color.2,low - high,Second report,48.15,-30.229406586676,0.0
color_2,S1.color.2,high - low,Second report,48.17,18.7317242497327,0.0
color_2,S1.color.2,low - low,Second report,13.09,-21.8055765718653,0.0
color_2,S1.color.2,high - high,Second report,132.28,-12.9506130830724,0.0
color_2,S1.color.2,low - high,Second report,2.34000000000001,46.1714473912955,0.0
color_2,S1.color.2,low - low,Second report,69.43,-48.7977020764131,0.0
color_2,S1.color.2,high - low,Second report,178.99,15.609098855752,0.0
color_2,S1.color.2,low - low,Second report,126.73,-24.9406033796994,0.0
color_2,S1.color.2,high - low,Second report,64.08,18.7958580753925,0.0
color_2,S1.color.2,low - high,Second report,123.25,-5.52397715315073,0.0
color_2,S1.color.2,low - low,Second report,93.45,2.73172354581214,0.0
color_2,S1.color.2,high - low,Second report,169.0,23.3642400982602,0.0
color_2,S1.color.2,low - low,Second report,142.71,105.140741194275,1.0
color_2,S1.color.2,high - high,Second report,0.72999999999998,-12.4313095059044,0.0
color_2,S1.color.2,high - low,Second report,98.75,11.6592983178668,0.0
color_2,S1.color.2,high - high,Second report,102.05,-11.0656409085365,0.0
color_2,S1.color.2,low - low,Second report,119.47,14.3685183249133,0.0
color_2,S1.color.2,low - high,Second report,18.52,25.5312659620454,0.0
color_2,S1.color.2,low - high,Second report,135.5,91.8825711100641,1.0
color_2,S1.color.2,low - high,Second report,133.52,97.5655454321369,1.0
color_2,S1.color.2,high - low,Second report,153.85,-31.4565769268127,0.0
color_2,S1.color.2,high - high,Second report,116.64,7.06653401190485,0.0
color_2,S1.color.2,low - low,Second report,175.32,-74.7848522246305,0.0
color_2,S1.color.2,high - low,Second report,58.43,-13.9707288338823,0.0
color_2,S1.color.2,high - high,Second report,59.24,-4.04117632761111,0.0
color_2,S1.color.2,high - low,Second report,4.63999999999999,13.9915545187713,0.0
color_2,S1.color.2,low - high,Second report,25.53,0.503489263277864,0.0
color_2,S1.color.2,low - high,Second report,83.2,-81.3290273984965,1.0
color_2,S1.color.2,low - high,Second report,156.36,-43.9494834374432,0.0
color_2,S1.color.2,low - low,Second report,1.12000000000001,-38.9112673832719,0.0
color_2,S1.color.2,low - high,Second report,147.12,1.12052895846156,0.0
color_2,S1.color.2,low - high,Second report,169.64,-19.8328230087069,0.0
color_2,S1.color.2,low - high,Second report,110.19,-12.3745931257411,0.0
color_2,S1.color.2,low - high,Second report,178.27,2.46332616266503,0.0
color_2,S1.color.2,low - high,Second report,10.85,-31.3885836563412,0.0
color_2,S1.color.2,high - high,Second report,34.7,10.260136959345,0.0
color_2,S1.color.2,low - low,Second report,60.95,1.43811944695787,0.0
color_2,S1.color.2,high - low,Second report,88.18,-36.4765087494576,0.0
color_2,S1.color.2,low - high,Second report,82.49,-17.3527737627601,0.0
color_2,S1.color.2,low - low,Second report,1.13999999999998,14.5758599737208,0.0
color_2,S1.color.2,high - low,Second report,20.06,-11.2461426814413,0.0
color_2,S1.color.2,high - high,Second report,42.32,10.6954302533742,0.0
color_2,S1.color.2,high - low,Second report,7.4,22.1631942096461,0.0
color_2,S1.color.2,low - low,Second report,119.57,4.58697649308245,0.0
color_2,S1.color.2,high - low,Second report,6.47000000000001,-0.700960118741444,0.0
color_2,S1.color.2,high - high,Second report,115.75,5.76006889951115,0.0
color_2,S1.color.2,low - high,Second report,97.56,-36.9398352335701,0.0
color_2,S1.color.2,high - high,Second report,176.3,-112.730428415865,1.0
color_2,S1.color.2,high - high,Second report,33.91,16.8234379896528,0.0
color_2,S1.color.2,low - high,Second report,49.83,-5.18000190862106,0.0
color_2,S1.color.2,low - low,Second report,54.59,88.9125903199865,1.0
color_2,S1.color.2,high - high,Second report,94.81,11.348206555133,0.0
color_2,S1.color.2,low - high,Second report,155.24,182.85374242891,1.0
color_2,S1.color.2,low - high,Second report,38.45,9.48455568927779,0.0
color_2,S1.color.2,low - high,Second report,64.65,12.1745036655541,0.0
color_2,S1.color.2,high - high,Second report,51.52,55.573770408542,0.0
color_2,S1.color.2,high - high,Second report,44.64,22.171842837105,0.0
color_2,S1.color.2,low - low,Second report,151.0,13.1167830278142,0.0
color_2,S1.color.2,high - high,Second report,141.27,46.1092706878443,0.0
color_2,S1.color.2,low - high,Second report,94.61,-144.815842725929,1.0
color_2,S1.color.2,low - low,Second report,54.94,-18.1961431256325,0.0
color_2,S1.color.2,high - high,Second report,168.37,11.0833461268988,0.0
color_2,S1.color.2,low - low,Second report,64.55,-7.7417644891697,0.0
color_2,S1.color.2,high - high,Second report,72.65,-29.0191011349363,0.0
color_2,S1.color.2,high - high,Second report,5.66999999999998,6.02150013471362,0.0
color_2,S1.color.2,low - low,Second report,34.12,3.25480867094501,0.0
color_2,S1.color.2,high - high,Second report,156.13,48.6384791174081,0.0
color_2,S1.color.2,low - high,Second report,68.68,-20.1435310683674,0.0
color_2,S1.color.2,low - high,Second report,11.36,121.343772017058,1.0
color_2,S1.color.2,low - high,Second report,0.889999999999996,6.34919770079892,0.0
color_2,S1.color.2,low - low,Second report,112.43,79.1243965688008,1.0
color_2,S1.color.2,high - low,Second report,77.9800000000001,-24.2046736490234,0.0
color_2,S1.color.2,high - low,Second report,35.21,16.4108973984514,0.0
color_2,S1.color.2,high - low,Second report,30.18,27.3670733843985,0.0
color_2,S1.color.2,high - low,Second report,129.04,-18.0500596349202,0.0
color_2,S1.color.2,low - low,Second report,101.15,-13.1007030295346,0.0
color_2,S1.color.2,low - low,Second report,150.6,-7.24200486754603,0.0
color_2,S1.color.2,low - high,Second report,165.73,-11.995948419354,0.0
color_2,S1.color.2,high - high,Second report,134.63,-57.3296787965114,1.0
color_2,S1.color.2,high - low,Second report,148.22,-166.325646806247,1.0
color_2,S1.color.2,low - high,Second report,104.25,11.0028070444672,0.0
color_2,S1.color.2,low - low,Second report,84.9400000000001,-10.4480400176293,0.0
color_2,S1.color.2,high - high,Second report,105.1,45.9903629861365,0.0
color_2,S1.color.2,high - high,Second report,80.53,-37.8054348243862,0.0
color_2,S1.color.2,low - low,Second report,172.43,-7.27207790075644,0.0
color_2,S1.color.2,high - low,Second report,106.44,-62.245977626721,0.0
color_2,S1.color.2,high - low,Second report,176.75,94.6592871214941,1.0
color_2,S1.color.2,high - high,Second report,17.48,-21.2900806455307,0.0
color_2,S1.color.2,high - low,Second report,49.75,-8.71365985450021,0.0
color_2,S1.color.2,low - high,Second report,110.08,151.528356872304,1.0
color_2,S1.color.2,low - low,Second report,86.43,-39.2161572926666,0.0
color_2,S1.color.2,high - high,Second report,167.21,31.4335151355953,0.0
color_2,S1.color.2,high - low,Second report,97.69,-6.69392463411249,0.0
color_2,S1.color.2,low - high,Second report,63.43,16.0431400235609,0.0
color_2,S1.color.2,high - low,Second report,167.59,9.90036313340623,0.0
color_2,S1.color.2,high - high,Second report,175.86,-62.5524099584398,0.0
color_2,S1.color.2,low - low,Second report,171.36,5.99900549760543,0.0
color_2,S1.color.2,high - low,Second report,116.06,152.01977773306,1.0
color_2,S1.color.2,low - low,Second report,38.39,27.7322862687794,0.0
color_2,S1.color.2,low - low,Second report,129.07,37.1057377069507,0.0
color_2,S1.color.2,low - high,Second report,18.19,-30.3239191505795,0.0
color_2,S1.color.2,high - low,Second report,74.12,-15.2958399748021,0.0
color_2,S1.color.2,low - low,Second report,177.11,20.1535916661468,0.0
color_2,S1.color.2,low - low,Second report,84.45,40.1496290889989,0.0
color_2,S1.color.2,low - high,Second report,31.1100000000001,26.2249871848188,0.0
color_2,S1.color.2,low - low,Second report,22.78,18.5444258574302,0.0
color_2,S1.color.2,low - low,Second report,74.22,-67.0987586008873,0.0
color_2,S1.color.2,low - low,Second report,105.72,0.590848025124188,0.0
color_2,S1.color.2,high - low,Second report,114.83,8.35424369738127,0.0
color_2,S1.color.2,low - high,Second report,110.02,0.171845174272953,0.0
color_2,S1.color.2,low - high,Second report,3.57999999999998,49.9301433292568,0.0
color_2,S1.color.2,high - low,Second report,51.35,-53.4769711434061,0.0
color_2,S1.color.2,high - low,Second report,76.1100000000001,19.8710257617244,0.0
color_2,S1.color.2,high - low,Second report,95.93,116.624568986951,1.0
color_2,S1.color.2,high - high,Second report,68.44,-150.962018628491,1.0
color_2,S1.color.2,low - low,Second report,90.75,-28.5020143176619,0.0
color_2,S1.color.2,high - low,Second report,93.69,22.8273016537749,0.0
color_2,S1.color.2,low - high,Second report,164.63,96.0024057529845,1.0
color_2,S1.color.2,low - low,Second report,19.81,26.0088776952562,0.0
color_2,S1.color.2,high - high,Second report,109.46,-4.41328792134813,0.0
color_2,S1.color.2,low - high,Second report,137.0,8.78345568386342,0.0
color_2,S1.color.2,low - high,Second report,51.22,-48.3146797845338,0.0
color_2,S1.color.2,high - low,Second report,13.35,121.505028373617,1.0
color_2,S1.color.2,high - low,Second report,147.49,-2.07104403927337,0.0
color_2,S1.color.2,high - high,Second report,42.27,45.2382026604122,0.0
color_2,S1.color.2,low - low,Second report,67.01,13.328834792438,0.0
color_2,S1.color.2,low - low,Second report,104.65,22.2005263687179,0.0
color_2,S1.color.2,high - low,Second report,140.27,166.790663832022,1.0
color_2,S1.color.2,low - low,Second report,64.39,2.83933836863585,0.0
color_2,S1.color.2,high - low,Second report,26.06,2.90862721757136,0.0
color_2,S1.color.2,low - low,Second report,113.04,18.5361298782979,0.0
color_2,S1.color.2,high - high,Second report,12.62,0.395236929708028,0.0
color_2,S1.color.2,low - low,Second report,168.64,16.0915410032805,0.0
color_2,S1.color.2,high - high,Second report,2.20999999999999,12.616669513624,0.0
color_2,S1.color.2,low - low,Second report,5.13999999999999,15.6828139730065,0.0
color_2,S1.color.2,low - high,Second report,18.59,45.3563845292253,0.0
color_2,S1.color.2,high - high,Second report,99.52,18.8896858944557,0.0
color_2,S1.color.2,high - high,Second report,38.75,5.23258899336762,0.0
color_2,S1.color.2,high - low,Second report,129.92,-25.2779537080745,0.0
color_2,S1.color.2,high - low,Second report,43.14,-82.297311941862,1.0
color_2,S1.color.2,high - high,Second report,121.29,-45.2800850133596,0.0
color_2,S1.color.2,low - low,Second report,153.36,-4.88386194405572,0.0
color_2,S1.color.2,low - high,Second report,55.45,9.11699722783909,0.0
color_2,S1.color.2,low - high,Second report,115.37,-12.5542233531152,0.0
color_2,S1.color.2,high - high,Second report,84.82,-28.1706357252967,0.0
color_2,S1.color.2,low - high,Second report,81.19,-6.62117206471449,0.0
color_2,S1.color.2,high - high,Second report,126.25,-72.9461859809783,1.0
color_2,S1.color.2,low - high,Second report,134.81,-5.06092738444687,0.0
color_2,S1.color.2,high - low,Second report,176.59,67.7310334604872,1.0
color_2,S1.color.2,high - high,Second report,156.71,-28.1402700611293,0.0
color_2,S1.color.2,low - low,Second report,27.48,-14.6905278854376,0.0
color_2,S1.color.2,low - high,Second report,25.26,49.5138781545331,0.0
color_2,S1.color.2,low - low,Second report,144.33,17.8144414305072,0.0
color_2,S1.color.2,high - low,Second report,153.23,-20.3189585495722,0.0
color_2,S1.color.2,high - low,Second report,133.07,14.7304390408999,0.0
color_2,S1.color.2,low - high,Second report,58.21,-180.040118553864,1.0
color_2,S1.color.2,low - low,Second report,61.4,13.4194285459924,0.0
color_2,S1.color.2,low - low,Second report,11.7,12.6120311173727,0.0
color_2,S1.color.2,high - low,Second report,174.2,19.0078349615338,0.0
color_2,S1.color.2,low - low,Second report,148.28,13.2293006590113,0.0
color_2,S1.color.2,high - low,Second report,100.65,18.3588894495217,0.0
color_2,S1.color.2,high - low,Second report,0.829999999999999,6.27797331158242,0.0
color_2,S1.color.2,high - low,Second report,57.36,97.2444607589027,1.0
color_2,S1.color.2,high - high,Second report,91.66,-16.9802178105234,0.0
color_2,S1.color.2,low - low,Second report,155.94,-11.5079927782919,0.0
color_2,S1.color.2,low - low,Second report,176.99,1.64998238772426,0.0
color_2,S1.color.2,high - low,Second report,20.55,-2.71541658122424,0.0
color_2,S1.color.2,low - low,Second report,123.68,-4.89315205951565,0.0
color_2,S1.color.2,high - high,Second report,159.41,-65.5565584364489,1.0
color_2,S1.color.2,low - high,Second report,175.6,-35.7397590748136,0.0
color_2,S1.color.2,high - low,Second report,155.39,59.6036130446509,0.0
color_2,S1.color.2,high - high,Second report,62.6600000000001,-32.9987886145347,0.0
color_2,S1.color.2,high - high,Second report,21.23,17.8821250062113,0.0
color_2,S1.color.2,low - high,Second report,9.53999999999999,-5.97797714364045,0.0
color_2,S1.color.2,low - low,Second report,77.07,4.9422056899625,0.0
color_2,S1.color.2,low - low,Second report,142.96,-3.49719546172049,0.0
color_2,S1.color.2,low - high,Second report,74.21,19.8710513396364,0.0
color_2,S1.color.2,high - high,Second report,178.54,-24.2488340437711,0.0
color_2,S1.color.2,high - low,Second report,76.64,-66.6560254475493,0.0
color_2,S1.color.2,high - high,Second report,95.7,-141.351824401265,1.0
color_2,S1.color.2,low - high,Second report,100.65,-0.172788585766561,0.0
color_2,S1.color.2,high - high,Second report,18.35,-31.9097797821089,0.0
color_2,S1.color.2,low - high,Second report,76.09,-19.6574608947232,0.0
color_2,S1.color.2,low - high,Second report,155.49,74.0094179874359,1.0
color_2,S1.color.2,high - low,Second report,55.92,184.577604326313,1.0
color_2,S1.color.2,low - high,Second report,152.85,-9.6726487601283,0.0
color_2,S1.color.2,low - high,Second report,93.24,27.9478912876334,0.0
color_2,S1.color.2,high - high,Second report,152.36,-4.65354685996297,0.0
color_2,S1.color.2,high - low,Second report,123.87,-7.00683720407478,0.0
color_2,S1.color.2,high - low,Second report,3.63000000000003,-15.1689860517321,0.0
color_2,S1.color.2,high - low,Second report,176.96,-148.60917923116,1.0
color_2,S1.color.2,high - high,Second report,49.18,43.1666528127606,0.0
color_2,S1.color.2,low - low,Second report,21.77,-3.02757739853602,0.0
color_2,S1.color.2,low - high,Second report,43.53,19.617970607912,0.0
color_2,S1.color.2,high - high,Second report,114.71,12.6791069454831,0.0
color_2,S1.color.2,low - low,Second report,54.35,110.450405590555,1.0
color_2,S1.color.2,high - low,Second report,37.79,44.9772377255478,0.0
color_2,S1.color.2,low - low,Second report,131.48,-13.6977878389548,0.0
color_2,S1.color.2,low - low,Second report,168.81,-57.8195217878347,0.0
color_2,S1.color.2,high - high,Second report,139.53,147.36830248883,1.0
color_2,S1.color.2,low - high,Second report,1.96000000000001,8.72058361798623,0.0
color_2,S1.color.2,high - high,Second report,9.97000000000002,-13.0638890226643,0.0
color_2,S1.color.2,low - low,Second report,4.78000000000003,0.272955088494999,0.0
color_2,S1.color.2,high - low,Second report,93.99,126.029077121479,1.0
color_2,S1.color.2,high - low,Second report,172.93,-12.4783166434386,0.0
color_2,S1.color.2,low - high,Second report,166.32,-1.36409832314272,0.0
color_2,S1.color.2,low - low,Second report,176.84,-123.818622721143,1.0
color_2,S1.color.2,low - low,Second report,160.03,-33.2261020392453,0.0
color_2,S1.color.2,high - low,Second report,66.49,-67.9217633805797,0.0
color_2,S1.color.2,high - high,Second report,55.96,3.83086084882515,0.0
color_2,S1.color.2,low - high,Second report,127.22,4.61181842702158,0.0
color_2,S1.color.2,low - high,Second report,35.74,10.6935618028638,0.0
color_2,S1.color.2,low - low,Second report,88.85,49.170673220222,1.0
color_2,S1.color.2,high - low,Second report,47.24,8.78772185062536,0.0
color_2,S1.color.2,low - low,Second report,48.0,27.4471518656257,0.0
color_2,S1.color.2,low - low,Second report,112.7,-76.5737060903249,0.0
color_2,S1.color.2,low - high,Second report,52.94,-44.4688265193435,0.0
color_2,S1.color.2,low - low,Second report,128.37,145.344295287424,1.0
color_2,S1.color.2,low - low,Second report,31.7,-4.77605383568824,0.0
color_2,S1.color.2,low - high,Second report,10.15,-12.1616196810984,0.0
color_2,S1.color.2,low - high,Second report,106.46,-153.825193287182,1.0
color_2,S1.color.2,low - high,Second report,97.06,37.2738816060105,0.0
color_2,S1.color.2,high - high,Second report,116.76,146.82094172027,1.0
color_2,S1.color.2,high - low,Second report,71.13,155.817543609525,1.0
color_2,S1.color.2,high - low,Second report,8.40999999999999,-20.1141992831517,0.0
color_2,S1.color.2,high - low,Second report,20.5,14.7869421678174,0.0
color_2,S1.color.2,high - high,Second report,178.38,-7.81854330325326,0.0
color_2,S1.color.2,high - low,Second report,105.94,10.5659439827324,0.0
color_2,S1.color.2,low - low,Second report,100.66,17.3509508344028,0.0
color_2,S1.color.2,high - high,Second report,81.86,-18.8752588983172,0.0
color_2,S1.color.2,high - high,Second report,88.18,12.0234578886417,0.0
color_2,S1.color.2,high - high,Second report,26.0,10.1745091868398,0.0
color_2,S1.color.2,low - high,Second report,149.91,19.0235360613594,0.0
color_2,S1.color.2,low - high,Second report,166.52,-63.4659170273486,1.0
color_2,S1.color.2,low - low,Second report,81.97,1.81200162473925,0.0
color_2,S1.color.2,high - high,Second report,136.79,1.1034132002855,0.0
color_2,S1.color.2,low - low,Second report,42.32,6.9101694203655,0.0
color_2,S1.color.2,low - low,Second report,69.55,-3.63558407465676,0.0
color_2,S1.color.2,high - high,Second report,134.07,165.00349620024,1.0
color_2,S1.color.2,high - low,Second report,138.1,-156.675588466531,1.0
color_2,S1.color.2,high - high,Second report,65.1,126.39478102301,1.0
color_2,S1.color.2,high - high,Second report,146.0,15.1786151875158,0.0
color_2,S1.color.2,high - high,Second report,173.73,9.23728457025596,0.0
color_2,S1.color.2,low - high,Second report,177.85,9.35283981000746,0.0
color_2,S1.color.2,low - low,Second report,2.54000000000005,-7.31089209272758,0.0
color_2,S1.color.2,low - high,Second report,68.93,-14.0910546599793,0.0
color_2,S1.color.2,low - high,Second report,19.16,49.8288656371799,0.0
color_2,S1.color.2,high - low,Second report,158.19,5.42384029301737,0.0
color_2,S1.color.2,low - low,Second report,118.6,2.32235599418919,0.0
color_2,S1.color.2,low - high,Second report,138.3,35.3605673731608,0.0
color_2,S1.color.2,low - low,Second report,44.43,-37.1119156914168,0.0
color_2,S1.color.2,high - high,Second report,54.37,91.4933014309449,1.0
color_2,S1.color.2,high - low,Second report,118.62,3.34659581696501,0.0
color_2,S1.color.2,low - high,Second report,86.04,8.33248632646719,0.0
color_2,S1.color.2,high - high,Second report,171.55,-10.8152531684428,0.0
color_2,S1.color.2,high - high,Second report,2.29000000000001,-23.9664829094662,0.0
color_2,S1.color.2,high - high,Second report,33.3,-45.7279494943032,0.0
color_2,S1.color.2,low - high,Second report,121.82,9.30897911008277,0.0
color_2,S1.color.2,high - low,Second report,29.01,-32.9974809051823,0.0
