expName,subject,condition,abs_td_dist,bias_to_distr_corr,is_outlier
Fischer_Whitney_2014b,1,orientation,85.0,2.9297473557945324,0
Fischer_Whitney_2014b,1,orientation,18.0,10.033396275809949,0
Fischer_Whitney_2014b,1,orientation,81.0,3.5626598373862066,0
Fischer_Whitney_2014b,1,orientation,69.0,-4.796769277372391,0
Fischer_Whitney_2014b,1,orientation,44.0,14.884357904118161,0
Fischer_Whitney_2014b,1,orientation,12.0,-3.1962838921539145,0
Fischer_Whitney_2014b,1,orientation,68.0,7.5814619125481215,0
Fischer_Whitney_2014b,1,orientation,16.0,21.866130004263482,0
Fischer_Whitney_2014b,1,orientation,64.0,-3.203230722627609,0
Fischer_Whitney_2014b,1,orientation,75.0,-7.1526712280374625,0
Fischer_Whitney_2014b,1,orientation,37.0,10.062546427637784,0
Fischer_Whitney_2014b,1,orientation,48.0,1.7809945805096419,0
Fischer_Whitney_2014b,1,orientation,48.0,10.619805716391497,0
Fischer_Whitney_2014b,1,orientation,79.0,1.0047993146151413,0
Fischer_Whitney_2014b,1,orientation,54.0,-3.6089128631335257,0
Fischer_Whitney_2014b,1,orientation,25.0,-1.3160989262991052,0
Fischer_Whitney_2014b,1,orientation,68.0,0.7357944569988177,0
Fischer_Whitney_2014b,1,orientation,36.0,9.411241702670523,0
Fischer_Whitney_2014b,1,orientation,81.0,-15.688725784962656,0
Fischer_Whitney_2014b,1,orientation,22.0,13.2955413405532,0
Fischer_Whitney_2014b,1,orientation,44.0,0.9689051832148721,0
Fischer_Whitney_2014b,1,orientation,66.0,1.3112742150373435,0
Fischer_Whitney_2014b,1,orientation,24.0,11.698716343860298,0
Fischer_Whitney_2014b,1,orientation,13.0,5.673515767589606,0
Fischer_Whitney_2014b,1,orientation,19.0,-9.355147504369839,0
Fischer_Whitney_2014b,1,orientation,12.0,0.9862098040394187,0
Fischer_Whitney_2014b,1,orientation,40.0,-4.051656686252201,0
Fischer_Whitney_2014b,1,orientation,1.0,-6.796769277372391,0
Fischer_Whitney_2014b,1,orientation,12.0,11.819694929074316,0
Fischer_Whitney_2014b,1,orientation,74.0,2.731069108332207,0
Fischer_Whitney_2014b,1,orientation,45.0,-2.0137901959605813,0
Fischer_Whitney_2014b,1,orientation,15.0,1.2734412026120765,0
Fischer_Whitney_2014b,1,orientation,27.0,6.61358381138848,0
Fischer_Whitney_2014b,1,orientation,51.0,3.653605009188041,0
Fischer_Whitney_2014b,1,orientation,8.0,-6.278691430891115,0
Fischer_Whitney_2014b,1,orientation,78.0,-12.704530334067215,0
Fischer_Whitney_2014b,1,orientation,29.0,3.6110822767342228,0
Fischer_Whitney_2014b,1,orientation,15.0,-3.9570569780478593,0
Fischer_Whitney_2014b,1,orientation,17.0,-1.2382384323330484,0
Fischer_Whitney_2014b,1,orientation,9.0,10.786150131697397,0
Fischer_Whitney_2014b,1,orientation,44.0,1.1962838921539145,0
Fischer_Whitney_2014b,1,orientation,79.0,-6.760567330286278,0
Fischer_Whitney_2014b,1,orientation,79.0,-2.411241702670523,0
Fischer_Whitney_2014b,1,orientation,12.0,12.012189134041236,0
Fischer_Whitney_2014b,1,orientation,37.0,1.8337666066286005,0
Fischer_Whitney_2014b,1,orientation,52.0,6.821841154877532,0
Fischer_Whitney_2014b,1,orientation,84.0,1.234461741358004,0
Fischer_Whitney_2014b,1,orientation,83.0,-5.244844023473888,0
Fischer_Whitney_2014b,1,orientation,68.0,-6.721308569108885,0
Fischer_Whitney_2014b,1,orientation,79.0,-10.382379025317334,0
Fischer_Whitney_2014b,1,orientation,49.0,2.5030892342749524,0
Fischer_Whitney_2014b,1,orientation,79.0,0.8792108088413215,0
Fischer_Whitney_2014b,1,orientation,17.0,3.3471687158651235,0
Fischer_Whitney_2014b,1,orientation,9.0,-0.21111138824254283,0
Fischer_Whitney_2014b,1,orientation,47.0,-2.1962838921539145,0
Fischer_Whitney_2014b,1,orientation,23.0,10.08431414482834,0
Fischer_Whitney_2014b,1,orientation,1.0,10.283806973283134,0
Fischer_Whitney_2014b,1,orientation,73.0,-0.00479931461514127,0
Fischer_Whitney_2014b,1,orientation,33.0,-4.402215901209701,0
Fischer_Whitney_2014b,1,orientation,3.0,5.321504440858135,0
Fischer_Whitney_2014b,1,orientation,59.0,0.6478933862230605,0
Fischer_Whitney_2014b,1,orientation,4.0,-2.062101027085049,0
Fischer_Whitney_2014b,1,orientation,59.0,-1.1212488466103423,0
Fischer_Whitney_2014b,1,orientation,62.0,-7.329169132363148,0
Fischer_Whitney_2014b,1,orientation,39.0,-3.9130156940719303,0
Fischer_Whitney_2014b,1,orientation,17.0,6.949342852826831,0
Fischer_Whitney_2014b,1,orientation,44.0,12.906616793851498,0
Fischer_Whitney_2014b,1,orientation,13.0,-1.5814619125481215,0
Fischer_Whitney_2014b,1,orientation,74.0,-2.7265587973879235,0
Fischer_Whitney_2014b,1,orientation,38.0,4.786150131697397,0
Fischer_Whitney_2014b,1,orientation,1.0,-8.860710153190325,0
Fischer_Whitney_2014b,1,orientation,12.0,-1.9483433137477988,0
Fischer_Whitney_2014b,1,orientation,12.0,8.860710153190325,0
Fischer_Whitney_2014b,1,orientation,26.0,4.410484482015605,0
Fischer_Whitney_2014b,1,orientation,7.0,6.012189134041236,0
Fischer_Whitney_2014b,1,orientation,74.0,1.6536050091880412,0
Fischer_Whitney_2014b,1,orientation,75.0,-0.3551475043698389,0
Fischer_Whitney_2014b,1,orientation,10.0,13.433236157168722,0
Fischer_Whitney_2014b,1,orientation,48.0,15.589515517984395,0
Fischer_Whitney_2014b,1,orientation,17.0,1.2667544492433649,0
Fischer_Whitney_2014b,1,orientation,19.0,9.321504440858135,0
Fischer_Whitney_2014b,1,orientation,71.0,2.847220681605066,0
Fischer_Whitney_2014b,1,orientation,1.0,-4.846628062657345,0
Fischer_Whitney_2014b,1,orientation,68.0,-3.66983856213686,0
Fischer_Whitney_2014b,1,orientation,24.0,6.101543057996736,0
Fischer_Whitney_2014b,1,orientation,86.0,-4.01581967947466,0
Fischer_Whitney_2014b,1,orientation,16.0,-8.636538449760494,0
Fischer_Whitney_2014b,1,orientation,53.0,3.062546427637784,0
Fischer_Whitney_2014b,1,orientation,5.0,2.4090215401975286,0
Fischer_Whitney_2014b,1,orientation,16.0,5.454709090373214,0
Fischer_Whitney_2014b,1,orientation,86.0,2.219723060434319,0
Fischer_Whitney_2014b,1,orientation,50.0,0.7617615676669516,0
Fischer_Whitney_2014b,1,orientation,54.0,-0.5250637088900447,0
Fischer_Whitney_2014b,1,orientation,26.0,-7.156818194726284,0
Fischer_Whitney_2014b,1,orientation,50.0,7.84593076993221,0
Fischer_Whitney_2014b,1,orientation,40.0,-5.589515517984395,0
Fischer_Whitney_2014b,1,orientation,29.0,-2.766524282058043,0
Fischer_Whitney_2014b,1,orientation,64.0,1.846790271996852,0
Fischer_Whitney_2014b,1,orientation,44.0,-2.704530334067229,0
Fischer_Whitney_2014b,1,orientation,86.0,3.8723063860250875,0
Fischer_Whitney_2014b,1,orientation,38.0,13.116968692050563,0
Fischer_Whitney_2014b,1,orientation,31.0,3.6609233607902496,0
Fischer_Whitney_2014b,1,orientation,62.0,-7.715874346963787,0
Fischer_Whitney_2014b,1,orientation,8.0,0.9132543396844284,0
Fischer_Whitney_2014b,1,orientation,37.0,2.049711534272177,0
Fischer_Whitney_2014b,1,orientation,84.0,-4.847220681605066,0
Fischer_Whitney_2014b,1,orientation,23.0,-2.549090278503712,0
Fischer_Whitney_2014b,1,orientation,38.0,17.033449853399134,0
Fischer_Whitney_2014b,1,orientation,61.0,9.07171794238576,0
Fischer_Whitney_2014b,1,orientation,64.0,-2.6656035355577643,0
Fischer_Whitney_2014b,1,orientation,23.0,20.086745660315586,0
Fischer_Whitney_2014b,1,orientation,55.0,1.8959145771538033,0
Fischer_Whitney_2014b,1,orientation,51.0,5.670830867636852,0
Fischer_Whitney_2014b,1,orientation,64.0,4.1662333933713995,0
Fischer_Whitney_2014b,1,orientation,76.0,5.284125653036213,0
Fischer_Whitney_2014b,1,orientation,88.0,-7.051656686252201,0
Fischer_Whitney_2014b,1,orientation,32.0,-3.801970031287567,0
Fischer_Whitney_2014b,1,orientation,52.0,-4.535386653895529,0
Fischer_Whitney_2014b,1,orientation,52.0,1.7766693962222178,0
Fischer_Whitney_2014b,1,orientation,59.0,14.04294302195214,0
Fischer_Whitney_2014b,1,orientation,78.0,-2.866130004263482,0
Fischer_Whitney_2014b,1,orientation,82.0,-1.684707453958481,0
Fischer_Whitney_2014b,1,orientation,5.0,0.6110822767342228,0
Fischer_Whitney_2014b,1,orientation,22.0,9.221837902263673,0
Fischer_Whitney_2014b,1,orientation,80.0,-2.3664404593909154,0
Fischer_Whitney_2014b,1,orientation,44.0,7.5667638428312785,0
Fischer_Whitney_2014b,1,orientation,1.0,-8.360615976433209,0
Fischer_Whitney_2014b,1,orientation,12.0,-1.8017032849906656,0
Fischer_Whitney_2014b,1,orientation,82.0,-12.033396275809949,0
Fischer_Whitney_2014b,1,orientation,45.0,9.410484482015605,0
Fischer_Whitney_2014b,1,orientation,20.0,6.031094816785128,0
Fischer_Whitney_2014b,1,orientation,21.0,4.921552487040799,0
Fischer_Whitney_2014b,1,orientation,48.0,15.012189134041236,0
Fischer_Whitney_2014b,1,orientation,25.0,1.780276939565681,0
Fischer_Whitney_2014b,1,orientation,67.0,-4.780994580509642,0
Fischer_Whitney_2014b,1,orientation,54.0,4.09922369291067,0
Fischer_Whitney_2014b,1,orientation,28.0,16.049711534272177,0
Fischer_Whitney_2014b,1,orientation,44.0,7.092128883632753,0
Fischer_Whitney_2014b,1,orientation,35.0,8.973811241701142,0
Fischer_Whitney_2014b,1,orientation,33.0,18.837232195521736,0
Fischer_Whitney_2014b,1,orientation,22.0,5.599688931857017,0
Fischer_Whitney_2014b,1,orientation,54.0,0.21384986830260289,0
Fischer_Whitney_2014b,1,orientation,35.0,27.192341607125144,0
Fischer_Whitney_2014b,1,orientation,76.0,4.679166522393771,0
Fischer_Whitney_2014b,1,orientation,13.0,-1.9130156940719303,0
Fischer_Whitney_2014b,1,orientation,54.0,-6.042943021952141,0
Fischer_Whitney_2014b,1,orientation,15.0,15.61358381138848,0
Fischer_Whitney_2014b,1,orientation,27.0,16.726558797387924,0
Fischer_Whitney_2014b,1,orientation,49.0,8.050657147173183,0
Fischer_Whitney_2014b,1,orientation,42.0,-6.0131063867350605,0
Fischer_Whitney_2014b,1,orientation,23.0,2.837232195521736,0
Fischer_Whitney_2014b,1,orientation,82.0,5.390986466706622,0
Fischer_Whitney_2014b,1,orientation,43.0,11.821841154877532,0
Fischer_Whitney_2014b,1,orientation,16.0,8.355147504369839,0
Fischer_Whitney_2014b,1,orientation,76.0,10.050657147173183,0
Fischer_Whitney_2014b,1,orientation,72.0,0.846628062657345,0
Fischer_Whitney_2014b,1,orientation,51.0,7.5814619125481215,0
Fischer_Whitney_2014b,1,orientation,69.0,-7.0045118526723655,0
Fischer_Whitney_2014b,1,orientation,36.0,-11.244510237998355,0
Fischer_Whitney_2014b,1,orientation,56.0,-3.429714670677825,0
Fischer_Whitney_2014b,1,orientation,32.0,5.321504440858135,0
Fischer_Whitney_2014b,1,orientation,68.0,6.651308272110256,0
Fischer_Whitney_2014b,1,orientation,86.0,-9.45761918448028,0
Fischer_Whitney_2014b,1,orientation,67.0,-0.6735157675896062,0
Fischer_Whitney_2014b,1,orientation,81.0,-4.621276177859073,0
Fischer_Whitney_2014b,1,orientation,28.0,14.051656686252201,0
Fischer_Whitney_2014b,1,orientation,8.0,13.133245776578121,0
Fischer_Whitney_2014b,1,orientation,1.0,12.588758297329477,0
Fischer_Whitney_2014b,1,orientation,71.0,4.561044735334548,0
Fischer_Whitney_2014b,1,orientation,33.0,-3.819117516415247,0
Fischer_Whitney_2014b,1,orientation,29.0,17.4349488675943,0
Fischer_Whitney_2014b,1,orientation,65.0,0.950288465727823,0
Fischer_Whitney_2014b,1,orientation,82.0,4.198296715009334,0
Fischer_Whitney_2014b,1,orientation,40.0,9.162767804478264,0
Fischer_Whitney_2014b,1,orientation,70.0,-16.012189134041236,0
Fischer_Whitney_2014b,1,orientation,10.0,7.1962838921539145,0
Fischer_Whitney_2014b,1,orientation,83.0,3.0047993146151413,0
Fischer_Whitney_2014b,1,orientation,83.0,-6.7357944569988035,0
Fischer_Whitney_2014b,1,orientation,21.0,4.843181805273716,0
Fischer_Whitney_2014b,1,orientation,42.0,-5.121248846610342,0
Fischer_Whitney_2014b,1,orientation,79.0,-8.834023654974274,0
Fischer_Whitney_2014b,1,orientation,40.0,14.153209728003148,0
Fischer_Whitney_2014b,1,orientation,20.0,3.177693648892628,0
Fischer_Whitney_2014b,1,orientation,57.0,3.8431818052737157,0
Fischer_Whitney_2014b,1,orientation,82.0,3.3664404593909154,0
Fischer_Whitney_2014b,1,orientation,16.0,-2.3486917278897437,0
Fischer_Whitney_2014b,1,orientation,22.0,6.562659837386207,0
Fischer_Whitney_2014b,1,orientation,47.0,4.987810865958764,0
Fischer_Whitney_2014b,1,orientation,37.0,-1.1662333933713995,0
Fischer_Whitney_2014b,1,orientation,73.0,-2.162767804478264,0
Fischer_Whitney_2014b,1,orientation,1.0,3.614615042696343,0
Fischer_Whitney_2014b,1,orientation,5.0,2.0380332579359646,0
Fischer_Whitney_2014b,1,orientation,13.0,9.329169132363148,0
Fischer_Whitney_2014b,1,orientation,71.0,-5.330508007287605,0
Fischer_Whitney_2014b,1,orientation,55.0,-0.15406923006779039,0
Fischer_Whitney_2014b,1,orientation,65.0,0.6392012349137701,0
Fischer_Whitney_2014b,1,orientation,52.0,2.162767804478264,0
Fischer_Whitney_2014b,1,orientation,41.0,-4.474936291109955,0
Fischer_Whitney_2014b,1,orientation,65.0,4.866130004263482,0
Fischer_Whitney_2014b,1,orientation,35.0,18.438955264665452,0
Fischer_Whitney_2014b,1,orientation,61.0,8.339581395482952,0
Fischer_Whitney_2014b,1,orientation,15.0,11.949342852826817,0
Fischer_Whitney_2014b,1,orientation,85.0,4.673515767589606,0
Fischer_Whitney_2014b,1,orientation,70.0,6.883031307949452,0
Fischer_Whitney_2014b,1,orientation,67.0,-4.562659837386207,0
Fischer_Whitney_2014b,1,orientation,53.0,-2.502852626181607,0
Fischer_Whitney_2014b,1,orientation,17.0,-5.38641618861152,0
Fischer_Whitney_2014b,1,orientation,27.0,1.1040854228461967,0
Fischer_Whitney_2014b,1,orientation,1.0,-5.33907663920975,0
Fischer_Whitney_2014b,1,orientation,33.0,-1.0717179423857601,0
Fischer_Whitney_2014b,1,orientation,54.0,2.628542004829498,0
Fischer_Whitney_2014b,1,orientation,24.0,-0.921552487040799,0
Fischer_Whitney_2014b,1,orientation,85.0,0.5626598373862066,0
Fischer_Whitney_2014b,1,orientation,82.0,-5.491845077761894,0
Fischer_Whitney_2014b,1,orientation,79.0,-3.0720508753970392,0
Fischer_Whitney_2014b,1,orientation,11.0,1.9156858551716596,0
Fischer_Whitney_2014b,1,orientation,45.0,2.411241702670523,0
Fischer_Whitney_2014b,1,orientation,4.0,-1.1138401403713232,0
Fischer_Whitney_2014b,1,orientation,70.0,0.10791156259226398,0
Fischer_Whitney_2014b,1,orientation,73.0,9.801970031287567,0
Fischer_Whitney_2014b,1,orientation,42.0,-0.570285329322175,0
Fischer_Whitney_2014b,1,orientation,23.0,7.684707453958481,0
Fischer_Whitney_2014b,1,orientation,47.0,4.508154922238106,0
Fischer_Whitney_2014b,1,orientation,83.0,0.6528312841348765,0
Fischer_Whitney_2014b,1,orientation,66.0,-11.92828205761424,0
Fischer_Whitney_2014b,1,orientation,44.0,-2.180882483584753,0
Fischer_Whitney_2014b,1,orientation,54.0,-6.846790271996852,0
Fischer_Whitney_2014b,1,orientation,10.0,-0.9374535723622159,0
Fischer_Whitney_2014b,1,orientation,13.0,8.463001330679873,0
Fischer_Whitney_2014b,1,orientation,36.0,0.5208219120337532,0
Fischer_Whitney_2014b,1,orientation,56.0,-0.570285329322175,0
Fischer_Whitney_2014b,1,orientation,59.0,2.6528312841348765,0
Fischer_Whitney_2014b,1,orientation,69.0,-2.058883062264556,0
Fischer_Whitney_2014b,1,orientation,26.0,6.1662333933713995,0
Fischer_Whitney_2014b,1,orientation,79.0,-5.731069108332207,0
Fischer_Whitney_2014b,1,orientation,67.0,7.378723822140927,0
Fischer_Whitney_2014b,1,orientation,24.0,0.00479931461514127,0
Fischer_Whitney_2014b,1,orientation,44.0,-2.3012836561397023,0
Fischer_Whitney_2014b,1,orientation,46.0,11.2955413405532,0
Fischer_Whitney_2014b,1,orientation,13.0,4.8723063860250875,0
Fischer_Whitney_2014b,1,orientation,77.0,4.013790195960581,0
Fischer_Whitney_2014b,1,orientation,61.0,4.153209728003148,0
Fischer_Whitney_2014b,1,orientation,44.0,4.295469665932771,0
Fischer_Whitney_2014b,1,orientation,30.0,4.961966742064035,0
Fischer_Whitney_2014b,1,orientation,68.0,5.690874113828556,0
Fischer_Whitney_2014b,1,orientation,58.0,-6.647892634031095,0
Fischer_Whitney_2014b,1,orientation,10.0,2.6560330313454585,0
Fischer_Whitney_2014b,1,orientation,0.0,-0.6560330313454585,0
Fischer_Whitney_2014b,1,orientation,10.0,8.352107365968905,0
Fischer_Whitney_2014b,1,orientation,82.0,-6.203230722627609,0
Fischer_Whitney_2014b,1,orientation,13.0,2.6971180111279836,0
Fischer_Whitney_2014b,1,orientation,46.0,-0.6365384497604936,0
Fischer_Whitney_2014b,1,orientation,74.0,-0.545290909626786,0
Fischer_Whitney_2014b,1,orientation,53.0,-3.8880052232631073,0
Fischer_Whitney_2014b,1,orientation,78.0,9.883031307949437,0
Fischer_Whitney_2014b,1,orientation,27.0,2.3889177232657772,0
Fischer_Whitney_2014b,1,orientation,32.0,6.898106856074563,0
Fischer_Whitney_2014b,1,orientation,13.0,6.180882483584753,0
Fischer_Whitney_2014b,1,orientation,30.0,8.0775640662104,0
Fischer_Whitney_2014b,1,orientation,11.0,7.715874346963787,0
Fischer_Whitney_2014b,1,orientation,64.0,-3.1568181947262843,0
Fischer_Whitney_2014b,1,orientation,34.0,11.363461550239506,0
Fischer_Whitney_2014b,1,orientation,35.0,4.244844023473888,0
Fischer_Whitney_2014b,1,orientation,21.0,0.6089128631335257,0
Fischer_Whitney_2014b,1,orientation,31.0,6.104085422846197,0
Fischer_Whitney_2014b,1,orientation,49.0,1.5300869446259355,0
Fischer_Whitney_2014b,1,orientation,54.0,-3.050657147173169,0
Fischer_Whitney_2014b,1,orientation,63.0,2.63920123491377,0
Fischer_Whitney_2014b,1,orientation,79.0,4.1639497929298415,0
Fischer_Whitney_2014b,1,orientation,56.0,-0.43323615716872155,0
Fischer_Whitney_2014b,1,orientation,79.0,5.28386504530603,0
Fischer_Whitney_2014b,1,orientation,87.0,7.552919728177855,0
Fischer_Whitney_2014b,1,orientation,38.0,14.688725784962656,0
Fischer_Whitney_2014b,1,orientation,6.0,-6.4699130553740645,0
Fischer_Whitney_2014b,1,orientation,84.0,-0.2218379022636725,0
Fischer_Whitney_2014b,1,orientation,83.0,-8.784421033247256,0
Fischer_Whitney_2014b,1,orientation,76.0,-0.20323072262760888,0
Fischer_Whitney_2014b,1,orientation,74.0,4.300211810688168,0
Fischer_Whitney_2014b,1,orientation,70.0,-7.92828205761424,0
Fischer_Whitney_2014b,1,orientation,60.0,5.993205668261027,0
Fischer_Whitney_2014b,1,orientation,12.0,6.937453572362216,0
Fischer_Whitney_2014b,1,orientation,44.0,1.2847885401724568,0
Fischer_Whitney_2014b,1,orientation,11.0,3.6176209746826657,0
Fischer_Whitney_2014b,1,orientation,62.0,-4.968905183214872,0
Fischer_Whitney_2014b,1,orientation,34.0,4.89869645803617,0
Fischer_Whitney_2014b,1,orientation,36.0,4.420646567382349,0
Fischer_Whitney_2014b,1,orientation,1.0,-0.7844210332472557,0
Fischer_Whitney_2014b,1,orientation,8.0,10.062546427637784,0
Fischer_Whitney_2014b,1,orientation,37.0,-2.8473287719625375,0
Fischer_Whitney_2014b,1,orientation,89.0,0.23347571794195687,0
Fischer_Whitney_2014b,1,orientation,65.0,6.474936291109955,0
Fischer_Whitney_2014b,1,orientation,32.0,11.744353250439161,0
Fischer_Whitney_2014b,1,orientation,17.0,12.581461912548122,0
Fischer_Whitney_2014b,1,orientation,34.0,2.0720508753970392,0
Fischer_Whitney_2014b,1,orientation,26.0,10.162767804478264,0
Fischer_Whitney_2014b,1,orientation,17.0,-3.8473287719625375,0
Fischer_Whitney_2014b,1,orientation,20.0,7.955346614993644,0
Fischer_Whitney_2014b,1,orientation,46.0,-1.846628062657345,0
Fischer_Whitney_2014b,1,orientation,4.0,0.9356712273830823,0
Fischer_Whitney_2014b,1,orientation,10.0,4.675170234210597,0
Fischer_Whitney_2014b,1,orientation,47.0,-3.213849868302603,0
Fischer_Whitney_2014b,1,orientation,9.0,2.2382384323330484,0
Fischer_Whitney_2014b,1,orientation,10.0,-3.4918450777618943,0
Fischer_Whitney_2014b,1,orientation,64.0,-18.469913055374064,0
Fischer_Whitney_2014b,1,orientation,73.0,-0.3305080072876052,0
Fischer_Whitney_2014b,1,orientation,10.0,2.63920123491377,0
Fischer_Whitney_2014b,1,orientation,62.0,-0.3160989262991052,0
Fischer_Whitney_2014b,1,orientation,30.0,5.653605009188041,0
Fischer_Whitney_2014b,1,orientation,33.0,8.66983856213686,0
Fischer_Whitney_2014b,1,orientation,10.0,4.66092336079025,0
Fischer_Whitney_2014b,1,orientation,20.0,6.7044586594468,0
Fischer_Whitney_2014b,1,orientation,86.0,5.821841154877532,0
Fischer_Whitney_2014b,1,orientation,85.0,-5.070252644205468,0
Fischer_Whitney_2014b,1,orientation,18.0,7.033396275809949,0
Fischer_Whitney_2014b,1,orientation,81.0,2.5626598373862066,0
Fischer_Whitney_2014b,1,orientation,69.0,2.203230722627609,0
Fischer_Whitney_2014b,1,orientation,44.0,2.8843579041181613,0
Fischer_Whitney_2014b,1,orientation,12.0,3.8037161078460855,0
Fischer_Whitney_2014b,1,orientation,68.0,7.5814619125481215,0
Fischer_Whitney_2014b,1,orientation,16.0,4.866130004263482,0
Fischer_Whitney_2014b,1,orientation,64.0,-0.20323072262760888,0
Fischer_Whitney_2014b,1,orientation,75.0,1.8473287719625375,0
Fischer_Whitney_2014b,1,orientation,37.0,12.062546427637784,0
Fischer_Whitney_2014b,1,orientation,48.0,4.780994580509642,0
Fischer_Whitney_2014b,1,orientation,48.0,0.6198057163914967,0
Fischer_Whitney_2014b,1,orientation,79.0,-2.9952006853848587,0
Fischer_Whitney_2014b,1,orientation,54.0,-4.608912863133526,0
Fischer_Whitney_2014b,1,orientation,25.0,0.6839010737008948,0
Fischer_Whitney_2014b,1,orientation,68.0,-4.2642055430011965,0
Fischer_Whitney_2014b,1,orientation,36.0,3.411241702670523,0
Fischer_Whitney_2014b,1,orientation,81.0,-9.688725784962656,0
Fischer_Whitney_2014b,1,orientation,22.0,10.2955413405532,0
Fischer_Whitney_2014b,1,orientation,44.0,3.968905183214872,0
Fischer_Whitney_2014b,1,orientation,66.0,-3.6887257849626565,0
Fischer_Whitney_2014b,1,orientation,24.0,7.698716343860298,0
Fischer_Whitney_2014b,1,orientation,13.0,2.673515767589606,0
Fischer_Whitney_2014b,1,orientation,19.0,9.644852495630161,0
Fischer_Whitney_2014b,1,orientation,12.0,8.986209804039419,0
Fischer_Whitney_2014b,1,orientation,40.0,6.948343313747799,0
Fischer_Whitney_2014b,1,orientation,1.0,2.203230722627609,0
Fischer_Whitney_2014b,1,orientation,12.0,6.819694929074316,0
Fischer_Whitney_2014b,1,orientation,74.0,6.731069108332207,0
Fischer_Whitney_2014b,1,orientation,45.0,0.9862098040394187,0
Fischer_Whitney_2014b,1,orientation,15.0,6.2734412026120765,0
Fischer_Whitney_2014b,1,orientation,27.0,-1.3864161886115198,0
Fischer_Whitney_2014b,1,orientation,51.0,0.6536050091880412,0
Fischer_Whitney_2014b,1,orientation,8.0,4.721308569108885,0
Fischer_Whitney_2014b,1,orientation,78.0,3.295469665932771,0
Fischer_Whitney_2014b,1,orientation,29.0,6.611082276734223,0
Fischer_Whitney_2014b,1,orientation,15.0,10.04294302195214,0
Fischer_Whitney_2014b,1,orientation,17.0,-0.23823843233304842,0
Fischer_Whitney_2014b,1,orientation,9.0,-0.21384986830260289,0
Fischer_Whitney_2014b,1,orientation,44.0,-3.8037161078460855,0
Fischer_Whitney_2014b,1,orientation,79.0,0.23943266971372168,0
Fischer_Whitney_2014b,1,orientation,79.0,-13.411241702670523,0
Fischer_Whitney_2014b,1,orientation,12.0,7.012189134041236,0
Fischer_Whitney_2014b,1,orientation,37.0,-9.1662333933714,0
Fischer_Whitney_2014b,1,orientation,52.0,-0.17815884512246782,0
Fischer_Whitney_2014b,1,orientation,84.0,-6.765538258641996,0
Fischer_Whitney_2014b,1,orientation,83.0,-2.2448440234738882,0
Fischer_Whitney_2014b,1,orientation,68.0,0.27869143089111503,0
Fischer_Whitney_2014b,1,orientation,79.0,11.617620974682666,0
Fischer_Whitney_2014b,1,orientation,49.0,-12.496910765725048,0
Fischer_Whitney_2014b,1,orientation,79.0,4.8792108088413215,0
Fischer_Whitney_2014b,1,orientation,17.0,0.34716871586512354,0
Fischer_Whitney_2014b,1,orientation,9.0,-0.21111138824254283,0
Fischer_Whitney_2014b,1,orientation,47.0,1.8037161078460855,0
Fischer_Whitney_2014b,1,orientation,23.0,1.0843141448283404,0
Fischer_Whitney_2014b,1,orientation,1.0,1.2838069732831343,0
Fischer_Whitney_2014b,1,orientation,73.0,3.9952006853848587,0
Fischer_Whitney_2014b,1,orientation,33.0,1.5977840987902994,0
Fischer_Whitney_2014b,1,orientation,3.0,-3.678495559141865,0
Fischer_Whitney_2014b,1,orientation,59.0,-6.3521066137769395,0
Fischer_Whitney_2014b,1,orientation,4.0,-5.062101027085049,0
Fischer_Whitney_2014b,1,orientation,59.0,-2.1212488466103423,0
Fischer_Whitney_2014b,1,orientation,62.0,-16.32916913236315,0
Fischer_Whitney_2014b,1,orientation,39.0,7.08698430592807,0
Fischer_Whitney_2014b,1,orientation,17.0,6.949342852826831,0
Fischer_Whitney_2014b,1,orientation,44.0,-21.093383206148502,0
Fischer_Whitney_2014b,1,orientation,13.0,-8.581461912548122,0
Fischer_Whitney_2014b,1,orientation,74.0,7.2734412026120765,0
Fischer_Whitney_2014b,1,orientation,38.0,-1.2138498683026029,0
Fischer_Whitney_2014b,1,orientation,1.0,6.139289846809675,0
Fischer_Whitney_2014b,1,orientation,12.0,-1.9483433137477988,0
Fischer_Whitney_2014b,1,orientation,12.0,0.8607101531903254,0
Fischer_Whitney_2014b,1,orientation,26.0,6.410484482015605,0
Fischer_Whitney_2014b,1,orientation,7.0,-0.9878108659587639,0
Fischer_Whitney_2014b,1,orientation,74.0,6.653605009188041,0
Fischer_Whitney_2014b,1,orientation,75.0,2.644852495630161,0
Fischer_Whitney_2014b,1,orientation,10.0,6.4332361571687215,0
Fischer_Whitney_2014b,1,orientation,48.0,13.589515517984395,0
Fischer_Whitney_2014b,1,orientation,17.0,10.266754449243365,0
Fischer_Whitney_2014b,1,orientation,19.0,17.321504440858135,0
Fischer_Whitney_2014b,1,orientation,71.0,-5.152779318394934,0
Fischer_Whitney_2014b,1,orientation,1.0,10.153371937342655,0
Fischer_Whitney_2014b,1,orientation,68.0,-1.66983856213686,0
Fischer_Whitney_2014b,1,orientation,24.0,4.101543057996736,0
Fischer_Whitney_2014b,1,orientation,86.0,-7.01581967947466,0
Fischer_Whitney_2014b,1,orientation,16.0,2.3634615502395064,0
Fischer_Whitney_2014b,1,orientation,53.0,8.062546427637784,0
Fischer_Whitney_2014b,1,orientation,5.0,16.40902154019753,0
Fischer_Whitney_2014b,1,orientation,16.0,2.454709090373214,0
Fischer_Whitney_2014b,1,orientation,86.0,3.219723060434319,0
Fischer_Whitney_2014b,1,orientation,50.0,-6.238238432333048,0
Fischer_Whitney_2014b,1,orientation,54.0,-2.5250637088900447,0
Fischer_Whitney_2014b,1,orientation,26.0,8.843181805273716,0
Fischer_Whitney_2014b,1,orientation,50.0,2.8459307699322096,0
Fischer_Whitney_2014b,1,orientation,40.0,-5.589515517984395,0
Fischer_Whitney_2014b,1,orientation,29.0,3.233475717941957,0
Fischer_Whitney_2014b,1,orientation,64.0,-7.153209728003148,0
Fischer_Whitney_2014b,1,orientation,44.0,10.295469665932785,0
Fischer_Whitney_2014b,1,orientation,86.0,0.8723063860250875,0
Fischer_Whitney_2014b,1,orientation,38.0,11.116968692050563,0
Fischer_Whitney_2014b,1,orientation,31.0,-2.3390766392097504,0
Fischer_Whitney_2014b,1,orientation,62.0,-3.715874346963787,0
Fischer_Whitney_2014b,1,orientation,68.0,-1.4646133461044712,0
Fischer_Whitney_2014b,1,orientation,31.0,-7.198296715009334,0
Fischer_Whitney_2014b,1,orientation,66.0,-8.924694609793008,0
Fischer_Whitney_2014b,1,orientation,0.0,8.924694609793008,0
Fischer_Whitney_2014b,1,orientation,46.0,-3.326484232410394,0
Fischer_Whitney_2014b,1,orientation,81.0,2.7630451344599294,0
Fischer_Whitney_2014b,1,orientation,24.0,-0.917439350529591,0
Fischer_Whitney_2014b,1,orientation,56.0,-2.3486917278897437,0
Fischer_Whitney_2014b,1,orientation,37.0,6.519280304847527,0
Fischer_Whitney_2014b,1,orientation,3.0,3.5250637088900447,0
Fischer_Whitney_2014b,1,orientation,86.0,1.7310773882393136,0
Fischer_Whitney_2014b,1,orientation,25.0,11.334396464442236,0
Fischer_Whitney_2014b,1,orientation,61.0,-6.363461550239506,0
Fischer_Whitney_2014b,1,orientation,68.0,-2.2369548655400706,0
Fischer_Whitney_2014b,1,orientation,57.0,-2.180882483584753,0
Fischer_Whitney_2014b,1,orientation,63.0,8.8337666066286,0
Fischer_Whitney_2014b,1,orientation,48.0,2.5909784598024714,0
Fischer_Whitney_2014b,1,orientation,17.0,13.049711534272177,0
Fischer_Whitney_2014b,1,orientation,61.0,2.2233306037777822,0
Fischer_Whitney_2014b,1,orientation,15.0,1.9619667420640354,0
Fischer_Whitney_2014b,1,orientation,58.0,-10.660936649806942,0
Fischer_Whitney_2014b,1,orientation,78.0,-1.1156420958818387,0
Fischer_Whitney_2014b,1,orientation,79.0,1.0325728885866852,0
Fischer_Whitney_2014b,1,orientation,43.0,0.7665242820580431,0
Fischer_Whitney_2014b,1,orientation,52.0,18.400311068142983,0
Fischer_Whitney_2014b,1,orientation,37.0,0.0715764328209616,0
Fischer_Whitney_2014b,1,orientation,26.0,-1.5300869446259355,0
Fischer_Whitney_2014b,1,orientation,90.0,20.302881988872016,0
Fischer_Whitney_2014b,1,orientation,39.0,6.801703284990666,0
Fischer_Whitney_2014b,1,orientation,56.0,-13.343966968654541,0
Fischer_Whitney_2014b,1,orientation,73.0,11.051656686252201,0
Fischer_Whitney_2014b,1,orientation,54.0,8.679166522393771,0
Fischer_Whitney_2014b,1,orientation,23.0,28.215578966752744,0
Fischer_Whitney_2014b,1,orientation,42.0,11.834023654974274,0
Fischer_Whitney_2014b,1,orientation,67.0,-1.968905183214872,0
Fischer_Whitney_2014b,1,orientation,21.0,13.502852626181607,0
Fischer_Whitney_2014b,1,orientation,48.0,-3.360615976433209,0
Fischer_Whitney_2014b,1,orientation,46.0,-1.171943283386625,0
Fischer_Whitney_2014b,1,orientation,5.0,3.4206465673823487,0
Fischer_Whitney_2014b,1,orientation,18.0,4.032572888586685,0
Fischer_Whitney_2014b,1,orientation,76.0,-5.780276939565681,0
Fischer_Whitney_2014b,1,orientation,80.0,-2.6791665223937713,0
Fischer_Whitney_2014b,1,orientation,46.0,-11.561044735334548,0
Fischer_Whitney_2014b,1,orientation,70.0,-17.429714670677825,0
Fischer_Whitney_2014b,1,orientation,29.0,-1.5977840987902994,0
Fischer_Whitney_2014b,1,orientation,59.0,25.530086944625936,0
Fischer_Whitney_2014b,1,orientation,52.0,-4.84593076993221,0
Fischer_Whitney_2014b,1,orientation,43.0,9.338773425481762,0
Fischer_Whitney_2014b,1,orientation,7.0,2.570285329322175,0
Fischer_Whitney_2014b,1,orientation,15.0,1.1421726313574112,0
Fischer_Whitney_2014b,1,orientation,35.0,3.0045118526723655,0
Fischer_Whitney_2014b,1,orientation,58.0,-2.378723822140927,0
Fischer_Whitney_2014b,1,orientation,74.0,-4.788888611757457,0
Fischer_Whitney_2014b,1,orientation,2.0,-2.9284235671790384,0
Fischer_Whitney_2014b,1,orientation,27.0,-1.8472206816050658,0
Fischer_Whitney_2014b,1,orientation,28.0,0.07756406621039957,0
Fischer_Whitney_2014b,1,orientation,72.0,7.033396275809949,0
Fischer_Whitney_2014b,1,orientation,2.0,4.720216364487413,0
Fischer_Whitney_2014b,1,orientation,35.0,5.391087136866474,0
Fischer_Whitney_2014b,1,orientation,60.0,17.43323615716872,0
Fischer_Whitney_2014b,1,orientation,89.0,-4.104085422846197,0
Fischer_Whitney_2014b,1,orientation,41.0,18.697118011127984,0
Fischer_Whitney_2014b,1,orientation,31.0,-0.11564209588183871,0
Fischer_Whitney_2014b,1,orientation,26.0,-5.3471687158651235,0
Fischer_Whitney_2014b,1,orientation,23.0,-1.780276939565681,0
Fischer_Whitney_2014b,1,orientation,77.0,6.966603724190051,0
Fischer_Whitney_2014b,1,orientation,21.0,7.236954865540071,0
Fischer_Whitney_2014b,1,orientation,20.0,8.429714670677825,0
Fischer_Whitney_2014b,1,orientation,65.0,-3.892088437407736,0
Fischer_Whitney_2014b,1,orientation,69.0,0.26892261176068644,0
Fischer_Whitney_2014b,1,orientation,12.0,4.949342852826831,0
Fischer_Whitney_2014b,1,orientation,86.0,4.447080271822145,0
Fischer_Whitney_2014b,1,orientation,20.0,-0.4749362911099553,0
Fischer_Whitney_2014b,1,orientation,52.0,-17.530086944625936,0
Fischer_Whitney_2014b,1,orientation,1.0,13.846790271996852,0
Fischer_Whitney_2014b,1,orientation,11.0,6.651308272110256,0
Fischer_Whitney_2014b,1,orientation,53.0,2.3521066137769395,0
Fischer_Whitney_2014b,1,orientation,20.0,9.704530334067215,0
Fischer_Whitney_2014b,1,orientation,59.0,-0.5909784598024714,0
Fischer_Whitney_2014b,1,orientation,33.0,16.939444272350983,0
Fischer_Whitney_2014b,1,orientation,43.0,-1.6791665223937713,0
Fischer_Whitney_2014b,1,orientation,19.0,17.34396696865454,0
Fischer_Whitney_2014b,1,orientation,2.0,-18.171943283386625,0
Fischer_Whitney_2014b,1,orientation,49.0,-5.898106856074563,0
Fischer_Whitney_2014b,1,orientation,20.0,-1.4389552646654522,0
Fischer_Whitney_2014b,1,orientation,62.0,-2.5650511324056993,0
Fischer_Whitney_2014b,1,orientation,14.0,6.542380815519721,0
Fischer_Whitney_2014b,1,orientation,8.0,0.7617615676669516,0
Fischer_Whitney_2014b,1,orientation,29.0,10.720216364487413,0
Fischer_Whitney_2014b,1,orientation,14.0,13.950288465727823,0
Fischer_Whitney_2014b,1,orientation,46.0,1.0380332579359646,0
Fischer_Whitney_2014b,1,orientation,78.0,3.766524282058043,0
Fischer_Whitney_2014b,1,orientation,77.0,0.28412565303621307,0
Fischer_Whitney_2014b,1,orientation,77.0,3.1803050709256837,0
Fischer_Whitney_2014b,1,orientation,26.0,6.233475717941957,0
Fischer_Whitney_2014b,1,orientation,22.0,2.1276936139749125,0
Fischer_Whitney_2014b,1,orientation,12.0,-0.30912588617144365,0
Fischer_Whitney_2014b,1,orientation,33.0,15.133245776578121,0
Fischer_Whitney_2014b,1,orientation,19.0,-14.380194283608503,0
Fischer_Whitney_2014b,1,orientation,5.0,-8.956741180895804,0
Fischer_Whitney_2014b,1,orientation,75.0,3.3561664643592053,0
Fischer_Whitney_2014b,1,orientation,42.0,20.891827118550935,0
Fischer_Whitney_2014b,1,orientation,41.0,-10.08431414482834,0
Fischer_Whitney_2014b,1,orientation,89.0,-2.1276936139749125,0
Fischer_Whitney_2014b,1,orientation,82.0,0.7357944569988177,0
Fischer_Whitney_2014b,1,orientation,65.0,-12.760567330286278,0
Fischer_Whitney_2014b,1,orientation,9.0,7.846790271996852,0
Fischer_Whitney_2014b,1,orientation,89.0,-14.570285329322175,0
Fischer_Whitney_2014b,1,orientation,43.0,-18.279783635512587,0
Fischer_Whitney_2014b,1,orientation,72.0,1.892088437407736,0
Fischer_Whitney_2014b,1,orientation,55.0,2.5353866538955288,0
Fischer_Whitney_2014b,1,orientation,53.0,-0.27978363551258667,0
Fischer_Whitney_2014b,1,orientation,18.0,14.628542004829512,0
Fischer_Whitney_2014b,1,orientation,18.0,4.279783635512587,0
Fischer_Whitney_2014b,1,orientation,24.0,6.993205668261027,0
Fischer_Whitney_2014b,1,orientation,78.0,10.012189134041236,0
Fischer_Whitney_2014b,1,orientation,55.0,6.082560649470409,0
Fischer_Whitney_2014b,1,orientation,39.0,-11.886159859628677,0
Fischer_Whitney_2014b,1,orientation,85.0,17.67083086763685,0
Fischer_Whitney_2014b,1,orientation,61.0,-9.4022159012097,0
Fischer_Whitney_2014b,1,orientation,66.0,-3.180882483584753,0
Fischer_Whitney_2014b,1,orientation,35.0,0.7443532504391612,0
Fischer_Whitney_2014b,1,orientation,20.0,-10.530086944625936,0
Fischer_Whitney_2014b,1,orientation,3.0,1.4185380874518785,0
Fischer_Whitney_2014b,1,orientation,82.0,10.661226574518238,0
Fischer_Whitney_2014b,1,orientation,17.0,6.324829765789403,0
Fischer_Whitney_2014b,1,orientation,62.0,-16.086745660315586,0
Fischer_Whitney_2014b,1,orientation,14.0,2.2556467495608388,0
Fischer_Whitney_2014b,1,orientation,31.0,1.5996889318570169,0
Fischer_Whitney_2014b,1,orientation,89.0,-6.156818194726284,0
Fischer_Whitney_2014b,1,orientation,54.0,4.66092336079025,0
Fischer_Whitney_2014b,1,orientation,1.0,-3.1040854228461967,0
Fischer_Whitney_2014b,1,orientation,84.0,2.2838069732831343,0
Fischer_Whitney_2014b,1,orientation,33.0,13.807658392874856,0
Fischer_Whitney_2014b,1,orientation,29.0,26.60901353329338,1
Fischer_Whitney_2014b,1,orientation,20.0,1.921552487040799,0
Fischer_Whitney_2014b,1,orientation,19.0,2.82789889328825,0
Fischer_Whitney_2014b,1,orientation,31.0,-4.339581395482952,0
Fischer_Whitney_2014b,1,orientation,47.0,-0.955346614993644,0
Fischer_Whitney_2014b,1,orientation,56.0,1.409740466388385,0
Fischer_Whitney_2014b,1,orientation,12.0,6.474936291109955,0
Fischer_Whitney_2014b,1,orientation,43.0,19.503089234274952,0
Fischer_Whitney_2014b,1,orientation,21.0,-0.6110822767342228,0
Fischer_Whitney_2014b,1,orientation,73.0,-2.721308569108885,0
Fischer_Whitney_2014b,1,orientation,47.0,-4.608912863133526,0
Fischer_Whitney_2014b,1,orientation,69.0,4.400311068142983,0
Fischer_Whitney_2014b,1,orientation,83.0,4.5339132146417995,0
Fischer_Whitney_2014b,1,orientation,87.0,-1.2155789667527443,0
Fischer_Whitney_2014b,1,orientation,54.0,4.316098926299105,0
Fischer_Whitney_2014b,1,orientation,12.0,5.240141290456961,0
Fischer_Whitney_2014b,1,orientation,34.0,7.278691430891115,0
Fischer_Whitney_2014b,1,orientation,17.0,13.378723822140927,0
Fischer_Whitney_2014b,1,orientation,12.0,-1.8337666066286005,0
Fischer_Whitney_2014b,1,orientation,33.0,4.929747355794532,0
Fischer_Whitney_2014b,1,orientation,86.0,-2.7357944569988177,0
Fischer_Whitney_2014b,1,orientation,40.0,28.886159859628677,1
Fischer_Whitney_2014b,1,orientation,6.0,11.203230722627609,0
Fischer_Whitney_2014b,1,orientation,14.0,-2.0429430219521407,0
Fischer_Whitney_2014b,1,orientation,50.0,0.12769361397491252,0
Fischer_Whitney_2014b,1,orientation,32.0,13.937453572362216,0
Fischer_Whitney_2014b,1,orientation,78.0,-2.684707453958481,0
Fischer_Whitney_2014b,1,orientation,7.0,5.013790195960581,0
Fischer_Whitney_2014b,1,orientation,56.0,-3.0867456603155716,0
Fischer_Whitney_2014b,1,orientation,59.0,3.6908741138285563,0
Fischer_Whitney_2014b,1,orientation,10.0,13.660936649806942,0
Fischer_Whitney_2014b,1,orientation,6.0,7.91301569407193,0
Fischer_Whitney_2014b,1,orientation,72.0,1.2847885401724568,0
Fischer_Whitney_2014b,1,orientation,84.0,0.28386504530602963,0
Fischer_Whitney_2014b,1,orientation,79.0,-12.566763842831278,0
Fischer_Whitney_2014b,1,orientation,84.0,4.917439350529591,0
Fischer_Whitney_2014b,1,orientation,77.0,-2.1156420958818387,0
Fischer_Whitney_2014b,1,orientation,19.0,8.843181805273716,0
Fischer_Whitney_2014b,1,orientation,55.0,-6.033396275809949,0
Fischer_Whitney_2014b,1,orientation,67.0,8.255646749560839,0
Fischer_Whitney_2014b,1,orientation,78.0,5.542380815519721,0
Fischer_Whitney_2014b,1,orientation,3.0,3.4969107657250476,0
Fischer_Whitney_2014b,1,orientation,34.0,2.921552487040799,0
Fischer_Whitney_2014b,1,orientation,33.0,3.7781620977363275,0
Fischer_Whitney_2014b,1,orientation,61.0,3.5770106407882025,0
Fischer_Whitney_2014b,1,orientation,30.0,1.6908741138285563,0
Fischer_Whitney_2014b,1,orientation,60.0,-3.1081728814490646,0
Fischer_Whitney_2014b,1,orientation,22.0,5.075305390206992,0
Fischer_Whitney_2014b,1,orientation,47.0,3.447080271822145,0
Fischer_Whitney_2014b,1,orientation,56.0,4.320833477606229,0
Fischer_Whitney_2014b,1,orientation,13.0,8.08698430592807,0
Fischer_Whitney_2014b,1,orientation,4.0,-5.1276936139749125,0
Fischer_Whitney_2014b,1,orientation,39.0,-14.579353432617637,0
Fischer_Whitney_2014b,1,orientation,82.0,-1.2218379022636725,0
Fischer_Whitney_2014b,1,orientation,57.0,-5.360615976433209,0
Fischer_Whitney_2014b,1,orientation,19.0,8.935671227383096,0
Fischer_Whitney_2014b,1,orientation,64.0,1.33016143786314,0
Fischer_Whitney_2014b,1,orientation,74.0,2.0843141448283404,0
Fischer_Whitney_2014b,1,orientation,34.0,21.53538665389553,0
Fischer_Whitney_2014b,1,orientation,24.0,-4.935671227383082,0
Fischer_Whitney_2014b,1,orientation,73.0,-8.924694609793008,0
Fischer_Whitney_2014b,1,orientation,28.0,14.09212888363274,0
Fischer_Whitney_2014b,1,orientation,45.0,-11.064328772616904,0
Fischer_Whitney_2014b,1,orientation,62.0,6.366440459390915,0
Fischer_Whitney_2014b,1,orientation,26.0,13.438955264665452,0
Fischer_Whitney_2014b,1,orientation,45.0,4.430552740434621,0
Fischer_Whitney_2014b,1,orientation,89.0,-1.0261887582988578,0
Fischer_Whitney_2014b,1,orientation,39.0,0.26893089166779305,0
Fischer_Whitney_2014b,1,orientation,17.0,7.562659837386207,0
Fischer_Whitney_2014b,1,orientation,69.0,-1.3561664643592053,0
Fischer_Whitney_2014b,1,orientation,60.0,-0.07756406621039957,0
Fischer_Whitney_2014b,1,orientation,78.0,14.690874113828556,0
Fischer_Whitney_2014b,1,orientation,50.0,-10.90077630708933,0
Fischer_Whitney_2014b,1,orientation,9.0,12.086745660315572,0
Fischer_Whitney_2014b,1,orientation,13.0,-7.171943283386625,0
Fischer_Whitney_2014b,1,orientation,11.0,3.463001330679873,0
Fischer_Whitney_2014b,1,orientation,30.0,-3.0047993146151413,0
Fischer_Whitney_2014b,1,orientation,53.0,0.11696869205054838,0
Fischer_Whitney_2014b,1,orientation,7.0,-1.8667542234218786,0
Fischer_Whitney_2014b,1,orientation,78.0,5.760567330286278,0
Fischer_Whitney_2014b,1,orientation,41.0,-9.104085422846197,0
Fischer_Whitney_2014b,1,orientation,21.0,-7.17210110671175,0
Fischer_Whitney_2014b,1,orientation,55.0,3.9246946097930078,0
Fischer_Whitney_2014b,1,orientation,36.0,-0.8223063511073718,0
Fischer_Whitney_2014b,1,orientation,22.0,0.7844210332472557,0
Fischer_Whitney_2014b,1,orientation,65.0,2.1392898468096746,0
Fischer_Whitney_2014b,1,orientation,51.0,3.63920123491377,0
Fischer_Whitney_2014b,1,orientation,15.0,3.8431818052737157,0
Fischer_Whitney_2014b,1,orientation,25.0,2.847220681605066,0
Fischer_Whitney_2014b,1,orientation,23.0,4.450909721496288,0
Fischer_Whitney_2014b,1,orientation,37.0,-3.360615976433209,0
Fischer_Whitney_2014b,1,orientation,87.0,1.050657147173169,0
Fischer_Whitney_2014b,1,orientation,20.0,8.101543057996736,0
Fischer_Whitney_2014b,1,orientation,89.0,-0.26420554300118226,0
Fischer_Whitney_2014b,1,orientation,23.0,10.807658392874856,0
Fischer_Whitney_2014b,1,orientation,66.0,0.7158743469637869,0
Fischer_Whitney_2014b,1,orientation,25.0,5.599688931857017,0
Fischer_Whitney_2014b,1,orientation,22.0,-1.162767804478264,0
Fischer_Whitney_2014b,1,orientation,36.0,-0.2838069732831343,0
Fischer_Whitney_2014b,1,orientation,4.0,3.1982967150093344,0
Fischer_Whitney_2014b,1,orientation,77.0,-4.004799314615141,0
Fischer_Whitney_2014b,1,orientation,78.0,5.525063708890045,0
Fischer_Whitney_2014b,1,orientation,44.0,7.2218379022636725,0
Fischer_Whitney_2014b,1,orientation,73.0,11.400311068142983,0
Fischer_Whitney_2014b,1,orientation,56.0,11.295469665932785,0
Fischer_Whitney_2014b,1,orientation,2.0,1.6531730959114697,0
Fischer_Whitney_2014b,1,orientation,57.0,-11.590978459802471,0
Fischer_Whitney_2014b,1,orientation,29.0,3.339063350193058,0
Fischer_Whitney_2014b,1,orientation,42.0,7.4969107657250476,0
Fischer_Whitney_2014b,1,orientation,77.0,-0.6987163438602977,0
Fischer_Whitney_2014b,1,orientation,36.0,9.234461741358004,0
Fischer_Whitney_2014b,1,orientation,14.0,9.520821912033753,0
Fischer_Whitney_2014b,1,orientation,86.0,7.153371937342655,0
Fischer_Whitney_2014b,1,orientation,53.0,12.153209728003148,0
Fischer_Whitney_2014b,1,orientation,19.0,-8.765538258641996,0
Fischer_Whitney_2014b,1,orientation,71.0,2.8196949290743163,0
Fischer_Whitney_2014b,1,orientation,6.0,7.338773425481762,0
Fischer_Whitney_2014b,1,orientation,48.0,0.9279491246029608,0
Fischer_Whitney_2014b,1,orientation,68.0,-4.950288465727823,0
Fischer_Whitney_2014b,1,orientation,43.0,6.238238432333048,0
Fischer_Whitney_2014b,1,orientation,30.0,-5.917439350529591,0
Fischer_Whitney_2014b,1,orientation,36.0,9.391087136866474,0
Fischer_Whitney_2014b,1,orientation,68.0,5.552919728177855,0
Fischer_Whitney_2014b,1,orientation,18.0,7.715874346963787,0
Fischer_Whitney_2014b,1,orientation,46.0,8.01581967947466,0
Fischer_Whitney_2014b,1,orientation,22.0,11.535386653895529,0
Fischer_Whitney_2014b,1,orientation,44.0,-5.966550146600866,0
Fischer_Whitney_2014b,1,orientation,85.0,4.033396275809949,0
Fischer_Whitney_2014b,1,orientation,50.0,9.833567383847424,0
Fischer_Whitney_2014b,1,orientation,24.0,4.884357904118161,0
Fischer_Whitney_2014b,1,orientation,88.0,2.278691430891115,0
Fischer_Whitney_2014b,1,orientation,64.0,-2.326484232410394,0
Fischer_Whitney_2014b,1,orientation,62.0,-2.588758297329477,0
Fischer_Whitney_2014b,1,orientation,41.0,3.4749362911099553,0
Fischer_Whitney_2014b,1,orientation,49.0,12.883031307949437,0
Fischer_Whitney_2014b,1,orientation,41.0,0.9841803205253399,0
Fischer_Whitney_2014b,1,orientation,59.0,7.153209728003148,0
Fischer_Whitney_2014b,1,orientation,41.0,9.101893143925437,0
Fischer_Whitney_2014b,1,orientation,61.0,-0.7967692773723911,0
Fischer_Whitney_2014b,1,orientation,0.0,-2.796769277372391,0
Fischer_Whitney_2014b,1,orientation,47.0,5.545290909626786,0
Fischer_Whitney_2014b,1,orientation,76.0,-1.6110822767342228,0
Fischer_Whitney_2014b,1,orientation,38.0,1.7554897620016447,0
Fischer_Whitney_2014b,1,orientation,58.0,1.8667542234218786,0
Fischer_Whitney_2014b,1,orientation,43.0,-4.198296715009334,0
Fischer_Whitney_2014b,1,orientation,39.0,0.3486917278897437,0
Fischer_Whitney_2014b,1,orientation,34.0,3.973811241701142,0
Fischer_Whitney_2014b,1,orientation,2.0,-1.6791665223937713,0
Fischer_Whitney_2014b,1,orientation,40.0,-3.5081549222381057,0
Fischer_Whitney_2014b,1,orientation,36.0,-2.2955413405532,0
Fischer_Whitney_2014b,1,orientation,22.0,-1.6212761778590732,0
Fischer_Whitney_2014b,1,orientation,84.0,-1.6176209746826657,0
Fischer_Whitney_2014b,1,orientation,89.0,-3.660936649806942,0
Fischer_Whitney_2014b,1,orientation,87.0,6.636538449760494,0
Fischer_Whitney_2014b,1,orientation,49.0,9.656033031345459,0
Fischer_Whitney_2014b,1,orientation,36.0,1.6735157675896062,0
Fischer_Whitney_2014b,1,orientation,39.0,-3.7605673302862783,0
Fischer_Whitney_2014b,1,orientation,45.0,-1.9279491246029608,0
Fischer_Whitney_2014b,1,orientation,19.0,6.301283656139702,0
Fischer_Whitney_2014b,1,orientation,81.0,0.7665242820580431,0
Fischer_Whitney_2014b,1,orientation,60.0,6.09922369291067,0
Fischer_Whitney_2014b,1,orientation,19.0,8.973811241701142,0
Fischer_Whitney_2014b,1,orientation,42.0,3.4918450777618943,0
Fischer_Whitney_2014b,1,orientation,30.0,19.5339132146418,0
Fischer_Whitney_2014b,1,orientation,55.0,7.326484232410394,0
Fischer_Whitney_2014b,1,orientation,15.0,3.6176209746826657,0
Fischer_Whitney_2014b,1,orientation,80.0,-5.101543057996736,0
Fischer_Whitney_2014b,1,orientation,22.0,13.98689361326494,0
Fischer_Whitney_2014b,1,orientation,70.0,-6.542380815519721,0
Fischer_Whitney_2014b,1,orientation,80.0,-2.6987163438602977,0
Fischer_Whitney_2014b,1,orientation,28.0,-0.38237902531733425,0
Fischer_Whitney_2014b,1,orientation,88.0,-3.801970031287567,0
Fischer_Whitney_2014b,1,orientation,34.0,5.9868936132649395,0
Fischer_Whitney_2014b,1,orientation,34.0,2.438955264665452,0
Fischer_Whitney_2014b,1,orientation,54.0,0.45090972149628783,0
Fischer_Whitney_2014b,1,orientation,8.0,12.4349488675943,0
Fischer_Whitney_2014b,1,orientation,42.0,9.898106856074563,0
Fischer_Whitney_2014b,1,orientation,85.0,0.339063350193058,0
Fischer_Whitney_2014b,1,orientation,20.0,0.7665242820580431,0
Fischer_Whitney_2014b,1,orientation,58.0,4.3439669686545415,0
Fischer_Whitney_2014b,1,orientation,86.0,-4.012189134041236,0
Fischer_Whitney_2014b,1,orientation,31.0,3.355147504369839,0
Fischer_Whitney_2014b,1,orientation,30.0,-2.2556467495608388,0
Fischer_Whitney_2014b,1,orientation,32.0,2.0131063867350605,0
Fischer_Whitney_2014b,1,orientation,2.0,-3.093383206148502,0
Fischer_Whitney_2014b,1,orientation,38.0,-7.66092336079025,0
Fischer_Whitney_2014b,1,orientation,57.0,-1.5380183322284466,0
Fischer_Whitney_2014b,1,orientation,47.0,0.219723060434319,0
Fischer_Whitney_2014b,1,orientation,13.0,4.315292546041519,0
Fischer_Whitney_2014b,1,orientation,11.0,1.0643287726169177,0
Fischer_Whitney_2014b,1,orientation,81.0,-5.5770106407882025,0
Fischer_Whitney_2014b,1,orientation,60.0,0.07205087539703925,0
Fischer_Whitney_2014b,1,orientation,37.0,4.611082276734223,0
Fischer_Whitney_2014b,1,orientation,64.0,12.614615042696343,0
Fischer_Whitney_2014b,1,orientation,82.0,6.570285329322175,0
Fischer_Whitney_2014b,1,orientation,2.0,-0.30288198887201645,0
Fischer_Whitney_2014b,1,orientation,66.0,1.7888886117574572,0
Fischer_Whitney_2014b,1,orientation,78.0,0.9483433137477988,0
Fischer_Whitney_2014b,1,orientation,39.0,0.6604186045170479,0
Fischer_Whitney_2014b,1,orientation,40.0,1.846790271996852,0
Fischer_Whitney_2014b,1,orientation,40.0,4.339581395482952,0
Fischer_Whitney_2014b,1,orientation,38.0,6.215578966752744,0
Fischer_Whitney_2014b,1,orientation,31.0,1.5208219120337532,0
Fischer_Whitney_2014b,1,orientation,28.0,4.633559540609085,0
Fischer_Whitney_2014b,1,orientation,70.0,-13.761761567666952,0
Fischer_Whitney_2014b,1,orientation,19.0,2.683901073700895,0
Fischer_Whitney_2014b,1,orientation,76.0,-6.822306351107372,0
Fischer_Whitney_2014b,1,orientation,68.0,5.042943021952141,0
Fischer_Whitney_2014b,1,orientation,19.0,4.043258819104196,0
Fischer_Whitney_2014b,1,orientation,2.0,-0.6751702342105972,0
Fischer_Whitney_2014b,1,orientation,58.0,5.614615042696343,0
Fischer_Whitney_2014b,1,orientation,86.0,6.2218379022636725,0
Fischer_Whitney_2014b,1,orientation,54.0,5.545290909626786,0
Fischer_Whitney_2014b,1,orientation,84.0,0.15337193734265497,0
Fischer_Whitney_2014b,1,orientation,31.0,9.661226574518238,0
Fischer_Whitney_2014b,1,orientation,85.0,0.46991305537406447,0
Fischer_Whitney_2014b,1,orientation,49.0,1.519280304847527,0
Fischer_Whitney_2014b,1,orientation,56.0,-1.171943283386625,0
Fischer_Whitney_2014b,1,orientation,66.0,1.1156420958818387,0
Fischer_Whitney_2014b,1,orientation,37.0,9.221837902263673,0
Fischer_Whitney_2014b,1,orientation,73.0,2.400311068142983,0
Fischer_Whitney_2014b,1,orientation,1.0,-0.9868936132649395,0
Fischer_Whitney_2014b,1,orientation,39.0,-2.921552487040799,0
Fischer_Whitney_2014b,1,orientation,24.0,6.733245550756635,0
Fischer_Whitney_2014b,1,orientation,60.0,-4.295469665932771,0
Fischer_Whitney_2014b,1,orientation,56.0,0.8830313079494516,0
Fischer_Whitney_2014b,1,orientation,13.0,0.4104844820156046,0
Fischer_Whitney_2014b,1,orientation,36.0,-0.5250637088900447,0
Fischer_Whitney_2014b,1,orientation,1.0,-0.8472206816050658,0
Fischer_Whitney_2014b,1,orientation,12.0,9.35210661377694,0
Fischer_Whitney_2014b,1,orientation,1.0,7.178158845122468,0
Fischer_Whitney_2014b,1,orientation,54.0,2.8787511533896577,0
Fischer_Whitney_2014b,1,orientation,29.0,10.819694929074316,0
Fischer_Whitney_2014b,1,orientation,65.0,0.9284235671790384,0
Fischer_Whitney_2014b,1,orientation,1.0,0.07756406621039957,0
Fischer_Whitney_2014b,1,orientation,41.0,18.16394979292984,0
Fischer_Whitney_2014b,1,orientation,16.0,9.520821912033753,0
Fischer_Whitney_2014b,1,orientation,3.0,-1.0702526442054676,0
Fischer_Whitney_2014b,1,orientation,79.0,-0.3551475043698389,0
Fischer_Whitney_2014b,1,orientation,28.0,11.843181805273716,0
Fischer_Whitney_2014b,1,orientation,85.0,7.828056716613375,0
Fischer_Whitney_2014b,1,orientation,28.0,9.643833535640795,0
Fischer_Whitney_2014b,1,orientation,16.0,-2.921552487040799,0
Fischer_Whitney_2014b,1,orientation,52.0,-4.2734412026120765,0
Fischer_Whitney_2014b,1,orientation,53.0,6.621276177859073,0
Fischer_Whitney_2014b,1,orientation,33.0,2.3343964644422357,0
Fischer_Whitney_2014b,1,orientation,4.0,13.133869995736518,0
Fischer_Whitney_2014b,1,orientation,59.0,0.6176209746826657,0
Fischer_Whitney_2014b,1,orientation,24.0,4.561044735334548,0
Fischer_Whitney_2014b,1,orientation,74.0,-5.84593076993221,0
Fischer_Whitney_2014b,1,orientation,32.0,-0.03257288858668517,0
Fischer_Whitney_2014b,1,orientation,76.0,-2.780276939565681,0
Fischer_Whitney_2014b,1,orientation,48.0,4.955346614993644,0
Fischer_Whitney_2014b,1,orientation,57.0,-4.104085422846197,0
Fischer_Whitney_2014b,1,orientation,90.0,2.165976345025726,0
Fischer_Whitney_2014b,1,orientation,48.0,10.828056716613375,0
Fischer_Whitney_2014b,1,orientation,78.0,4.8037161078460855,0
Fischer_Whitney_2014b,1,orientation,27.0,0.36346155023950644,0
Fischer_Whitney_2014b,1,orientation,54.0,-0.906616793851498,0
Fischer_Whitney_2014b,1,orientation,83.0,11.502852626181607,0
Fischer_Whitney_2014b,1,orientation,48.0,7.639384023566791,0
Fischer_Whitney_2014b,1,orientation,78.0,-4.766524282058043,0
Fischer_Whitney_2014b,1,orientation,37.0,12.192341607125144,0
Fischer_Whitney_2014b,1,orientation,5.0,-0.3387734254817616,0
Fischer_Whitney_2014b,1,orientation,86.0,-12.062546427637784,0
Fischer_Whitney_2014b,1,orientation,88.0,-4.166432616152576,0
Fischer_Whitney_2014b,1,orientation,24.0,2.8843579041181613,0
Fischer_Whitney_2014b,1,orientation,17.0,1.8981068560745626,0
Fischer_Whitney_2014b,1,orientation,20.0,6.986209804039419,0
Fischer_Whitney_2014b,1,orientation,60.0,2.33016143786314,0
Fischer_Whitney_2014b,1,orientation,20.0,3.051656686252201,0
Fischer_Whitney_2014b,1,orientation,65.0,1.9279491246029608,0
Fischer_Whitney_2014b,1,orientation,11.0,2.9156858551716596,0
Fischer_Whitney_2014b,1,orientation,20.0,7.8473287719625375,0
Fischer_Whitney_2014b,1,orientation,17.0,7.295469665932771,0
Fischer_Whitney_2014b,1,orientation,53.0,-1.7605673302862783,0
Fischer_Whitney_2014b,1,orientation,83.0,-3.0429430219521407,0
Fischer_Whitney_2014b,1,orientation,70.0,-7.006794331738973,0
Fischer_Whitney_2014b,1,orientation,83.0,-5.013790195960581,0
Fischer_Whitney_2014b,1,orientation,47.0,-3.0380332579359646,0
Fischer_Whitney_2014b,1,orientation,27.0,3.1018931439254374,0
Fischer_Whitney_2014b,1,orientation,55.0,-3.113840140371323,0
Fischer_Whitney_2014b,2,orientation,85.0,4.593173098939076,0
Fischer_Whitney_2014b,2,orientation,18.0,11.455454071217375,0
Fischer_Whitney_2014b,2,orientation,81.0,17.377196647070946,0
Fischer_Whitney_2014b,2,orientation,69.0,-1.2338652566546244,0
Fischer_Whitney_2014b,2,orientation,44.0,0.17902861024343508,0
Fischer_Whitney_2014b,2,orientation,12.0,-10.601793464620016,0
Fischer_Whitney_2014b,2,orientation,68.0,5.657076885014135,0
Fischer_Whitney_2014b,2,orientation,16.0,0.22892922513113945,0
Fischer_Whitney_2014b,2,orientation,64.0,-10.766134743345376,0
Fischer_Whitney_2014b,2,orientation,75.0,11.94545331956806,0
Fischer_Whitney_2014b,2,orientation,37.0,-9.878189317100151,0
Fischer_Whitney_2014b,2,orientation,48.0,4.854052289554488,0
Fischer_Whitney_2014b,2,orientation,48.0,-1.3118559357258306,0
Fischer_Whitney_2014b,2,orientation,79.0,-86.11052964837688,1
Fischer_Whitney_2014b,2,orientation,54.0,2.9580029202258373,0
Fischer_Whitney_2014b,2,orientation,25.0,-4.37520335523439,0
Fischer_Whitney_2014b,2,orientation,68.0,1.6119610445928885,0
Fischer_Whitney_2014b,2,orientation,36.0,-15.800632006389861,0
Fischer_Whitney_2014b,2,orientation,81.0,4.725681587709602,0
Fischer_Whitney_2014b,2,orientation,22.0,0.609640468155817,0
Fischer_Whitney_2014b,2,orientation,44.0,9.34062004209892,0
Fischer_Whitney_2014b,2,orientation,66.0,-6.274318412290398,0
Fischer_Whitney_2014b,2,orientation,24.0,69.04644547084732,1
Fischer_Whitney_2014b,2,orientation,13.0,3.9527189900428112,0
Fischer_Whitney_2014b,2,orientation,19.0,-20.84469621053647,0
Fischer_Whitney_2014b,2,orientation,12.0,8.030370278392724,0
Fischer_Whitney_2014b,2,orientation,40.0,-13.479992193152896,0
Fischer_Whitney_2014b,2,orientation,1.0,-9.233865256654624,0
Fischer_Whitney_2014b,2,orientation,12.0,0.14187109329989767,0
Fischer_Whitney_2014b,2,orientation,74.0,-14.176533239258362,0
Fischer_Whitney_2014b,2,orientation,45.0,-7.9696297216072765,0
Fischer_Whitney_2014b,2,orientation,15.0,11.102478113851447,0
Fischer_Whitney_2014b,2,orientation,27.0,29.03590860365624,0
Fischer_Whitney_2014b,2,orientation,51.0,4.78733494077035,0
Fischer_Whitney_2014b,2,orientation,8.0,-2.256629545716663,0
Fischer_Whitney_2014b,2,orientation,78.0,2.937148086809387,0
Fischer_Whitney_2014b,2,orientation,29.0,-11.20767076856211,0
Fischer_Whitney_2014b,2,orientation,15.0,-6.237675122099844,0
Fischer_Whitney_2014b,2,orientation,17.0,-21.548604489158848,0
Fischer_Whitney_2014b,2,orientation,9.0,-2.913888675333638,0
Fischer_Whitney_2014b,2,orientation,44.0,-15.398206535379984,0
Fischer_Whitney_2014b,2,orientation,79.0,8.263302851340498,0
Fischer_Whitney_2014b,2,orientation,79.0,-10.199367993610139,0
Fischer_Whitney_2014b,2,orientation,12.0,-11.050932291092025,0
Fischer_Whitney_2014b,2,orientation,37.0,-65.25518466748522,1
Fischer_Whitney_2014b,2,orientation,52.0,-0.7142577967180301,0
Fischer_Whitney_2014b,2,orientation,84.0,-4.4083852980356255,0
Fischer_Whitney_2014b,2,orientation,83.0,-23.365315876724083,0
Fischer_Whitney_2014b,2,orientation,68.0,-16.743370454283337,0
Fischer_Whitney_2014b,2,orientation,79.0,-3.5604503531292266,0
Fischer_Whitney_2014b,2,orientation,49.0,-18.408414771584773,0
Fischer_Whitney_2014b,2,orientation,79.0,-12.917704816747289,0
Fischer_Whitney_2014b,2,orientation,17.0,-2.2738487965270906,0
Fischer_Whitney_2014b,2,orientation,9.0,8.870534211426673,0
Fischer_Whitney_2014b,2,orientation,47.0,2.398206535379984,0
Fischer_Whitney_2014b,2,orientation,23.0,21.117150674395276,0
Fischer_Whitney_2014b,2,orientation,1.0,8.683291173365532,0
Fischer_Whitney_2014b,2,orientation,73.0,1.1105296483768967,0
Fischer_Whitney_2014b,2,orientation,33.0,-6.092701799817121,0
Fischer_Whitney_2014b,2,orientation,3.0,-3.171638365514255,0
Fischer_Whitney_2014b,2,orientation,59.0,7.820169342386265,0
Fischer_Whitney_2014b,2,orientation,4.0,-14.591194020761293,0
Fischer_Whitney_2014b,2,orientation,59.0,-7.81533092148895,0
Fischer_Whitney_2014b,2,orientation,62.0,77.92244031709592,1
Fischer_Whitney_2014b,2,orientation,39.0,-0.19709887640375712,0
Fischer_Whitney_2014b,2,orientation,17.0,1.349821267420353,0
Fischer_Whitney_2014b,2,orientation,44.0,19.29556799611649,0
Fischer_Whitney_2014b,2,orientation,13.0,5.342923114985865,0
Fischer_Whitney_2014b,2,orientation,74.0,-2.897521886148553,0
Fischer_Whitney_2014b,2,orientation,38.0,13.086111324666362,0
Fischer_Whitney_2014b,2,orientation,1.0,-6.222940679747566,0
Fischer_Whitney_2014b,2,orientation,12.0,20.479992193152896,0
Fischer_Whitney_2014b,2,orientation,12.0,-2.777059320252434,0
Fischer_Whitney_2014b,2,orientation,26.0,4.938085397939375,0
Fischer_Whitney_2014b,2,orientation,7.0,-5.050932291092025,0
Fischer_Whitney_2014b,2,orientation,74.0,-23.21266505922965,0
Fischer_Whitney_2014b,2,orientation,75.0,-2.844696210536469,0
Fischer_Whitney_2014b,2,orientation,10.0,14.035107649215732,0
Fischer_Whitney_2014b,2,orientation,48.0,5.061914602060625,0
Fischer_Whitney_2014b,2,orientation,17.0,-0.15919380429761532,0
Fischer_Whitney_2014b,2,orientation,19.0,-2.171638365514255,0
Fischer_Whitney_2014b,2,orientation,71.0,12.794122439342118,0
Fischer_Whitney_2014b,2,orientation,1.0,0.323271672327877,0
Fischer_Whitney_2014b,2,orientation,68.0,-9.290265901993678,0
Fischer_Whitney_2014b,2,orientation,24.0,2.661769452904437,0
Fischer_Whitney_2014b,2,orientation,86.0,-1.7482322347436536,0
Fischer_Whitney_2014b,2,orientation,16.0,13.316476925832006,0
Fischer_Whitney_2014b,2,orientation,53.0,7.121810682899849,0
Fischer_Whitney_2014b,2,orientation,5.0,-5.389658884111611,0
Fischer_Whitney_2014b,2,orientation,16.0,11.994146953844051,0
Fischer_Whitney_2014b,2,orientation,86.0,-11.315717068408802,0
Fischer_Whitney_2014b,2,orientation,50.0,10.451395510841152,0
Fischer_Whitney_2014b,2,orientation,54.0,7.0982885636998105,0
Fischer_Whitney_2014b,2,orientation,26.0,-8.591989271480003,0
Fischer_Whitney_2014b,2,orientation,50.0,7.918180998241681,0
Fischer_Whitney_2014b,2,orientation,40.0,-0.06191460206062516,0
Fischer_Whitney_2014b,2,orientation,29.0,9.098758688272738,0
Fischer_Whitney_2014b,2,orientation,64.0,35.78617343150092,0
Fischer_Whitney_2014b,2,orientation,44.0,-1.0628519131906131,0
Fischer_Whitney_2014b,2,orientation,86.0,-2.9733415724929415,0
Fischer_Whitney_2014b,2,orientation,38.0,-11.943426695318749,0
Fischer_Whitney_2014b,2,orientation,31.0,2.8841043780824123,0
Fischer_Whitney_2014b,2,orientation,62.0,-3.7116153762834756,0
Fischer_Whitney_2014b,2,orientation,57.0,-17.601793464620016,0
Fischer_Whitney_2014b,2,orientation,59.0,3.158902858629915,0
Fischer_Whitney_2014b,2,orientation,69.0,15.060360001996685,0
Fischer_Whitney_2014b,2,orientation,4.0,-8.106145947042165,0
Fischer_Whitney_2014b,2,orientation,49.0,-6.136455446066563,0
Fischer_Whitney_2014b,2,orientation,9.0,-12.719859374708477,0
Fischer_Whitney_2014b,2,orientation,46.0,-16.820417051181863,0
Fischer_Whitney_2014b,2,orientation,12.0,27.118834031662914,1
Fischer_Whitney_2014b,2,orientation,27.0,-3.3936314929089377,0
Fischer_Whitney_2014b,2,orientation,21.0,-10.878189317100151,0
Fischer_Whitney_2014b,2,orientation,15.0,26.669833863441696,0
Fischer_Whitney_2014b,2,orientation,44.0,15.155303789463531,0
Fischer_Whitney_2014b,2,orientation,63.0,2.7013039007822783,0
Fischer_Whitney_2014b,2,orientation,39.0,26.390359531844176,0
Fischer_Whitney_2014b,2,orientation,25.0,4.107899337463891,0
Fischer_Whitney_2014b,2,orientation,50.0,-19.683291173365532,0
Fischer_Whitney_2014b,2,orientation,50.0,-5.107899337463891,0
Fischer_Whitney_2014b,2,orientation,32.0,4.458352635776592,0
Fischer_Whitney_2014b,2,orientation,1.0,-0.20114249367524906,0
Fischer_Whitney_2014b,2,orientation,52.0,-12.848053177316288,0
Fischer_Whitney_2014b,2,orientation,33.0,-13.913888675333638,0
Fischer_Whitney_2014b,2,orientation,44.0,3.601793464620016,0
Fischer_Whitney_2014b,2,orientation,58.0,-8.100951861820562,0
Fischer_Whitney_2014b,2,orientation,80.0,-3.7013039007822783,0
Fischer_Whitney_2014b,2,orientation,60.0,-5.205877560657882,0
Fischer_Whitney_2014b,2,orientation,6.0,4.683291173365532,0
Fischer_Whitney_2014b,2,orientation,83.0,-0.8644156364165099,0
Fischer_Whitney_2014b,2,orientation,58.0,-10.086978823019521,0
Fischer_Whitney_2014b,2,orientation,47.0,-0.78733494077035,0
Fischer_Whitney_2014b,2,orientation,10.0,-3.100161292150702,0
Fischer_Whitney_2014b,2,orientation,88.0,4.6119610445928885,0
Fischer_Whitney_2014b,2,orientation,24.0,-15.72615120347291,0
Fischer_Whitney_2014b,2,orientation,26.0,-21.179028610243435,0
Fischer_Whitney_2014b,2,orientation,47.0,0.45139551084115226,0
Fischer_Whitney_2014b,2,orientation,67.0,-0.11883403166291373,0
Fischer_Whitney_2014b,2,orientation,16.0,-1.9140760237681462,0
Fischer_Whitney_2014b,2,orientation,74.0,0.9584155133578207,0
Fischer_Whitney_2014b,2,orientation,61.0,6.76225623883343,0
Fischer_Whitney_2014b,2,orientation,12.0,-2.798857506324751,0
Fischer_Whitney_2014b,2,orientation,61.0,-5.9178964367016675,0
Fischer_Whitney_2014b,2,orientation,66.0,-3.9890301188400343,0
Fischer_Whitney_2014b,2,orientation,42.0,2.102478113851447,0
Fischer_Whitney_2014b,2,orientation,57.0,-2.7410291095233816,0
Fischer_Whitney_2014b,2,orientation,82.0,5.520007806847104,0
Fischer_Whitney_2014b,2,orientation,62.0,9.035107649215732,0
Fischer_Whitney_2014b,2,orientation,62.0,2.1866267441281053,0
Fischer_Whitney_2014b,2,orientation,33.0,-2.6247966447655955,0
Fischer_Whitney_2014b,2,orientation,5.0,-0.841097141370085,0
Fischer_Whitney_2014b,2,orientation,26.0,-7.035908603656239,0
Fischer_Whitney_2014b,2,orientation,38.0,-14.197093533849113,0
Fischer_Whitney_2014b,2,orientation,83.0,-3.820971389756565,0
Fischer_Whitney_2014b,2,orientation,3.0,-3.6842829315911985,0
Fischer_Whitney_2014b,2,orientation,5.0,-3.4303705052544444,0
Fischer_Whitney_2014b,2,orientation,3.0,2.1171506743952904,0
Fischer_Whitney_2014b,2,orientation,44.0,10.159166248020185,0
Fischer_Whitney_2014b,2,orientation,48.0,11.316476925832006,0
Fischer_Whitney_2014b,2,orientation,80.0,-6.86441563641651,0
Fischer_Whitney_2014b,2,orientation,64.0,-1.9454533195680597,0
Fischer_Whitney_2014b,2,orientation,9.0,1.9624075320907224,0
Fischer_Whitney_2014b,2,orientation,65.0,0.5200078068471043,0
Fischer_Whitney_2014b,2,orientation,48.0,-7.9941469538440515,0
Fischer_Whitney_2014b,2,orientation,79.0,3.563931999377175,0
Fischer_Whitney_2014b,2,orientation,32.0,-8.949067708907975,0
Fischer_Whitney_2014b,2,orientation,13.0,1.7421069570875432,0
Fischer_Whitney_2014b,2,orientation,30.0,2.828361634485745,0
Fischer_Whitney_2014b,2,orientation,71.0,-4.205877560657882,0
Fischer_Whitney_2014b,2,orientation,56.0,9.75868205767381,0
Fischer_Whitney_2014b,2,orientation,81.0,14.02447248772826,0
Fischer_Whitney_2014b,2,orientation,45.0,14.899838707849298,0
Fischer_Whitney_2014b,2,orientation,68.0,9.897521886148553,0
Fischer_Whitney_2014b,2,orientation,28.0,5.840806195702385,0
Fischer_Whitney_2014b,2,orientation,39.0,-5.71425779671803,0
Fischer_Whitney_2014b,2,orientation,62.0,-1.0818190017583191,0
Fischer_Whitney_2014b,2,orientation,83.0,9.952718990042811,0
Fischer_Whitney_2014b,2,orientation,27.0,1.1787671224194156,0
Fischer_Whitney_2014b,2,orientation,39.0,11.055818541192593,0
Fischer_Whitney_2014b,2,orientation,31.0,-10.20767076856211,0
Fischer_Whitney_2014b,2,orientation,59.0,-7.455454071217375,0
Fischer_Whitney_2014b,2,orientation,5.0,7.765059978716749,0
Fischer_Whitney_2014b,2,orientation,26.0,-3.992924150424912,0
Fischer_Whitney_2014b,2,orientation,32.0,2.86441563641651,0
Fischer_Whitney_2014b,2,orientation,64.0,1.7671995069296287,0
Fischer_Whitney_2014b,2,orientation,3.0,6.897521886148553,0
Fischer_Whitney_2014b,2,orientation,46.0,-7.952718990042811,0
Fischer_Whitney_2014b,2,orientation,52.0,19.89612389058756,0
Fischer_Whitney_2014b,2,orientation,3.0,0.8963173503215387,0
Fischer_Whitney_2014b,2,orientation,12.0,-1.5026816038902098,0
Fischer_Whitney_2014b,2,orientation,11.0,4.902755170783763,0
Fischer_Whitney_2014b,2,orientation,74.0,-12.569629494745556,0
Fischer_Whitney_2014b,2,orientation,27.0,-0.12946578857332725,0
Fischer_Whitney_2014b,2,orientation,47.0,8.902755170783763,0
Fischer_Whitney_2014b,2,orientation,27.0,-0.15890285862991504,0
Fischer_Whitney_2014b,2,orientation,75.0,2.286610283530891,0
Fischer_Whitney_2014b,2,orientation,49.0,-2.20767076856211,0
Fischer_Whitney_2014b,2,orientation,6.0,3.2328004930703713,0
Fischer_Whitney_2014b,2,orientation,75.0,0.78733494077035,0
Fischer_Whitney_2014b,2,orientation,42.0,5.298696099217722,0
Fischer_Whitney_2014b,2,orientation,16.0,27.52780364482807,0
Fischer_Whitney_2014b,2,orientation,88.0,-2.2068843067944073,0
Fischer_Whitney_2014b,2,orientation,78.0,-0.26567635976560666,0
Fischer_Whitney_2014b,2,orientation,7.0,-12.255184667485224,0
Fischer_Whitney_2014b,2,orientation,64.0,-1.323271672327877,0
Fischer_Whitney_2014b,2,orientation,33.0,13.15103797313381,0
Fischer_Whitney_2014b,2,orientation,26.0,3.408805979238707,0
Fischer_Whitney_2014b,2,orientation,9.0,0.5504583245885328,0
Fischer_Whitney_2014b,2,orientation,67.0,0.7308904887399166,0
Fischer_Whitney_2014b,2,orientation,58.0,-5.3653158767240825,0
Fischer_Whitney_2014b,2,orientation,11.0,-1.5921193546148231,0
Fischer_Whitney_2014b,2,orientation,11.0,-10.634684123275917,0
Fischer_Whitney_2014b,2,orientation,55.0,-1.8398837673960742,0
Fischer_Whitney_2014b,2,orientation,21.0,13.298696099217722,0
Fischer_Whitney_2014b,2,orientation,82.0,0.04728100995718876,0
Fischer_Whitney_2014b,2,orientation,89.0,-10.81533092148895,0
Fischer_Whitney_2014b,2,orientation,5.0,14.913888675333638,0
Fischer_Whitney_2014b,2,orientation,17.0,-18.39967555949798,0
Fischer_Whitney_2014b,2,orientation,63.0,-11.95841551335782,0
Fischer_Whitney_2014b,2,orientation,15.0,0.6370726934271289,0
Fischer_Whitney_2014b,2,orientation,23.0,-1.9672484385814784,0
Fischer_Whitney_2014b,2,orientation,59.0,-7.925775480912719,0
Fischer_Whitney_2014b,2,orientation,43.0,7.311855935725831,0
Fischer_Whitney_2014b,2,orientation,31.0,-9.548604489158848,0
Fischer_Whitney_2014b,2,orientation,46.0,0.25176776525634637,0
Fischer_Whitney_2014b,2,orientation,43.0,-6.233865256654624,0
Fischer_Whitney_2014b,2,orientation,83.0,-2.7410291095233816,0
Fischer_Whitney_2014b,2,orientation,82.0,-9.479992193152896,0
Fischer_Whitney_2014b,2,orientation,53.0,-0.563931999377175,0
Fischer_Whitney_2014b,2,orientation,8.0,5.3880389554071115,0
Fischer_Whitney_2014b,2,orientation,8.0,2.436068000622825,0
Fischer_Whitney_2014b,2,orientation,57.0,11.263302851340498,0
Fischer_Whitney_2014b,2,orientation,12.0,4.912908511453423,0
Fischer_Whitney_2014b,2,orientation,86.0,0.7142577967180301,0
Fischer_Whitney_2014b,2,orientation,60.0,0.3301661365583044,0
Fischer_Whitney_2014b,2,orientation,74.0,5.232800493070371,0
Fischer_Whitney_2014b,2,orientation,88.0,10.263302851340498,0
Fischer_Whitney_2014b,2,orientation,52.0,5.81533092148895,0
Fischer_Whitney_2014b,2,orientation,90.0,-4.798857506324751,0
Fischer_Whitney_2014b,2,orientation,90.0,-4.81533092148895,0
Fischer_Whitney_2014b,2,orientation,33.0,6.967248438581478,0
Fischer_Whitney_2014b,2,orientation,48.0,6.159193804297615,0
Fischer_Whitney_2014b,2,orientation,81.0,2.8705342114266728,0
Fischer_Whitney_2014b,2,orientation,57.0,-14.949067708907975,0
Fischer_Whitney_2014b,2,orientation,36.0,-3.9012413117272615,0
Fischer_Whitney_2014b,2,orientation,18.0,5.41455332318931,0
Fischer_Whitney_2014b,2,orientation,89.0,-5.439549646870773,0
Fischer_Whitney_2014b,2,orientation,48.0,-4.257893042912457,0
Fischer_Whitney_2014b,2,orientation,54.0,3.035107649215732,0
Fischer_Whitney_2014b,2,orientation,50.0,4.967005273718954,0
Fischer_Whitney_2014b,2,orientation,23.0,4.641560070242036,0
Fischer_Whitney_2014b,2,orientation,14.0,1.794122439342118,0
Fischer_Whitney_2014b,2,orientation,80.0,-5.455454071217375,0
Fischer_Whitney_2014b,2,orientation,45.0,8.266476505289916,0
Fischer_Whitney_2014b,2,orientation,44.0,5.76225623883343,0
Fischer_Whitney_2014b,2,orientation,27.0,4.893854052957835,0
Fischer_Whitney_2014b,2,orientation,9.0,4.129465788573327,0
Fischer_Whitney_2014b,2,orientation,22.0,6.439549646870773,0
Fischer_Whitney_2014b,2,orientation,85.0,15.532174732297506,0
Fischer_Whitney_2014b,2,orientation,22.0,4.776927990013917,0
Fischer_Whitney_2014b,2,orientation,20.0,-5.0266584275070585,0
Fischer_Whitney_2014b,2,orientation,11.0,4.081819001758319,0
Fischer_Whitney_2014b,2,orientation,21.0,2.9178964367016675,0
Fischer_Whitney_2014b,2,orientation,44.0,-1.8990481381794382,0
Fischer_Whitney_2014b,2,orientation,37.0,10.896317350321539,0
Fischer_Whitney_2014b,2,orientation,51.0,-1.8408061957023847,0
Fischer_Whitney_2014b,2,orientation,68.0,2.3269564298726095,0
Fischer_Whitney_2014b,2,orientation,75.0,-3.407880645385177,0
Fischer_Whitney_2014b,2,orientation,35.0,2.2738487965270906,0
Fischer_Whitney_2014b,2,orientation,77.0,1.1128941115595126,0
Fischer_Whitney_2014b,2,orientation,35.0,12.878189317100151,0
Fischer_Whitney_2014b,2,orientation,39.0,2.798857506324751,0
Fischer_Whitney_2014b,2,orientation,26.0,-2.3157170684088015,0
Fischer_Whitney_2014b,2,orientation,87.0,-2.802901123596243,0
Fischer_Whitney_2014b,2,orientation,55.0,-5.061914602060625,0
Fischer_Whitney_2014b,2,orientation,21.0,16.641560070242036,0
Fischer_Whitney_2014b,2,orientation,89.0,3.1036826496784613,0
Fischer_Whitney_2014b,2,orientation,81.0,-8.611961044592874,0
Fischer_Whitney_2014b,2,orientation,73.0,4.513944156431009,0
Fischer_Whitney_2014b,2,orientation,57.0,10.556876823984311,0
Fischer_Whitney_2014b,2,orientation,52.0,7.199367993610139,0
Fischer_Whitney_2014b,2,orientation,4.0,-8.527803644828069,0
Fischer_Whitney_2014b,2,orientation,44.0,-2.205877560657882,0
Fischer_Whitney_2014b,2,orientation,56.0,13.892100662536109,0
Fischer_Whitney_2014b,2,orientation,18.0,0.8961238905875604,0
Fischer_Whitney_2014b,2,orientation,83.0,0.24059236025846076,0
Fischer_Whitney_2014b,2,orientation,57.0,-0.4554540712173747,0
Fischer_Whitney_2014b,2,orientation,88.0,0.06285191319061312,0
Fischer_Whitney_2014b,2,orientation,59.0,0.035908603656238824,0
Fischer_Whitney_2014b,2,orientation,85.0,-0.060360001996699,0
Fischer_Whitney_2014b,2,orientation,74.0,10.199367993610139,0
Fischer_Whitney_2014b,2,orientation,9.0,-1.4799921931528957,0
Fischer_Whitney_2014b,2,orientation,43.0,9.179028610243435,0
Fischer_Whitney_2014b,2,orientation,77.0,-0.11289411155951257,0
Fischer_Whitney_2014b,2,orientation,56.0,0.7671995069296287,0
Fischer_Whitney_2014b,2,orientation,81.0,-16.95841551335782,0
Fischer_Whitney_2014b,2,orientation,6.0,4.21266505922965,0
Fischer_Whitney_2014b,2,orientation,52.0,0.8204170511818631,0
Fischer_Whitney_2014b,2,orientation,68.0,-7.4084147715847735,0
Fischer_Whitney_2014b,2,orientation,60.0,3.78733494077035,0
Fischer_Whitney_2014b,2,orientation,43.0,-7.953554529152683,0
Fischer_Whitney_2014b,2,orientation,41.0,10.902755170783763,0
Fischer_Whitney_2014b,2,orientation,60.0,-0.037592467909277616,0
Fischer_Whitney_2014b,2,orientation,84.0,-1.5445459287826253,0
Fischer_Whitney_2014b,2,orientation,71.0,-1.8705342114266728,0
Fischer_Whitney_2014b,2,orientation,32.0,19.263302851340498,0
Fischer_Whitney_2014b,2,orientation,18.0,5.110529648376897,0
Fischer_Whitney_2014b,2,orientation,76.0,4.155303789463531,0
Fischer_Whitney_2014b,2,orientation,27.0,10.102478113851447,0
Fischer_Whitney_2014b,2,orientation,35.0,7.23774376116657,0
Fischer_Whitney_2014b,2,orientation,69.0,-1.9672484385814784,0
Fischer_Whitney_2014b,2,orientation,41.0,3.007075849575088,0
Fischer_Whitney_2014b,2,orientation,77.0,2.2068843067944073,0
Fischer_Whitney_2014b,2,orientation,54.0,13.58544667681069,0
Fischer_Whitney_2014b,2,orientation,61.0,-4.082295183252711,0
Fischer_Whitney_2014b,2,orientation,28.0,-2.3164769258320064,0
Fischer_Whitney_2014b,2,orientation,48.0,9.159166248020185,0
Fischer_Whitney_2014b,2,orientation,37.0,7.371540139081091,0
Fischer_Whitney_2014b,2,orientation,25.0,4.964091396343761,0
Fischer_Whitney_2014b,2,orientation,48.0,-5.6842829315911985,0
Fischer_Whitney_2014b,2,orientation,12.0,4.316476925832006,0
Fischer_Whitney_2014b,2,orientation,44.0,4.817680570810126,0
Fischer_Whitney_2014b,2,orientation,68.0,5.592119354614823,0
Fischer_Whitney_2014b,2,orientation,37.0,-1.1591938042976153,0
Fischer_Whitney_2014b,2,orientation,34.0,-3.0266584275070585,0
Fischer_Whitney_2014b,2,orientation,57.0,-10.082295183252711,0
Fischer_Whitney_2014b,2,orientation,19.0,-3.9890301188400343,0
Fischer_Whitney_2014b,2,orientation,76.0,5.265676359765607,0
Fischer_Whitney_2014b,2,orientation,24.0,1.8489620268661895,0
Fischer_Whitney_2014b,2,orientation,73.0,5.711615376283476,0
Fischer_Whitney_2014b,2,orientation,62.0,3.7594076397415392,0
Fischer_Whitney_2014b,2,orientation,65.0,3.996838269555596,0
Fischer_Whitney_2014b,2,orientation,48.0,-1.179028610243435,0
Fischer_Whitney_2014b,2,orientation,19.0,-3.591989271480003,0
Fischer_Whitney_2014b,2,orientation,70.0,8.902067271428592,0
Fischer_Whitney_2014b,2,orientation,39.0,-1.925005115602957,0
Fischer_Whitney_2014b,2,orientation,59.0,5.71425779671803,0
Fischer_Whitney_2014b,2,orientation,36.0,0.5200078068471043,0
Fischer_Whitney_2014b,2,orientation,61.0,0.44312317601568907,0
Fischer_Whitney_2014b,2,orientation,4.0,1.9371480868093869,0
Fischer_Whitney_2014b,2,orientation,38.0,13.925005115602957,0
Fischer_Whitney_2014b,2,orientation,40.0,2.743370454283337,0
Fischer_Whitney_2014b,2,orientation,47.0,-0.04199707977416267,0
Fischer_Whitney_2014b,2,orientation,47.0,5.256629545716663,0
Fischer_Whitney_2014b,2,orientation,81.0,4.88284932560471,0
Fischer_Whitney_2014b,2,orientation,29.0,5.939639998003315,0
Fischer_Whitney_2014b,2,orientation,22.0,13.892100662536109,0
Fischer_Whitney_2014b,2,orientation,52.0,0.563931999377175,0
Fischer_Whitney_2014b,2,orientation,89.0,1.7650599787167494,0
Fischer_Whitney_2014b,2,orientation,45.0,-3.657076885014135,0
Fischer_Whitney_2014b,2,orientation,49.0,3.9017114363001895,0
Fischer_Whitney_2014b,2,orientation,29.0,8.050932291092025,0
Fischer_Whitney_2014b,2,orientation,46.0,7.899598858536223,0
Fischer_Whitney_2014b,2,orientation,56.0,-2.398206535379984,0
Fischer_Whitney_2014b,2,orientation,57.0,5.711615376283476,0
Fischer_Whitney_2014b,2,orientation,36.0,-9.813373255871909,0
Fischer_Whitney_2014b,2,orientation,69.0,4.237675122099844,0
Fischer_Whitney_2014b,2,orientation,23.0,-5.007075849575088,0
Fischer_Whitney_2014b,2,orientation,71.0,-0.5568768239843109,0
Fischer_Whitney_2014b,2,orientation,68.0,-7.967248438581478,0
Fischer_Whitney_2014b,2,orientation,22.0,15.036616513239792,0
Fischer_Whitney_2014b,2,orientation,57.0,4.9017114363001895,0
Fischer_Whitney_2014b,2,orientation,33.0,13.939639998003315,0
Fischer_Whitney_2014b,2,orientation,56.0,-0.19709887640375712,0
Fischer_Whitney_2014b,2,orientation,51.0,-10.711615376283476,0
Fischer_Whitney_2014b,2,orientation,27.0,5.2289292251311394,0
Fischer_Whitney_2014b,2,orientation,39.0,0.08181900175831913,0
Fischer_Whitney_2014b,2,orientation,68.0,-2.7482322347436536,0
Fischer_Whitney_2014b,2,orientation,5.0,-3.0859239762318538,0
Fischer_Whitney_2014b,2,orientation,37.0,6.953554529152683,0
Fischer_Whitney_2014b,2,orientation,81.0,-16.00760742575156,0
Fischer_Whitney_2014b,2,orientation,7.0,-5.548604489158848,0
Fischer_Whitney_2014b,2,orientation,4.0,-3.6927635368588483,0
Fischer_Whitney_2014b,2,orientation,13.0,12.527803644828069,0
Fischer_Whitney_2014b,2,orientation,3.0,3.257893042912457,0
Fischer_Whitney_2014b,2,orientation,7.0,1.943426695318749,0
Fischer_Whitney_2014b,2,orientation,64.0,-9.668528742018538,0
Fischer_Whitney_2014b,2,orientation,52.0,1.2986960992177217,0
Fischer_Whitney_2014b,2,orientation,47.0,-5.71425779671803,0
Fischer_Whitney_2014b,2,orientation,37.0,4.766134743345376,0
Fischer_Whitney_2014b,2,orientation,44.0,6.256629545716663,0
Fischer_Whitney_2014b,2,orientation,68.0,-6.3653158767240825,0
Fischer_Whitney_2014b,2,orientation,2.0,-11.102478113851447,0
Fischer_Whitney_2014b,2,orientation,37.0,2.035107649215732,0
Fischer_Whitney_2014b,2,orientation,38.0,2.408010728519997,0
Fischer_Whitney_2014b,2,orientation,79.0,7.791509267187507,0
Fischer_Whitney_2014b,2,orientation,20.0,17.89612389058756,0
Fischer_Whitney_2014b,2,orientation,40.0,-6.939639998003315,0
Fischer_Whitney_2014b,2,orientation,45.0,-0.136455446066563,0
Fischer_Whitney_2014b,2,orientation,29.0,0.9890301188400343,0
Fischer_Whitney_2014b,2,orientation,37.0,15.733523494710084,0
Fischer_Whitney_2014b,2,orientation,51.0,8.563931999377175,0
Fischer_Whitney_2014b,2,orientation,58.0,-10.6529039033679,0
Fischer_Whitney_2014b,2,orientation,34.0,-7.280140625291523,0
Fischer_Whitney_2014b,2,orientation,5.0,0.4080107285199972,0
Fischer_Whitney_2014b,2,orientation,22.0,4.041997079774163,0
Fischer_Whitney_2014b,2,orientation,73.0,-8.67304357012739,0
Fischer_Whitney_2014b,2,orientation,78.0,3.4084147715847735,0
Fischer_Whitney_2014b,2,orientation,49.0,-6.439549646870773,0
Fischer_Whitney_2014b,2,orientation,23.0,6.666531325641984,0
Fischer_Whitney_2014b,2,orientation,16.0,-6.205877560657882,0
Fischer_Whitney_2014b,2,orientation,49.0,9.178767122419416,0
Fischer_Whitney_2014b,2,orientation,79.0,-3.7132347075948786,0
Fischer_Whitney_2014b,2,orientation,30.0,-7.205877560657882,0
Fischer_Whitney_2014b,2,orientation,18.0,13.398206535379984,0
Fischer_Whitney_2014b,2,orientation,78.0,5.9178964367016675,0
Fischer_Whitney_2014b,2,orientation,30.0,4.776927990013917,0
Fischer_Whitney_2014b,2,orientation,61.0,-4.817680570810126,0
Fischer_Whitney_2014b,2,orientation,85.0,-8.856837553904725,0
Fischer_Whitney_2014b,2,orientation,12.0,8.472196355171931,0
Fischer_Whitney_2014b,2,orientation,46.0,-5.430370505254444,0
Fischer_Whitney_2014b,2,orientation,80.0,-0.5931730989390758,0
Fischer_Whitney_2014b,2,orientation,68.0,0.11883403166291373,0
Fischer_Whitney_2014b,2,orientation,87.0,-2.8841043780824123,0
Fischer_Whitney_2014b,2,orientation,6.0,10.76505997871675,0
Fischer_Whitney_2014b,2,orientation,85.0,14.055818541192593,0
Fischer_Whitney_2014b,2,orientation,8.0,-2.0109698811599657,0
Fischer_Whitney_2014b,2,orientation,53.0,-0.4083852980356255,0
Fischer_Whitney_2014b,2,orientation,8.0,-4.704432003883511,0
Fischer_Whitney_2014b,2,orientation,37.0,-3.179582948818137,0
Fischer_Whitney_2014b,2,orientation,46.0,-14.04158448664218,0
Fischer_Whitney_2014b,2,orientation,24.0,-0.7308904887399166,0
Fischer_Whitney_2014b,2,orientation,86.0,-9.430370505254444,0
Fischer_Whitney_2014b,2,orientation,64.0,8.086111324666362,0
Fischer_Whitney_2014b,2,orientation,16.0,-3.9923925742484414,0
Fischer_Whitney_2014b,2,orientation,32.0,9.664600838662565,0
Fischer_Whitney_2014b,2,orientation,20.0,19.734323640234393,0
Fischer_Whitney_2014b,2,orientation,49.0,7.087091488546577,0
Fischer_Whitney_2014b,2,orientation,62.0,11.76225623883343,0
Fischer_Whitney_2014b,2,orientation,34.0,-20.951222060535684,0
Fischer_Whitney_2014b,2,orientation,6.0,23.288384623716524,0
Fischer_Whitney_2014b,2,orientation,80.0,-15.222940679747566,0
Fischer_Whitney_2014b,2,orientation,77.0,5.003161730444404,0
Fischer_Whitney_2014b,2,orientation,41.0,4.9941469538440515,0
Fischer_Whitney_2014b,2,orientation,46.0,-4.035908603656239,0
Fischer_Whitney_2014b,2,orientation,49.0,-71.08592397623185,1
Fischer_Whitney_2014b,2,orientation,10.0,11.179830657613735,0
Fischer_Whitney_2014b,2,orientation,66.0,7.791509267187507,0
Fischer_Whitney_2014b,2,orientation,72.0,-1.3470960966321002,0
Fischer_Whitney_2014b,2,orientation,3.0,-3.035908603656239,0
Fischer_Whitney_2014b,2,orientation,5.0,7.758682057673809,0
Fischer_Whitney_2014b,2,orientation,11.0,15.18466907851105,0
Fischer_Whitney_2014b,2,orientation,61.0,-1.820971389756565,0
Fischer_Whitney_2014b,2,orientation,59.0,22.744815332514776,0
Fischer_Whitney_2014b,2,orientation,77.0,13.106145947042165,0
Fischer_Whitney_2014b,2,orientation,35.0,3.9129085114534234,0
Fischer_Whitney_2014b,2,orientation,66.0,-13.560450353129227,0
Fischer_Whitney_2014b,2,orientation,65.0,7.958415513357821,0
Fischer_Whitney_2014b,2,orientation,15.0,20.637072693427143,0
Fischer_Whitney_2014b,2,orientation,20.0,-2.1036826496784613,0
Fischer_Whitney_2014b,2,orientation,83.0,3.719859374708477,0
Fischer_Whitney_2014b,2,orientation,50.0,-8.854052289554488,0
Fischer_Whitney_2014b,2,orientation,25.0,1.9020672714285922,0
Fischer_Whitney_2014b,2,orientation,30.0,-12.744815332514776,0
Fischer_Whitney_2014b,2,orientation,27.0,-7.899838707849298,0
Fischer_Whitney_2014b,2,orientation,19.0,12.486055843568991,0
Fischer_Whitney_2014b,2,orientation,84.0,-6.232800493070371,0
Fischer_Whitney_2014b,2,orientation,72.0,-24.609640468155817,0
Fischer_Whitney_2014b,2,orientation,75.0,0.897521886148553,0
Fischer_Whitney_2014b,2,orientation,47.0,19.20114249367525,0
Fischer_Whitney_2014b,2,orientation,38.0,8.592119354614823,0
Fischer_Whitney_2014b,2,orientation,79.0,-2.550045549616158,0
Fischer_Whitney_2014b,2,orientation,39.0,3.841097141370085,0
Fischer_Whitney_2014b,2,orientation,2.0,-7.115895621917588,0
Fischer_Whitney_2014b,2,orientation,29.0,8.04158448664218,0
Fischer_Whitney_2014b,2,orientation,74.0,-2.9140760237681462,0
Fischer_Whitney_2014b,2,orientation,83.0,15.76505997871675,0
Fischer_Whitney_2014b,2,orientation,17.0,-1.21266505922965,0
Fischer_Whitney_2014b,2,orientation,24.0,-12.664600838662565,0
Fischer_Whitney_2014b,2,orientation,55.0,0.6698338634416956,0
Fischer_Whitney_2014b,2,orientation,68.0,-8.744815332514776,0
Fischer_Whitney_2014b,2,orientation,55.0,1.3269564298726095,0
Fischer_Whitney_2014b,2,orientation,78.0,-12.591585228415227,0
Fischer_Whitney_2014b,2,orientation,60.0,-5.21266505922965,0
Fischer_Whitney_2014b,2,orientation,3.0,17.609640468155817,0
Fischer_Whitney_2014b,2,orientation,27.0,2.3752033552344045,0
Fischer_Whitney_2014b,2,orientation,67.0,1.8507668394260577,0
Fischer_Whitney_2014b,2,orientation,70.0,13.50268160389021,0
Fischer_Whitney_2014b,2,orientation,23.0,-31.10016129215071,1
Fischer_Whitney_2014b,2,orientation,9.0,-4.887105888440487,0
Fischer_Whitney_2014b,2,orientation,84.0,2.964892350784268,0
Fischer_Whitney_2014b,2,orientation,32.0,15.048777939464316,0
Fischer_Whitney_2014b,2,orientation,43.0,28.899838707849284,1
Fischer_Whitney_2014b,2,orientation,24.0,-12.092701799817121,0
Fischer_Whitney_2014b,2,orientation,22.0,-0.8029011235962429,0
Fischer_Whitney_2014b,2,orientation,53.0,4.032994726281046,0
Fischer_Whitney_2014b,2,orientation,34.0,6.828361634485745,0
Fischer_Whitney_2014b,2,orientation,5.0,9.371540139081091,0
Fischer_Whitney_2014b,2,orientation,31.0,15.087091488546577,0
Fischer_Whitney_2014b,2,orientation,31.0,8.628459860918909,0
Fischer_Whitney_2014b,2,orientation,83.0,10.07422451908728,0
Fischer_Whitney_2014b,2,orientation,88.0,-10.81533092148895,0
Fischer_Whitney_2014b,2,orientation,76.0,-3.082295183252711,0
Fischer_Whitney_2014b,2,orientation,89.0,-10.159193804297615,0
Fischer_Whitney_2014b,2,orientation,84.0,4.270342425241822,0
Fischer_Whitney_2014b,2,orientation,60.0,-19.467825267702494,0
Fischer_Whitney_2014b,2,orientation,57.0,9.046445470847317,0
Fischer_Whitney_2014b,2,orientation,82.0,24.041997079774163,0
Fischer_Whitney_2014b,2,orientation,61.0,-16.95841551335782,0
Fischer_Whitney_2014b,2,orientation,61.0,-1.0419970797741627,0
Fischer_Whitney_2014b,2,orientation,40.0,12.997318323163938,0
Fischer_Whitney_2014b,2,orientation,65.0,11.68814406427417,0
Fischer_Whitney_2014b,2,orientation,45.0,-80.81533092148896,1
Fischer_Whitney_2014b,2,orientation,7.0,24.29869609921772,0
Fischer_Whitney_2014b,2,orientation,21.0,-0.15916624802018475,0
Fischer_Whitney_2014b,2,orientation,81.0,3.3269564298726095,0
Fischer_Whitney_2014b,2,orientation,84.0,-85.89752188614855,1
Fischer_Whitney_2014b,2,orientation,15.0,9.159166248020185,0
Fischer_Whitney_2014b,2,orientation,6.0,13.399675559497979,0
Fischer_Whitney_2014b,2,orientation,47.0,-8.899838707849298,0
Fischer_Whitney_2014b,2,orientation,15.0,6.087091488546577,0
Fischer_Whitney_2014b,2,orientation,43.0,-2.717675667165935,0
Fischer_Whitney_2014b,2,orientation,87.0,-0.8073450575091954,0
Fischer_Whitney_2014b,2,orientation,57.0,-7.820971389756565,0
Fischer_Whitney_2014b,2,orientation,60.0,-10.208490732812493,0
Fischer_Whitney_2014b,2,orientation,68.0,-9.265676359765607,0
Fischer_Whitney_2014b,2,orientation,89.0,4.741029109523382,0
Fischer_Whitney_2014b,2,orientation,67.0,13.15103797313381,0
Fischer_Whitney_2014b,2,orientation,44.0,-10.335399161337435,0
Fischer_Whitney_2014b,2,orientation,37.0,7.257893042912457,0
Fischer_Whitney_2014b,2,orientation,28.0,32.285742203281984,1
Fischer_Whitney_2014b,2,orientation,76.0,-1.295567996116489,0
Fischer_Whitney_2014b,2,orientation,69.0,-6.179028610243435,0
Fischer_Whitney_2014b,2,orientation,81.0,-22.002681676836062,0
Fischer_Whitney_2014b,2,orientation,11.0,7.593173098939076,0
Fischer_Whitney_2014b,2,orientation,9.0,2.197093533849113,0
Fischer_Whitney_2014b,2,orientation,30.0,1.736697148659502,0
Fischer_Whitney_2014b,2,orientation,73.0,-23.820169342386265,0
Fischer_Whitney_2014b,2,orientation,69.0,-3.637072693427129,0
Fischer_Whitney_2014b,2,orientation,87.0,1.2867652924051214,0
Fischer_Whitney_2014b,2,orientation,26.0,-1.2413179423261909,0
Fischer_Whitney_2014b,2,orientation,33.0,2.2405923602584608,0
Fischer_Whitney_2014b,2,orientation,71.0,4.173167386864023,0
Fischer_Whitney_2014b,2,orientation,42.0,1.8029011235962429,0
Fischer_Whitney_2014b,2,orientation,10.0,-27.544545928782625,0
Fischer_Whitney_2014b,2,orientation,56.0,7.206884306794407,0
Fischer_Whitney_2014b,2,orientation,66.0,-1.6881440642741694,0
Fischer_Whitney_2014b,2,orientation,79.0,-2.1105296483768967,0
Fischer_Whitney_2014b,2,orientation,3.0,6.406826901060924,0
Fischer_Whitney_2014b,2,orientation,60.0,8.952718990042811,0
Fischer_Whitney_2014b,2,orientation,84.0,-0.9138886753336379,0
Fischer_Whitney_2014b,2,orientation,74.0,-3.7931156932055927,0
Fischer_Whitney_2014b,2,orientation,15.0,8.129465788573327,0
Fischer_Whitney_2014b,2,orientation,44.0,1.9129085114534234,0
Fischer_Whitney_2014b,2,orientation,8.0,5.49731839610979,0
Fischer_Whitney_2014b,2,orientation,82.0,-6.800871376018179,0
Fischer_Whitney_2014b,2,orientation,20.0,3.28574220328197,0
Fischer_Whitney_2014b,2,orientation,75.0,1.4678252677024943,0
Fischer_Whitney_2014b,2,orientation,80.0,3.556876823984311,0
Fischer_Whitney_2014b,2,orientation,54.0,-15.408414771584773,0
Fischer_Whitney_2014b,2,orientation,46.0,-34.56393199937717,0
Fischer_Whitney_2014b,2,orientation,74.0,-3.78733494077035,0
Fischer_Whitney_2014b,2,orientation,60.0,10.010969881159966,0
Fischer_Whitney_2014b,2,orientation,3.0,-4.989850871187869,0
Fischer_Whitney_2014b,2,orientation,89.0,4.628459860918909,0
Fischer_Whitney_2014b,2,orientation,46.0,9.713234707594879,0
Fischer_Whitney_2014b,2,orientation,65.0,6.902067271428592,0
Fischer_Whitney_2014b,2,orientation,34.0,1.9224403170959192,0
Fischer_Whitney_2014b,2,orientation,72.0,-4.307236463141152,0
Fischer_Whitney_2014b,2,orientation,57.0,7.7710707748688606,0
Fischer_Whitney_2014b,2,orientation,81.0,-0.4078806453851769,0
Fischer_Whitney_2014b,2,orientation,28.0,11.035107649215732,0
Fischer_Whitney_2014b,2,orientation,77.0,25.09875868827274,0
Fischer_Whitney_2014b,2,orientation,26.0,4.141871093299898,0
Fischer_Whitney_2014b,2,orientation,62.0,-12.458352635776592,0
Fischer_Whitney_2014b,2,orientation,7.0,2.086978823019521,0
Fischer_Whitney_2014b,2,orientation,41.0,-5.041584486642179,0
Fischer_Whitney_2014b,2,orientation,70.0,-14.569629494745556,0
Fischer_Whitney_2014b,2,orientation,77.0,-24.081819001758305,1
Fischer_Whitney_2014b,2,orientation,79.0,80.43606800062281,1
Fischer_Whitney_2014b,2,orientation,36.0,5.899048138179438,0
Fischer_Whitney_2014b,2,orientation,79.0,6.159166248020185,0
Fischer_Whitney_2014b,2,orientation,37.0,-7.628459860918909,0
Fischer_Whitney_2014b,2,orientation,19.0,-8.307236463141152,0
Fischer_Whitney_2014b,2,orientation,67.0,4.107899337463891,0
Fischer_Whitney_2014b,2,orientation,22.0,5.060360001996685,0
Fischer_Whitney_2014b,2,orientation,39.0,-1.0870914885465766,0
Fischer_Whitney_2014b,2,orientation,57.0,3.9624075320907224,0
Fischer_Whitney_2014b,2,orientation,35.0,8.566775446475162,0
Fischer_Whitney_2014b,2,orientation,77.0,-10.082103563298332,0
Fischer_Whitney_2014b,2,orientation,87.0,-7.3157170684088015,0
Fischer_Whitney_2014b,2,orientation,81.0,-6.78733494077035,0
Fischer_Whitney_2014b,2,orientation,87.0,-4.592119354614823,0
Fischer_Whitney_2014b,2,orientation,79.0,-1.5500455496161578,0
Fischer_Whitney_2014b,2,orientation,13.0,-0.1036826496784613,0
Fischer_Whitney_2014b,2,orientation,70.0,5.439549646870773,0
Fischer_Whitney_2014b,2,orientation,10.0,6.485959884001645,0
Fischer_Whitney_2014b,2,orientation,9.0,-3.820417051181863,0
Fischer_Whitney_2014b,2,orientation,16.0,3.996838269555596,0
Fischer_Whitney_2014b,2,orientation,61.0,7.841097141370085,0
Fischer_Whitney_2014b,2,orientation,74.0,9.315717068408802,0
Fischer_Whitney_2014b,2,orientation,45.0,4.943426695318749,0
Fischer_Whitney_2014b,2,orientation,63.0,-1.513944156431009,0
Fischer_Whitney_2014b,2,orientation,22.0,-1.802906466150887,0
Fischer_Whitney_2014b,2,orientation,50.0,-3.1591662480201848,0
Fischer_Whitney_2014b,2,orientation,17.0,14.75868205767381,0
Fischer_Whitney_2014b,2,orientation,57.0,-6.610341115888389,0
Fischer_Whitney_2014b,2,orientation,87.0,-2.719859374708477,0
Fischer_Whitney_2014b,2,orientation,75.0,8.733523494710084,0
Fischer_Whitney_2014b,2,orientation,71.0,-16.3470960966321,0
Fischer_Whitney_2014b,2,orientation,79.0,-4.330166136558304,0
Fischer_Whitney_2014b,2,orientation,23.0,-11.541647364223408,0
Fischer_Whitney_2014b,2,orientation,76.0,-6.159193804297615,0
Fischer_Whitney_2014b,2,orientation,76.0,-4.213826568499087,0
Fischer_Whitney_2014b,2,orientation,19.0,1.5916147019643745,0
Fischer_Whitney_2014b,2,orientation,9.0,4.032751561418522,0
Fischer_Whitney_2014b,2,orientation,72.0,-1.0509322910920247,0
Fischer_Whitney_2014b,2,orientation,29.0,5.307236463141152,0
Fischer_Whitney_2014b,2,orientation,12.0,-0.3996755594979646,0
Fischer_Whitney_2014b,2,orientation,36.0,69.16011623260393,1
Fischer_Whitney_2014b,2,orientation,26.0,1.3406200420989194,0
Fischer_Whitney_2014b,2,orientation,70.0,-4.010149128812131,0
Fischer_Whitney_2014b,2,orientation,10.0,-7.05454668043194,0
Fischer_Whitney_2014b,2,orientation,15.0,-17.100951861820562,0
Fischer_Whitney_2014b,2,orientation,70.0,-3.145947710445512,0
Fischer_Whitney_2014b,2,orientation,56.0,-11.791509267187507,0
Fischer_Whitney_2014b,2,orientation,81.0,-9.399675559497979,0
Fischer_Whitney_2014b,2,orientation,32.0,-8.841097141370085,0
Fischer_Whitney_2014b,2,orientation,27.0,16.097244829216237,0
Fischer_Whitney_2014b,2,orientation,11.0,5.338230547095563,0
Fischer_Whitney_2014b,2,orientation,10.0,1.1128941115595126,0
Fischer_Whitney_2014b,2,orientation,4.0,9.115895621917588,0
Fischer_Whitney_2014b,2,orientation,7.0,3.3752033552344045,0
Fischer_Whitney_2014b,2,orientation,8.0,-6.0987586882727385,0
Fischer_Whitney_2014b,2,orientation,58.0,13.036616513239792,0
Fischer_Whitney_2014b,2,orientation,86.0,-7.949067708907975,0
Fischer_Whitney_2014b,2,orientation,31.0,7.844696210536469,0
Fischer_Whitney_2014b,2,orientation,30.0,-4.741029109523382,0
Fischer_Whitney_2014b,2,orientation,32.0,-0.49731839610979023,0
Fischer_Whitney_2014b,2,orientation,2.0,5.295567996116489,0
Fischer_Whitney_2014b,2,orientation,38.0,-7.884104378082412,0
Fischer_Whitney_2014b,2,orientation,57.0,-2.7931156932055927,0
Fischer_Whitney_2014b,2,orientation,47.0,3.6842829315911985,0
Fischer_Whitney_2014b,2,orientation,13.0,-2.3334686743580164,0
Fischer_Whitney_2014b,2,orientation,11.0,6.850766839426058,0
Fischer_Whitney_2014b,2,orientation,81.0,-4.097244829216237,0
Fischer_Whitney_2014b,2,orientation,60.0,-0.037592467909277616,0
Fischer_Whitney_2014b,2,orientation,37.0,2.79232923143789,0
Fischer_Whitney_2014b,2,orientation,64.0,5.975527512271739,0
Fischer_Whitney_2014b,2,orientation,82.0,6.159166248020185,0
Fischer_Whitney_2014b,2,orientation,2.0,7.032994726281046,0
Fischer_Whitney_2014b,2,orientation,66.0,4.870534211426673,0
Fischer_Whitney_2014b,2,orientation,78.0,6.520007806847104,0
Fischer_Whitney_2014b,2,orientation,39.0,3.4678252677024943,0
Fischer_Whitney_2014b,2,orientation,40.0,3.786173431500913,0
Fischer_Whitney_2014b,2,orientation,40.0,9.532174732297506,0
Fischer_Whitney_2014b,2,orientation,38.0,4.208490732812493,0
Fischer_Whitney_2014b,2,orientation,31.0,1.0979327285714078,0
Fischer_Whitney_2014b,2,orientation,28.0,-0.3629273065728711,0
Fischer_Whitney_2014b,2,orientation,70.0,-3.4513955108411523,0
Fischer_Whitney_2014b,2,orientation,19.0,6.62479664476561,0
Fischer_Whitney_2014b,2,orientation,76.0,-5.270342425241822,0
Fischer_Whitney_2014b,2,orientation,68.0,-6.237675122099844,0
Fischer_Whitney_2014b,2,orientation,19.0,3.449541675411467,0
Fischer_Whitney_2014b,2,orientation,2.0,4.407880645385177,0
Fischer_Whitney_2014b,2,orientation,58.0,2.9755275122717393,0
Fischer_Whitney_2014b,2,orientation,86.0,-5.593550370761221,0
Fischer_Whitney_2014b,2,orientation,54.0,1.0058530461559485,0
Fischer_Whitney_2014b,2,orientation,84.0,3.323271672327877,0
Fischer_Whitney_2014b,2,orientation,31.0,6.143162446095275,0
Fischer_Whitney_2014b,2,orientation,85.0,10.817680570810126,0
Fischer_Whitney_2014b,2,orientation,49.0,1.563931999377175,0
Fischer_Whitney_2014b,2,orientation,56.0,-18.32695642987261,0
Fischer_Whitney_2014b,2,orientation,66.0,6.820971389756565,0
Fischer_Whitney_2014b,2,orientation,37.0,-9.593550370761221,0
Fischer_Whitney_2014b,2,orientation,73.0,-9.449954450383842,0
Fischer_Whitney_2014b,2,orientation,1.0,2.5026816038902098,0
Fischer_Whitney_2014b,2,orientation,39.0,-9.371540139081091,0
Fischer_Whitney_2014b,2,orientation,24.0,9.159193804297615,0
Fischer_Whitney_2014b,2,orientation,60.0,-7.937148086809387,0
Fischer_Whitney_2014b,2,orientation,56.0,-6.056573304681251,0
Fischer_Whitney_2014b,2,orientation,13.0,6.938085397939375,0
Fischer_Whitney_2014b,2,orientation,36.0,-3.9017114363001895,0
Fischer_Whitney_2014b,2,orientation,1.0,2.205877560657882,0
Fischer_Whitney_2014b,2,orientation,12.0,5.179830657613735,0
Fischer_Whitney_2014b,2,orientation,1.0,8.71425779671803,0
Fischer_Whitney_2014b,2,orientation,54.0,1.1846690785110496,0
Fischer_Whitney_2014b,2,orientation,29.0,15.141871093299898,0
Fischer_Whitney_2014b,2,orientation,65.0,-4.329206648572182,0
Fischer_Whitney_2014b,2,orientation,1.0,-0.2866102835308908,0
Fischer_Whitney_2014b,2,orientation,41.0,-11.486055843568991,0
Fischer_Whitney_2014b,2,orientation,16.0,1.0979327285714078,0
Fischer_Whitney_2014b,2,orientation,3.0,-0.40682690106092423,0
Fischer_Whitney_2014b,2,orientation,79.0,-0.844696210536469,0
Fischer_Whitney_2014b,2,orientation,28.0,1.4080107285199972,0
Fischer_Whitney_2014b,2,orientation,85.0,10.67304357012739,0
Fischer_Whitney_2014b,2,orientation,28.0,-9.100161292150702,0
Fischer_Whitney_2014b,2,orientation,16.0,-3.371540139081091,0
Fischer_Whitney_2014b,2,orientation,52.0,-5.102478113851447,0
Fischer_Whitney_2014b,2,orientation,53.0,8.158902858629915,0
Fischer_Whitney_2014b,2,orientation,33.0,14.099339189649328,0
Fischer_Whitney_2014b,2,orientation,4.0,-0.22892922513113945,0
Fischer_Whitney_2014b,2,orientation,59.0,-0.5604503531292266,0
Fischer_Whitney_2014b,2,orientation,24.0,8.086978823019521,0
Fischer_Whitney_2014b,2,orientation,74.0,-6.918180998241681,0
Fischer_Whitney_2014b,2,orientation,32.0,11.087091488546577,0
Fischer_Whitney_2014b,2,orientation,76.0,1.6842829315911985,0
Fischer_Whitney_2014b,2,orientation,48.0,8.048777939464316,0
Fischer_Whitney_2014b,2,orientation,57.0,13.335399161337435,0
Fischer_Whitney_2014b,2,orientation,90.0,-4.556876823984311,0
Fischer_Whitney_2014b,2,orientation,48.0,-18.32695642987261,0
Fischer_Whitney_2014b,2,orientation,78.0,-3.601793464620016,0
Fischer_Whitney_2014b,2,orientation,27.0,2.3164769258320064,0
Fischer_Whitney_2014b,2,orientation,54.0,-10.295567996116489,0
Fischer_Whitney_2014b,2,orientation,83.0,3.8489620268661895,0
Fischer_Whitney_2014b,2,orientation,48.0,1.8811659683370863,0
Fischer_Whitney_2014b,2,orientation,78.0,-1.9012413117272615,0
Fischer_Whitney_2014b,2,orientation,37.0,16.76719950692963,0
Fischer_Whitney_2014b,2,orientation,5.0,-1.8568375539047253,0
Fischer_Whitney_2014b,2,orientation,86.0,-12.121810682899849,0
Fischer_Whitney_2014b,2,orientation,88.0,-1.2867652924051214,0
Fischer_Whitney_2014b,2,orientation,24.0,-9.820971389756565,0
Fischer_Whitney_2014b,2,orientation,17.0,7.23774376116657,0
Fischer_Whitney_2014b,2,orientation,20.0,6.0303702783927235,0
Fischer_Whitney_2014b,2,orientation,60.0,-0.29026590199367774,0
Fischer_Whitney_2014b,2,orientation,20.0,16.479992193152896,0
Fischer_Whitney_2014b,2,orientation,65.0,3.0375924679092776,0
Fischer_Whitney_2014b,2,orientation,11.0,3.8828493256047096,0
Fischer_Whitney_2014b,2,orientation,20.0,12.94545331956806,0
Fischer_Whitney_2014b,2,orientation,17.0,0.9371480868093869,0
Fischer_Whitney_2014b,2,orientation,53.0,15.263302851340498,0
Fischer_Whitney_2014b,2,orientation,83.0,0.23767512209984432,0
Fischer_Whitney_2014b,2,orientation,70.0,1.1038761094124396,0
Fischer_Whitney_2014b,2,orientation,83.0,-2.9696297216072765,0
Fischer_Whitney_2014b,2,orientation,47.0,1.8938540529578347,0
Fischer_Whitney_2014b,2,orientation,27.0,0.7622562388334302,0
Fischer_Whitney_2014b,2,orientation,55.0,-6.527803644828069,0
Fischer_Whitney_2014b,2,orientation,40.0,2.6119610445928885,0
Fischer_Whitney_2014b,2,orientation,65.0,11.263302851340498,0
Fischer_Whitney_2014b,2,orientation,9.0,6.786173431500913,0
Fischer_Whitney_2014b,2,orientation,89.0,4.840833751979815,0
Fischer_Whitney_2014b,2,orientation,43.0,-8.58544667681069,0
Fischer_Whitney_2014b,2,orientation,72.0,-10.179582948818137,0
Fischer_Whitney_2014b,2,orientation,55.0,-2.848053177316288,0
Fischer_Whitney_2014b,2,orientation,53.0,4.41455332318931,0
Fischer_Whitney_2014b,2,orientation,18.0,11.967248438581478,0
Fischer_Whitney_2014b,2,orientation,18.0,7.58544667681069,0
Fischer_Whitney_2014b,2,orientation,24.0,6.10387610941244,0
Fischer_Whitney_2014b,2,orientation,78.0,6.949067708907975,0
Fischer_Whitney_2014b,2,orientation,55.0,-4.112894111559513,0
Fischer_Whitney_2014b,2,orientation,39.0,0.5278036448280687,0
Fischer_Whitney_2014b,2,orientation,85.0,-4.077559682904081,0
Fischer_Whitney_2014b,2,orientation,61.0,-2.092701799817121,0
Fischer_Whitney_2014b,2,orientation,66.0,-0.08592397623185377,0
Fischer_Whitney_2014b,2,orientation,35.0,4.258970890476618,0
Fischer_Whitney_2014b,2,orientation,20.0,-6.182319429189874,0
Fischer_Whitney_2014b,2,orientation,3.0,-1.6570768850141349,0
Fischer_Whitney_2014b,2,orientation,82.0,7.143162446095275,0
Fischer_Whitney_2014b,2,orientation,17.0,8.407880645385177,0
Fischer_Whitney_2014b,2,orientation,62.0,1.3301661365583044,0
Fischer_Whitney_2014b,2,orientation,14.0,1.7410291095233816,0
Fischer_Whitney_2014b,2,orientation,31.0,-3.550045549616158,0
Fischer_Whitney_2014b,2,orientation,89.0,-4.591989271480003,0
Fischer_Whitney_2014b,2,orientation,54.0,-2.1158956219175877,0
Fischer_Whitney_2014b,2,orientation,1.0,1.3353991613374347,0
Fischer_Whitney_2014b,2,orientation,84.0,-1.3167088266344678,0
Fischer_Whitney_2014b,2,orientation,33.0,5.232800493070371,0
Fischer_Whitney_2014b,2,orientation,29.0,9.75868205767381,0
Fischer_Whitney_2014b,2,orientation,20.0,4.371540139081091,0
Fischer_Whitney_2014b,2,orientation,19.0,9.692763536858848,0
Fischer_Whitney_2014b,2,orientation,31.0,2.4678252677024943,0
Fischer_Whitney_2014b,2,orientation,47.0,-9.048777939464316,0
Fischer_Whitney_2014b,2,orientation,56.0,0.863544553933437,0
Fischer_Whitney_2014b,2,orientation,12.0,3.0982885636998105,0
Fischer_Whitney_2014b,2,orientation,43.0,10.591585228415227,0
Fischer_Whitney_2014b,2,orientation,21.0,-0.7923292314378898,0
Fischer_Whitney_2014b,2,orientation,73.0,0.2566295457166632,0
Fischer_Whitney_2014b,2,orientation,47.0,0.9580029202258373,0
Fischer_Whitney_2014b,2,orientation,69.0,11.550045549616158,0
Fischer_Whitney_2014b,2,orientation,83.0,7.199128623981821,0
Fischer_Whitney_2014b,2,orientation,87.0,3.7915092671875072,0
Fischer_Whitney_2014b,2,orientation,54.0,0.3752033552344045,0
Fischer_Whitney_2014b,2,orientation,12.0,10.298696099217722,0
Fischer_Whitney_2014b,2,orientation,34.0,6.256629545716663,0
Fischer_Whitney_2014b,2,orientation,17.0,6.841097141370085,0
Fischer_Whitney_2014b,2,orientation,12.0,7.255184667485224,0
Fischer_Whitney_2014b,2,orientation,33.0,7.593173098939076,0
Fischer_Whitney_2014b,2,orientation,86.0,3.3880389554071115,0
Fischer_Whitney_2014b,2,orientation,40.0,14.472196355171931,0
Fischer_Whitney_2014b,2,orientation,6.0,24.766134743345376,0
Fischer_Whitney_2014b,2,orientation,14.0,-2.7623248779001557,0
Fischer_Whitney_2014b,2,orientation,50.0,3.9733415724929415,0
Fischer_Whitney_2014b,2,orientation,32.0,-4.121810682899849,0
Fischer_Whitney_2014b,2,orientation,78.0,3.6665313256419836,0
Fischer_Whitney_2014b,2,orientation,7.0,-0.03037027839272355,0
Fischer_Whitney_2014b,2,orientation,56.0,8.330166136558304,0
Fischer_Whitney_2014b,2,orientation,59.0,-3.8995988585362227,0
Fischer_Whitney_2014b,2,orientation,10.0,6.730890488739917,0
Fischer_Whitney_2014b,2,orientation,6.0,7.197098876403757,0
Fischer_Whitney_2014b,2,orientation,72.0,-3.9890301188400343,0
Fischer_Whitney_2014b,2,orientation,84.0,-8.776927990013917,0
Fischer_Whitney_2014b,2,orientation,79.0,-1.9648923507842682,0
Fischer_Whitney_2014b,2,orientation,84.0,12.112894111559513,0
Fischer_Whitney_2014b,2,orientation,77.0,-8.820971389756565,0
Fischer_Whitney_2014b,2,orientation,19.0,6.408010728519997,0
Fischer_Whitney_2014b,2,orientation,55.0,6.544545928782625,0
Fischer_Whitney_2014b,2,orientation,67.0,0.7410291095233816,0
Fischer_Whitney_2014b,2,orientation,78.0,4.399675559497965,0
Fischer_Whitney_2014b,2,orientation,3.0,-6.5915852284152265,0
Fischer_Whitney_2014b,2,orientation,34.0,3.371540139081091,0
Fischer_Whitney_2014b,2,orientation,33.0,1.5935503707612213,0
Fischer_Whitney_2014b,2,orientation,61.0,0.0972448292162369,0
Fischer_Whitney_2014b,2,orientation,30.0,7.100401141463777,0
Fischer_Whitney_2014b,2,orientation,60.0,-4.925005115602957,0
Fischer_Whitney_2014b,2,orientation,22.0,16.668528742018538,0
Fischer_Whitney_2014b,2,orientation,47.0,-8.92577548091272,0
Fischer_Whitney_2014b,2,orientation,56.0,-8.103682649678461,0
Fischer_Whitney_2014b,2,orientation,13.0,-0.19709887640375712,0
Fischer_Whitney_2014b,2,orientation,4.0,2.0266584275070585,0
Fischer_Whitney_2014b,2,orientation,39.0,-5.733523494710084,0
Fischer_Whitney_2014b,2,orientation,82.0,-8.406449629238779,0
Fischer_Whitney_2014b,2,orientation,57.0,2.8811659683370863,0
Fischer_Whitney_2014b,2,orientation,19.0,13.149233160573942,0
Fischer_Whitney_2014b,2,orientation,64.0,6.709734098006322,0
Fischer_Whitney_2014b,2,orientation,74.0,1.1171506743952904,0
Fischer_Whitney_2014b,2,orientation,34.0,14.151946822683712,0
Fischer_Whitney_2014b,2,orientation,24.0,-4.149233160573942,0
Fischer_Whitney_2014b,2,orientation,73.0,-5.3314712579814625,0
Fischer_Whitney_2014b,2,orientation,28.0,-2.899048138179438,0
Fischer_Whitney_2014b,2,orientation,45.0,-2.8507668394260577,0
Fischer_Whitney_2014b,2,orientation,62.0,5.362927306572871,0
Fischer_Whitney_2014b,2,orientation,26.0,8.913021176980479,0
Fischer_Whitney_2014b,2,orientation,45.0,3.3584399297579637,0
Fischer_Whitney_2014b,2,orientation,89.0,-7.813373255871895,0
Fischer_Whitney_2014b,2,orientation,39.0,-9.823466760741638,0
Fischer_Whitney_2014b,2,orientation,17.0,-1.6228033529290542,0
Fischer_Whitney_2014b,2,orientation,69.0,-0.1001612921507018,0
Fischer_Whitney_2014b,2,orientation,60.0,-1.7133897164691092,0
Fischer_Whitney_2014b,2,orientation,78.0,3.1004011414637773,0
Fischer_Whitney_2014b,2,orientation,50.0,0.10789933746389124,0
Fischer_Whitney_2014b,2,orientation,9.0,9.669833863441696,0
Fischer_Whitney_2014b,3,orientation,17.0,-2.687104997278908,0
Fischer_Whitney_2014b,3,orientation,73.0,3.006484882346726,0
Fischer_Whitney_2014b,3,orientation,38.0,2.994599891774641,0
Fischer_Whitney_2014b,3,orientation,82.0,-3.124862299756586,0
Fischer_Whitney_2014b,3,orientation,4.0,10.193657013357495,0
Fischer_Whitney_2014b,3,orientation,48.0,-6.568946776183523,0
Fischer_Whitney_2014b,3,orientation,88.0,-1.7530537243306838,0
Fischer_Whitney_2014b,3,orientation,64.0,-9.854231713207199,0
Fischer_Whitney_2014b,3,orientation,76.0,-7.124862299756586,0
Fischer_Whitney_2014b,3,orientation,61.0,4.853250147386774,0
Fischer_Whitney_2014b,3,orientation,30.0,12.803953519777863,0
Fischer_Whitney_2014b,3,orientation,10.0,2.968637002079305,0
Fischer_Whitney_2014b,3,orientation,15.0,0.7150134999227902,0
Fischer_Whitney_2014b,3,orientation,44.0,6.294366083655802,0
Fischer_Whitney_2014b,3,orientation,35.0,9.567174620219603,0
Fischer_Whitney_2014b,3,orientation,78.0,3.1533828224342244,0
Fischer_Whitney_2014b,3,orientation,88.0,-2.173446956711274,0
Fischer_Whitney_2014b,3,orientation,37.0,17.753053724330684,0
Fischer_Whitney_2014b,3,orientation,38.0,-5.306753468855618,0
Fischer_Whitney_2014b,3,orientation,87.0,16.865664488610804,0
Fischer_Whitney_2014b,3,orientation,5.0,-1.2289813877373348,0
Fischer_Whitney_2014b,3,orientation,85.0,1.4546353471954347,0
Fischer_Whitney_2014b,3,orientation,87.0,0.9187045738010795,0
Fischer_Whitney_2014b,3,orientation,52.0,9.560920088580886,0
Fischer_Whitney_2014b,3,orientation,79.0,-3.8611596804795454,0
Fischer_Whitney_2014b,3,orientation,48.0,-4.073827775869944,0
Fischer_Whitney_2014b,3,orientation,21.0,9.31398637417449,0
Fischer_Whitney_2014b,3,orientation,5.0,1.9623711970467212,0
Fischer_Whitney_2014b,3,orientation,51.0,-3.4357473169499855,0
Fischer_Whitney_2014b,3,orientation,66.0,-10.33092507122575,0
Fischer_Whitney_2014b,3,orientation,1.0,6.865664488610804,0
Fischer_Whitney_2014b,3,orientation,62.0,21.61587335648599,0
Fischer_Whitney_2014b,3,orientation,72.0,3.260833712163034,0
Fischer_Whitney_2014b,3,orientation,22.0,-10.640955191483528,0
Fischer_Whitney_2014b,3,orientation,30.0,-0.826553043288726,0
Fischer_Whitney_2014b,3,orientation,51.0,-0.01132321261546565,0
Fischer_Whitney_2014b,3,orientation,62.0,-6.600240603506492,0
Fischer_Whitney_2014b,3,orientation,61.0,-5.668890664657965,0
Fischer_Whitney_2014b,3,orientation,65.0,0.01995210715726614,0
Fischer_Whitney_2014b,3,orientation,38.0,2.633347326629803,0
Fischer_Whitney_2014b,3,orientation,2.0,-0.15395973724542955,0
Fischer_Whitney_2014b,3,orientation,46.0,0.4670287235579451,0
Fischer_Whitney_2014b,3,orientation,43.0,-24.374599277788008,1
Fischer_Whitney_2014b,3,orientation,48.0,-8.803953519777863,0
Fischer_Whitney_2014b,3,orientation,31.0,2.107718192093998,0
Fischer_Whitney_2014b,3,orientation,30.0,14.951474747271462,0
Fischer_Whitney_2014b,3,orientation,25.0,7.674212561731068,0
Fischer_Whitney_2014b,3,orientation,29.0,6.8327266278068635,0
Fischer_Whitney_2014b,3,orientation,90.0,-18.398812916235187,0
Fischer_Whitney_2014b,3,orientation,44.0,2.5642526830500145,0
Fischer_Whitney_2014b,3,orientation,16.0,9.187365141367223,0
Fischer_Whitney_2014b,3,orientation,46.0,41.28899491594746,0
Fischer_Whitney_2014b,3,orientation,67.0,6.29565878398644,0
Fischer_Whitney_2014b,3,orientation,36.0,1.5267786445971723,0
Fischer_Whitney_2014b,3,orientation,9.0,-13.568946776183523,0
Fischer_Whitney_2014b,3,orientation,89.0,-5.817627481813503,0
Fischer_Whitney_2014b,3,orientation,6.0,-2.7954759984095006,0
Fischer_Whitney_2014b,3,orientation,70.0,14.361523643334053,0
Fischer_Whitney_2014b,3,orientation,48.0,1.3582359821456862,0
Fischer_Whitney_2014b,3,orientation,9.0,0.00540010822535919,0
Fischer_Whitney_2014b,3,orientation,55.0,4.640955191483528,0
Fischer_Whitney_2014b,3,orientation,17.0,3.980047892842734,0
Fischer_Whitney_2014b,3,orientation,56.0,-7.71501349992279,0
Fischer_Whitney_2014b,3,orientation,69.0,0.7954759984095006,0
Fischer_Whitney_2014b,3,orientation,26.0,4.425699315429199,0
Fischer_Whitney_2014b,3,orientation,69.0,-2.3808660804906623,0
Fischer_Whitney_2014b,3,orientation,3.0,-5.846617177565776,0
Fischer_Whitney_2014b,3,orientation,49.0,-1.5364953871778084,0
Fischer_Whitney_2014b,3,orientation,61.0,7.384126643513994,0
Fischer_Whitney_2014b,3,orientation,30.0,1.9024542684311,0
Fischer_Whitney_2014b,3,orientation,3.0,-6.08885193564285,0
Fischer_Whitney_2014b,3,orientation,50.0,2.3988129162351868,0
Fischer_Whitney_2014b,3,orientation,51.0,14.117636957398034,0
Fischer_Whitney_2014b,3,orientation,74.0,-4.494819208047588,0
Fischer_Whitney_2014b,3,orientation,26.0,5.761482561703772,0
Fischer_Whitney_2014b,3,orientation,67.0,8.24657951839319,0
Fischer_Whitney_2014b,3,orientation,60.0,-7.1873651413672235,0
Fischer_Whitney_2014b,3,orientation,38.0,-6.7361544409971685,0
Fischer_Whitney_2014b,3,orientation,11.0,9.505180791952412,0
Fischer_Whitney_2014b,3,orientation,68.0,2.9288436087113467,0
Fischer_Whitney_2014b,3,orientation,76.0,-2.512788569984778,0
Fischer_Whitney_2014b,3,orientation,75.0,-4.411261350286679,0
Fischer_Whitney_2014b,3,orientation,7.0,-1.0647426458328084,0
Fischer_Whitney_2014b,3,orientation,89.0,0.19134511203610316,0
Fischer_Whitney_2014b,3,orientation,83.0,3.6945636815621867,0
Fischer_Whitney_2014b,3,orientation,17.0,5.410735318346681,0
Fischer_Whitney_2014b,3,orientation,65.0,-6.620964742129743,0
Fischer_Whitney_2014b,3,orientation,30.0,0.7614825617037724,0
Fischer_Whitney_2014b,3,orientation,22.0,-6.516912319433132,0
Fischer_Whitney_2014b,3,orientation,65.0,-1.3315718162429988,0
Fischer_Whitney_2014b,3,orientation,14.0,-6.962507225596738,0
Fischer_Whitney_2014b,3,orientation,20.0,-1.7110050840525446,0
Fischer_Whitney_2014b,3,orientation,36.0,0.6118385722114823,0
Fischer_Whitney_2014b,3,orientation,76.0,1.7246006788570014,0
Fischer_Whitney_2014b,3,orientation,20.0,-0.5368471426956347,0
Fischer_Whitney_2014b,3,orientation,20.0,4.993515117653274,0
Fischer_Whitney_2014b,3,orientation,65.0,12.325787438268932,0
Fischer_Whitney_2014b,3,orientation,75.0,4.4357473169499855,0
Fischer_Whitney_2014b,3,orientation,2.0,7.084727786890184,0
Fischer_Whitney_2014b,3,orientation,14.0,-6.07828514383371,0
Fischer_Whitney_2014b,3,orientation,31.0,10.601593030437243,0
Fischer_Whitney_2014b,3,orientation,56.0,-4.209511246488319,0
Fischer_Whitney_2014b,3,orientation,68.0,3.739166287836966,0
Fischer_Whitney_2014b,3,orientation,44.0,9.817627481813503,0
Fischer_Whitney_2014b,3,orientation,78.0,-16.995420476705718,0
Fischer_Whitney_2014b,3,orientation,71.0,5.699948567821593,0
Fischer_Whitney_2014b,3,orientation,88.0,-18.718174310822008,0
Fischer_Whitney_2014b,3,orientation,74.0,-7.751215731550019,0
Fischer_Whitney_2014b,3,orientation,89.0,3.641764017854314,0
Fischer_Whitney_2014b,3,orientation,13.0,-2.892281807906002,0
Fischer_Whitney_2014b,3,orientation,26.0,-5.052443801653553,0
Fischer_Whitney_2014b,3,orientation,48.0,-4.4105213363819615,0
Fischer_Whitney_2014b,3,orientation,80.0,16.92808838824665,0
Fischer_Whitney_2014b,3,orientation,42.0,-8.288994915947455,0
Fischer_Whitney_2014b,3,orientation,57.0,4.204524001590499,0
Fischer_Whitney_2014b,3,orientation,1.0,0.675349019047772,0
Fischer_Whitney_2014b,3,orientation,13.0,4.138840319520455,0
Fischer_Whitney_2014b,3,orientation,45.0,-0.7152650012096586,0
Fischer_Whitney_2014b,3,orientation,47.0,18.53016692118578,0
Fischer_Whitney_2014b,3,orientation,55.0,2.6191339195093377,0
Fischer_Whitney_2014b,3,orientation,9.0,2.8046720509570093,0
Fischer_Whitney_2014b,3,orientation,6.0,0.7642699889999136,0
Fischer_Whitney_2014b,3,orientation,35.0,4.4357473169499855,0
Fischer_Whitney_2014b,3,orientation,70.0,3.107718192093998,0
Fischer_Whitney_2014b,3,orientation,35.0,18.638476356665947,0
Fischer_Whitney_2014b,3,orientation,1.0,-1.2465795183931903,0
Fischer_Whitney_2014b,3,orientation,49.0,4.0037667582951855,0
Fischer_Whitney_2014b,3,orientation,10.0,-2.5671746202196033,0
Fischer_Whitney_2014b,3,orientation,25.0,-1.7110050840525446,0
Fischer_Whitney_2014b,3,orientation,23.0,-2.2283286162045073,0
Fischer_Whitney_2014b,3,orientation,21.0,-1.2847349987903414,0
Fischer_Whitney_2014b,3,orientation,60.0,0.19134511203610316,0
Fischer_Whitney_2014b,3,orientation,64.0,0.4635046128221916,0
Fischer_Whitney_2014b,3,orientation,72.0,-23.95147474727146,0
Fischer_Whitney_2014b,3,orientation,70.0,1.7530537243306838,0
Fischer_Whitney_2014b,3,orientation,49.0,-6.803953519777863,0
Fischer_Whitney_2014b,3,orientation,42.0,-9.314286726965918,0
Fischer_Whitney_2014b,3,orientation,31.0,-19.27097215812229,0
Fischer_Whitney_2014b,3,orientation,89.0,2.358235982145686,0
Fischer_Whitney_2014b,3,orientation,53.0,-2.771018612262665,0
Fischer_Whitney_2014b,3,orientation,55.0,4.918499407145887,0
Fischer_Whitney_2014b,3,orientation,15.0,6.107718192093998,0
Fischer_Whitney_2014b,3,orientation,43.0,4.354515328421613,0
Fischer_Whitney_2014b,3,orientation,29.0,6.242643881695031,0
Fischer_Whitney_2014b,3,orientation,51.0,8.994164883672525,0
Fischer_Whitney_2014b,3,orientation,6.0,1.173446956711274,0
Fischer_Whitney_2014b,3,orientation,25.0,4.705633916344198,0
Fischer_Whitney_2014b,3,orientation,59.0,-5.625235407408979,0
Fischer_Whitney_2014b,3,orientation,75.0,-2.4244607632415693,0
Fischer_Whitney_2014b,3,orientation,49.0,8.011776643907965,0
Fischer_Whitney_2014b,3,orientation,58.0,1.0753583729154599,0
Fischer_Whitney_2014b,3,orientation,82.0,3.989850355077891,0
Fischer_Whitney_2014b,3,orientation,83.0,8.375852120716232,0
Fischer_Whitney_2014b,3,orientation,27.0,4.314286726965918,0
Fischer_Whitney_2014b,3,orientation,48.0,1.0683266191835088,0
Fischer_Whitney_2014b,3,orientation,61.0,9.570864756847868,0
Fischer_Whitney_2014b,3,orientation,7.0,2.073827775869944,0
Fischer_Whitney_2014b,3,orientation,46.0,14.010149644922109,0
Fischer_Whitney_2014b,3,orientation,21.0,-9.50931667714626,0
Fischer_Whitney_2014b,3,orientation,32.0,11.191345112036103,0
Fischer_Whitney_2014b,3,orientation,79.0,9.841276334425146,0
Fischer_Whitney_2014b,3,orientation,13.0,6.248784268449981,0
Fischer_Whitney_2014b,3,orientation,36.0,-4.011323212615466,0
Fischer_Whitney_2014b,3,orientation,25.0,6.195327949042991,0
Fischer_Whitney_2014b,3,orientation,54.0,16.334219008735175,0
Fischer_Whitney_2014b,3,orientation,74.0,5.968637002079305,0
Fischer_Whitney_2014b,3,orientation,36.0,3.2095112464883186,0
Fischer_Whitney_2014b,3,orientation,54.0,-5.694563681562187,0
Fischer_Whitney_2014b,3,orientation,45.0,-8.463969169500785,0
Fischer_Whitney_2014b,3,orientation,49.0,-5.432825379780397,0
Fischer_Whitney_2014b,3,orientation,1.0,-5.099588445350079,0
Fischer_Whitney_2014b,3,orientation,12.0,6.611838572211482,0
Fischer_Whitney_2014b,3,orientation,83.0,8.641764017854314,0
Fischer_Whitney_2014b,3,orientation,15.0,12.639058781075406,0
Fischer_Whitney_2014b,3,orientation,33.0,1.8039535197778633,0
Fischer_Whitney_2014b,3,orientation,8.0,1.512788569984778,0
Fischer_Whitney_2014b,3,orientation,44.0,-1.2549534552641006,0
Fischer_Whitney_2014b,3,orientation,57.0,11.439079911419114,0
Fischer_Whitney_2014b,3,orientation,76.0,-5.8126348586327765,0
Fischer_Whitney_2014b,3,orientation,19.0,8.2549534552641,0
Fischer_Whitney_2014b,3,orientation,29.0,6.852411163236127,0
Fischer_Whitney_2014b,3,orientation,80.0,5.306215973552796,0
Fischer_Whitney_2014b,3,orientation,36.0,11.07828514383371,0
Fischer_Whitney_2014b,3,orientation,43.0,3.1323177642451583,0
Fischer_Whitney_2014b,3,orientation,76.0,-4.841276334425132,0
Fischer_Whitney_2014b,3,orientation,11.0,-6.668428183757001,0
Fischer_Whitney_2014b,3,orientation,62.0,3.5222623652861245,0
Fischer_Whitney_2014b,3,orientation,6.0,10.191345112036103,0
Fischer_Whitney_2014b,3,orientation,64.0,-7.536495387177808,0
Fischer_Whitney_2014b,3,orientation,30.0,2.9004115546499207,0
Fischer_Whitney_2014b,3,orientation,28.0,-10.33092507122575,0
Fischer_Whitney_2014b,3,orientation,59.0,-3.74094791787374,0
Fischer_Whitney_2014b,3,orientation,27.0,-3.2861679467121547,0
Fischer_Whitney_2014b,3,orientation,65.0,20.158723665574854,0
Fischer_Whitney_2014b,3,orientation,9.0,-4.123217774358949,0
Fischer_Whitney_2014b,3,orientation,65.0,-6.877543180154859,0
Fischer_Whitney_2014b,3,orientation,48.0,-66.99416488367252,1
Fischer_Whitney_2014b,3,orientation,73.0,-12.145768286792801,0
Fischer_Whitney_2014b,3,orientation,65.0,6.182372518186497,0
Fischer_Whitney_2014b,3,orientation,2.0,4.625235407408979,0
Fischer_Whitney_2014b,3,orientation,58.0,-2.931673380816491,0
Fischer_Whitney_2014b,3,orientation,7.0,14.380866080490662,0
Fischer_Whitney_2014b,3,orientation,15.0,5.384126643513994,0
Fischer_Whitney_2014b,3,orientation,25.0,3.3067534688556037,0
Fischer_Whitney_2014b,3,orientation,52.0,7.954698545120138,0
Fischer_Whitney_2014b,3,orientation,82.0,17.57020510677026,0
Fischer_Whitney_2014b,3,orientation,74.0,7.693784026447204,0
Fischer_Whitney_2014b,3,orientation,55.0,-3.6209647421297433,0
Fischer_Whitney_2014b,3,orientation,27.0,2.532971276442055,0
Fischer_Whitney_2014b,3,orientation,87.0,-2.005835116327475,0
Fischer_Whitney_2014b,3,orientation,84.0,-3.8676822357548417,0
Fischer_Whitney_2014b,3,orientation,21.0,16.279114887754275,0
Fischer_Whitney_2014b,3,orientation,54.0,5.242643881695031,0
Fischer_Whitney_2014b,3,orientation,59.0,2.641764017854314,0
Fischer_Whitney_2014b,3,orientation,81.0,7.954698545120138,0
Fischer_Whitney_2014b,3,orientation,11.0,4.374764592591021,0
Fischer_Whitney_2014b,3,orientation,43.0,-8.668428183757001,0
Fischer_Whitney_2014b,3,orientation,90.0,-0.4670287235579451,0
Fischer_Whitney_2014b,3,orientation,80.0,15.68601362582551,0
Fischer_Whitney_2014b,3,orientation,69.0,4.4729013593466505,0
Fischer_Whitney_2014b,3,orientation,88.0,13.134335511389196,0
Fischer_Whitney_2014b,3,orientation,54.0,-16.182372518186497,0
Fischer_Whitney_2014b,3,orientation,76.0,8.310851537142682,0
Fischer_Whitney_2014b,3,orientation,76.0,-18.720959151575812,0
Fischer_Whitney_2014b,3,orientation,80.0,3.1533828224342244,0
Fischer_Whitney_2014b,3,orientation,34.0,-11.674212561731068,0
Fischer_Whitney_2014b,3,orientation,30.0,4.638476356665947,0
Fischer_Whitney_2014b,3,orientation,55.0,4.275399321142999,0
Fischer_Whitney_2014b,3,orientation,1.0,21.031362997920695,0
Fischer_Whitney_2014b,3,orientation,55.0,-5.324650980952228,0
Fischer_Whitney_2014b,3,orientation,77.0,0.31783677683918654,0
Fischer_Whitney_2014b,3,orientation,73.0,-9.246946275669316,0
Fischer_Whitney_2014b,3,orientation,26.0,-1.0572315041300442,0
Fischer_Whitney_2014b,3,orientation,85.0,0.3708639174890891,0
Fischer_Whitney_2014b,3,orientation,19.0,-48.42446076324157,1
Fischer_Whitney_2014b,3,orientation,49.0,-14.720959151575812,0
Fischer_Whitney_2014b,3,orientation,2.0,21.305436318437813,0
Fischer_Whitney_2014b,3,orientation,13.0,4.411261350286679,0
Fischer_Whitney_2014b,3,orientation,69.0,-0.8466171775657756,0
Fischer_Whitney_2014b,3,orientation,10.0,15.867682235754842,0
Fischer_Whitney_2014b,3,orientation,20.0,14.505180791952412,0
Fischer_Whitney_2014b,3,orientation,63.0,14.573901348874529,0
Fischer_Whitney_2014b,3,orientation,23.0,-26.638476356665947,0
Fischer_Whitney_2014b,3,orientation,29.0,19.07191161175335,0
Fischer_Whitney_2014b,3,orientation,31.0,10.931673380816477,0
Fischer_Whitney_2014b,3,orientation,27.0,-8.360941218924594,0
Fischer_Whitney_2014b,3,orientation,77.0,-14.425699315429199,0
Fischer_Whitney_2014b,3,orientation,57.0,-3.4244607632415693,0
Fischer_Whitney_2014b,3,orientation,86.0,0.8212193178378868,0
Fischer_Whitney_2014b,3,orientation,21.0,5.07535837291546,0
Fischer_Whitney_2014b,3,orientation,19.0,-2.0113232126154656,0
Fischer_Whitney_2014b,3,orientation,49.0,13.384126643513994,0
Fischer_Whitney_2014b,3,orientation,81.0,5.588738649713321,0
Fischer_Whitney_2014b,3,orientation,19.0,21.826553043288726,0
Fischer_Whitney_2014b,3,orientation,88.0,2.931673380816491,0
Fischer_Whitney_2014b,3,orientation,57.0,1.9217148561662896,0
Fischer_Whitney_2014b,3,orientation,29.0,-4.854117398324632,0
Fischer_Whitney_2014b,3,orientation,18.0,9.539765979726383,0
Fischer_Whitney_2014b,3,orientation,52.0,2.7043412160135603,0
Fischer_Whitney_2014b,3,orientation,74.0,11.782871247011215,0
Fischer_Whitney_2014b,3,orientation,21.0,-2.242643881695031,0
Fischer_Whitney_2014b,3,orientation,53.0,-7.260833712163034,0
Fischer_Whitney_2014b,3,orientation,86.0,-8.196046480222137,0
Fischer_Whitney_2014b,3,orientation,58.0,-0.31783677683918654,0
Fischer_Whitney_2014b,3,orientation,66.0,-6.132317764245158,0
Fischer_Whitney_2014b,3,orientation,81.0,2.124862299756586,0
Fischer_Whitney_2014b,3,orientation,81.0,5.132317764245158,0
Fischer_Whitney_2014b,3,orientation,45.0,-0.1344914319059285,0
Fischer_Whitney_2014b,3,orientation,43.0,-0.8046720509570093,0
Fischer_Whitney_2014b,3,orientation,37.0,4.463504612822192,0
Fischer_Whitney_2014b,3,orientation,46.0,-5.380866080490662,0
Fischer_Whitney_2014b,3,orientation,33.0,-5.512502531369336,0
Fischer_Whitney_2014b,3,orientation,32.0,14.640955191483528,0
Fischer_Whitney_2014b,3,orientation,73.0,0.4631528573043653,0
Fischer_Whitney_2014b,3,orientation,37.0,5.74094791787374,0
Fischer_Whitney_2014b,3,orientation,57.0,13.724600678857001,0
Fischer_Whitney_2014b,3,orientation,37.0,10.209511246488319,0
Fischer_Whitney_2014b,3,orientation,9.0,0.26384555900283146,0
Fischer_Whitney_2014b,3,orientation,39.0,2.7480598734938155,0
Fischer_Whitney_2014b,3,orientation,75.0,8.865508568094072,0
Fischer_Whitney_2014b,3,orientation,70.0,-9.496859404494174,0
Fischer_Whitney_2014b,3,orientation,1.0,-0.31783677683918654,0
Fischer_Whitney_2014b,3,orientation,46.0,14.29565878398644,0
Fischer_Whitney_2014b,3,orientation,42.0,6.055467976946403,0
Fischer_Whitney_2014b,3,orientation,16.0,7.912433329067966,0
Fischer_Whitney_2014b,3,orientation,15.0,-9.463969169500785,0
Fischer_Whitney_2014b,3,orientation,75.0,-7.182372518186497,0
Fischer_Whitney_2014b,3,orientation,16.0,9.996233241704815,0
Fischer_Whitney_2014b,3,orientation,84.0,8.641764017854314,0
Fischer_Whitney_2014b,3,orientation,68.0,-0.8176274818135028,0
Fischer_Whitney_2014b,3,orientation,47.0,-3.4598623902614634,0
Fischer_Whitney_2014b,3,orientation,60.0,11.954698545120138,0
Fischer_Whitney_2014b,3,orientation,27.0,-1.7450465447358994,0
Fischer_Whitney_2014b,3,orientation,81.0,2.763084397817167,0
Fischer_Whitney_2014b,3,orientation,5.0,5.122456819845141,0
Fischer_Whitney_2014b,3,orientation,53.0,6.693784026447204,0
Fischer_Whitney_2014b,3,orientation,22.0,16.611838572211468,0
Fischer_Whitney_2014b,3,orientation,31.0,-4.331109335342035,0
Fischer_Whitney_2014b,3,orientation,66.0,-1.387803905949454,0
Fischer_Whitney_2014b,3,orientation,25.0,7.5360308304992145,0
Fischer_Whitney_2014b,3,orientation,77.0,-4.625400722211992,0
Fischer_Whitney_2014b,3,orientation,20.0,-3.5051807919524123,0
Fischer_Whitney_2014b,3,orientation,25.0,12.865508568094072,0
Fischer_Whitney_2014b,3,orientation,1.0,-14.62523540740898,0
Fischer_Whitney_2014b,3,orientation,45.0,2.852411163236127,0
Fischer_Whitney_2014b,3,orientation,28.0,5.011323212615466,0
Fischer_Whitney_2014b,3,orientation,57.0,-2.005835116327475,0
Fischer_Whitney_2014b,3,orientation,86.0,1.477238976791611,0
Fischer_Whitney_2014b,3,orientation,26.0,10.483087680566868,0
Fischer_Whitney_2014b,3,orientation,1.0,1.4297948932297402,0
Fischer_Whitney_2014b,3,orientation,88.0,5.270972158122291,0
Fischer_Whitney_2014b,3,orientation,9.0,-10.398406969562757,0
Fischer_Whitney_2014b,3,orientation,46.0,-5.745046544735899,0
Fischer_Whitney_2014b,3,orientation,64.0,8.612196094050546,0
Fischer_Whitney_2014b,3,orientation,23.0,-8.90041155464992,0
Fischer_Whitney_2014b,3,orientation,23.0,0.612196094050546,0
Fischer_Whitney_2014b,3,orientation,70.0,1.6456388805145252,0
Fischer_Whitney_2014b,3,orientation,43.0,10.279114887754275,0
Fischer_Whitney_2014b,3,orientation,17.0,1.2357300110000864,0
Fischer_Whitney_2014b,3,orientation,2.0,0.7614825617037724,0
Fischer_Whitney_2014b,3,orientation,10.0,11.512788569984778,0
Fischer_Whitney_2014b,3,orientation,35.0,15.366652673370197,0
Fischer_Whitney_2014b,3,orientation,54.0,-3.6011870837648132,0
Fischer_Whitney_2014b,3,orientation,30.0,3.429135243152132,0
Fischer_Whitney_2014b,3,orientation,45.0,-15.36326172812582,0
Fischer_Whitney_2014b,3,orientation,63.0,2.532971276442055,0
Fischer_Whitney_2014b,3,orientation,87.0,6.994164883672525,0
Fischer_Whitney_2014b,3,orientation,61.0,16.600240603506492,0
Fischer_Whitney_2014b,3,orientation,89.0,0.7828712470112151,0
Fischer_Whitney_2014b,3,orientation,86.0,-0.48749746863066434,0
Fischer_Whitney_2014b,3,orientation,13.0,1.4297948932297402,0
Fischer_Whitney_2014b,3,orientation,16.0,1.7181743108220218,0
Fischer_Whitney_2014b,3,orientation,75.0,5.539765979726383,0
Fischer_Whitney_2014b,3,orientation,15.0,15.187365141367223,0
Fischer_Whitney_2014b,3,orientation,16.0,-7.4357473169499855,0
Fischer_Whitney_2014b,3,orientation,67.0,15.926172224130056,0
Fischer_Whitney_2014b,3,orientation,25.0,15.037492774403262,0
Fischer_Whitney_2014b,3,orientation,7.0,18.06474264583281,0
Fischer_Whitney_2014b,3,orientation,60.0,-1.8823630426019662,0
Fischer_Whitney_2014b,3,orientation,33.0,3.7110050840525446,0
Fischer_Whitney_2014b,3,orientation,5.0,4.926172224130056,0
Fischer_Whitney_2014b,3,orientation,76.0,-9.761482561703772,0
Fischer_Whitney_2014b,3,orientation,1.0,13.619133919509338,0
Fischer_Whitney_2014b,3,orientation,1.0,-6.761482561703772,0
Fischer_Whitney_2014b,3,orientation,65.0,-21.41126135028668,0
Fischer_Whitney_2014b,3,orientation,85.0,5.010149644922109,0
Fischer_Whitney_2014b,3,orientation,18.0,-6.968637002079305,0
Fischer_Whitney_2014b,3,orientation,66.0,-1.134335511389196,0
Fischer_Whitney_2014b,3,orientation,71.0,-9.052443801653553,0
Fischer_Whitney_2014b,3,orientation,36.0,-3.2955872668627535,0
Fischer_Whitney_2014b,3,orientation,3.0,8.331109335342035,0
Fischer_Whitney_2014b,3,orientation,85.0,-2.1325808389737517,0
Fischer_Whitney_2014b,3,orientation,73.0,4.854117398324632,0
Fischer_Whitney_2014b,3,orientation,80.0,4.6821632231608135,0
Fischer_Whitney_2014b,3,orientation,47.0,6.876782225641051,0
Fischer_Whitney_2014b,3,orientation,28.0,-2.4635046128221916,0
Fischer_Whitney_2014b,3,orientation,19.0,6.494819208047588,0
Fischer_Whitney_2014b,3,orientation,90.0,22.964668949913246,0
Fischer_Whitney_2014b,3,orientation,87.0,4.799361940959528,0
Fischer_Whitney_2014b,3,orientation,54.0,1.4300157088067067,0
Fischer_Whitney_2014b,3,orientation,18.0,6.275399321142999,0
Fischer_Whitney_2014b,3,orientation,45.0,-1.6688906646579653,0
Fischer_Whitney_2014b,3,orientation,10.0,10.7954759984095,0
Fischer_Whitney_2014b,3,orientation,45.0,18.688704066506602,0
Fischer_Whitney_2014b,3,orientation,41.0,7.539765979726383,0
Fischer_Whitney_2014b,3,orientation,22.0,2.187576702112665,0
Fischer_Whitney_2014b,3,orientation,41.0,4.228535051065791,0
Fischer_Whitney_2014b,3,orientation,89.0,-0.48749746863066434,0
Fischer_Whitney_2014b,3,orientation,75.0,1.2709721581222908,0
Fischer_Whitney_2014b,3,orientation,78.0,1.5699842911932933,0
Fischer_Whitney_2014b,3,orientation,43.0,8.629136082510911,0
Fischer_Whitney_2014b,3,orientation,31.0,-15.90041155464992,0
Fischer_Whitney_2014b,3,orientation,69.0,1.1323177642451583,0
Fischer_Whitney_2014b,3,orientation,26.0,0.3311093353420347,0
Fischer_Whitney_2014b,3,orientation,70.0,2.134335511389196,0
Fischer_Whitney_2014b,3,orientation,77.0,4.380866080490662,0
Fischer_Whitney_2014b,3,orientation,52.0,13.865508568094072,0
Fischer_Whitney_2014b,3,orientation,6.0,-5.463504612822192,0
Fischer_Whitney_2014b,3,orientation,70.0,-0.1666965522533559,0
Fischer_Whitney_2014b,3,orientation,42.0,-2.123217774358949,0
Fischer_Whitney_2014b,3,orientation,1.0,-4.935257354167192,0
Fischer_Whitney_2014b,3,orientation,18.0,8.530166921185781,0
Fischer_Whitney_2014b,3,orientation,34.0,-1.0376288029532788,0
Fischer_Whitney_2014b,3,orientation,66.0,-5.125542627091178,0
Fischer_Whitney_2014b,3,orientation,77.0,-0.5755392367584307,0
Fischer_Whitney_2014b,3,orientation,8.0,4.236915602182833,0
Fischer_Whitney_2014b,3,orientation,87.0,-8.625400722211992,0
Fischer_Whitney_2014b,3,orientation,67.0,7.75342048160681,0
Fischer_Whitney_2014b,3,orientation,35.0,9.694563681562187,0
Fischer_Whitney_2014b,3,orientation,13.0,0.19365701335749463,0
Fischer_Whitney_2014b,3,orientation,66.0,-10.213143306986197,0
Fischer_Whitney_2014b,3,orientation,5.0,4.620964742129743,0
Fischer_Whitney_2014b,3,orientation,62.0,11.146749852613226,0
Fischer_Whitney_2014b,3,orientation,9.0,2.560920088580886,0
Fischer_Whitney_2014b,3,orientation,32.0,18.42446076324157,0
Fischer_Whitney_2014b,3,orientation,18.0,10.281825689177978,0
Fischer_Whitney_2014b,3,orientation,86.0,-6.228535051065791,0
Fischer_Whitney_2014b,3,orientation,26.0,0.17878068216211318,0
Fischer_Whitney_2014b,3,orientation,69.0,-10.312895002721092,0
Fischer_Whitney_2014b,3,orientation,18.0,20.841276334425146,0
Fischer_Whitney_2014b,3,orientation,13.0,17.24878426844998,0
Fischer_Whitney_2014b,3,orientation,75.0,-9.011776643907965,0
Fischer_Whitney_2014b,3,orientation,45.0,-2.509316677146259,0
Fischer_Whitney_2014b,3,orientation,60.0,-8.751215731550019,0
Fischer_Whitney_2014b,3,orientation,87.0,15.251940126506184,0
Fischer_Whitney_2014b,3,orientation,82.0,-3.4328253797803967,0
Fischer_Whitney_2014b,3,orientation,60.0,-6.5270986406533495,0
Fischer_Whitney_2014b,3,orientation,12.0,11.505180791952412,0
Fischer_Whitney_2014b,3,orientation,39.0,6.724600678857001,0
Fischer_Whitney_2014b,3,orientation,63.0,8.073827775869944,0
Fischer_Whitney_2014b,3,orientation,37.0,-6.624147879283768,0
Fischer_Whitney_2014b,3,orientation,28.0,-3.242643881695031,0
Fischer_Whitney_2014b,3,orientation,55.0,3.9288436087113467,0
Fischer_Whitney_2014b,3,orientation,70.0,10.790488753511681,0
Fischer_Whitney_2014b,3,orientation,41.0,6.588738649713321,0
Fischer_Whitney_2014b,3,orientation,52.0,-49.95147474727145,1
Fischer_Whitney_2014b,3,orientation,17.0,8.312895002721092,0
Fischer_Whitney_2014b,3,orientation,73.0,18.006484882346726,0
Fischer_Whitney_2014b,3,orientation,38.0,-3.005400108225359,0
Fischer_Whitney_2014b,3,orientation,82.0,-6.124862299756586,0
Fischer_Whitney_2014b,3,orientation,4.0,-1.8063429866425054,0
Fischer_Whitney_2014b,3,orientation,48.0,9.431053223816477,0
Fischer_Whitney_2014b,3,orientation,88.0,-7.753053724330684,0
Fischer_Whitney_2014b,3,orientation,64.0,-12.854231713207199,0
Fischer_Whitney_2014b,3,orientation,76.0,15.875137700243414,0
Fischer_Whitney_2014b,3,orientation,61.0,32.85325014738678,1
Fischer_Whitney_2014b,3,orientation,30.0,-4.196046480222137,0
Fischer_Whitney_2014b,3,orientation,10.0,-3.031362997920695,0
Fischer_Whitney_2014b,3,orientation,15.0,-16.28498650007721,0
Fischer_Whitney_2014b,3,orientation,44.0,-2.7056339163441976,0
Fischer_Whitney_2014b,3,orientation,35.0,-5.432825379780397,0
Fischer_Whitney_2014b,3,orientation,78.0,10.153382822434224,0
Fischer_Whitney_2014b,3,orientation,88.0,-1.173446956711274,0
Fischer_Whitney_2014b,3,orientation,37.0,-10.246946275669316,0
Fischer_Whitney_2014b,3,orientation,38.0,7.693246531144382,0
Fischer_Whitney_2014b,3,orientation,87.0,5.865664488610804,0
Fischer_Whitney_2014b,3,orientation,5.0,-89.22898138773735,1
Fischer_Whitney_2014b,3,orientation,85.0,0.45463534719543475,0
Fischer_Whitney_2014b,3,orientation,87.0,-7.0812954261989205,0
Fischer_Whitney_2014b,3,orientation,52.0,2.560920088580886,0
Fischer_Whitney_2014b,3,orientation,79.0,-0.8611596804795454,0
Fischer_Whitney_2014b,3,orientation,48.0,25.926172224130056,0
Fischer_Whitney_2014b,3,orientation,21.0,-73.68601362582551,1
Fischer_Whitney_2014b,3,orientation,5.0,-2.0376288029532788,0
Fischer_Whitney_2014b,3,orientation,51.0,10.564252683050015,0
Fischer_Whitney_2014b,3,orientation,66.0,10.66907492877425,0
Fischer_Whitney_2014b,3,orientation,1.0,37.865664488610804,0
Fischer_Whitney_2014b,3,orientation,62.0,-18.38412664351401,0
Fischer_Whitney_2014b,3,orientation,72.0,-9.739166287836966,0
Fischer_Whitney_2014b,3,orientation,22.0,6.359044808516472,0
Fischer_Whitney_2014b,3,orientation,30.0,-20.826553043288726,0
Fischer_Whitney_2014b,3,orientation,51.0,2.9886767873845344,0
Fischer_Whitney_2014b,3,orientation,62.0,3.399759396493508,0
Fischer_Whitney_2014b,3,orientation,61.0,-3.6688906646579653,0
Fischer_Whitney_2014b,3,orientation,65.0,-1.9800478928427339,0
Fischer_Whitney_2014b,3,orientation,38.0,14.633347326629803,0
Fischer_Whitney_2014b,3,orientation,2.0,17.84604026275457,0
Fischer_Whitney_2014b,3,orientation,46.0,20.467028723557945,1
Fischer_Whitney_2014b,3,orientation,43.0,-11.374599277788008,0
Fischer_Whitney_2014b,3,orientation,48.0,-12.803953519777863,0
Fischer_Whitney_2014b,3,orientation,31.0,-5.892281807906002,0
Fischer_Whitney_2014b,3,orientation,30.0,-17.04852525272854,0
Fischer_Whitney_2014b,3,orientation,25.0,5.674212561731068,0
Fischer_Whitney_2014b,3,orientation,29.0,1.8327266278068635,0
Fischer_Whitney_2014b,3,orientation,90.0,8.601187083764813,0
Fischer_Whitney_2014b,3,orientation,44.0,10.564252683050015,0
Fischer_Whitney_2014b,3,orientation,16.0,2.1873651413672235,0
Fischer_Whitney_2014b,3,orientation,46.0,26.288994915947463,0
Fischer_Whitney_2014b,3,orientation,67.0,-3.7043412160135603,0
Fischer_Whitney_2014b,3,orientation,36.0,5.526778644597172,0
Fischer_Whitney_2014b,3,orientation,9.0,10.431053223816477,0
Fischer_Whitney_2014b,3,orientation,89.0,-4.817627481813503,0
Fischer_Whitney_2014b,3,orientation,6.0,8.2045240015905,0
Fischer_Whitney_2014b,3,orientation,70.0,9.361523643334053,0
Fischer_Whitney_2014b,3,orientation,48.0,2.358235982145686,0
Fischer_Whitney_2014b,3,orientation,9.0,1.0054001082253592,0
Fischer_Whitney_2014b,3,orientation,55.0,-3.359044808516458,0
Fischer_Whitney_2014b,3,orientation,17.0,-6.019952107157266,0
Fischer_Whitney_2014b,3,orientation,56.0,1.2849865000772098,0
Fischer_Whitney_2014b,3,orientation,69.0,-11.2045240015905,0
Fischer_Whitney_2014b,3,orientation,26.0,5.425699315429199,0
Fischer_Whitney_2014b,3,orientation,69.0,-4.380866080490662,0
Fischer_Whitney_2014b,3,orientation,3.0,-17.846617177565776,0
Fischer_Whitney_2014b,3,orientation,49.0,-1.5364953871778084,0
Fischer_Whitney_2014b,3,orientation,61.0,-6.615873356486006,0
Fischer_Whitney_2014b,3,orientation,30.0,-5.0975457315689,0
Fischer_Whitney_2014b,3,orientation,3.0,6.91114806435715,0
Fischer_Whitney_2014b,3,orientation,50.0,7.398812916235187,0
Fischer_Whitney_2014b,3,orientation,51.0,-13.882363042601966,0
Fischer_Whitney_2014b,3,orientation,74.0,-2.4948192080475877,0
Fischer_Whitney_2014b,3,orientation,26.0,9.761482561703772,0
Fischer_Whitney_2014b,3,orientation,67.0,-7.75342048160681,0
Fischer_Whitney_2014b,3,orientation,60.0,11.812634858632777,0
Fischer_Whitney_2014b,3,orientation,38.0,-8.736154440997169,0
Fischer_Whitney_2014b,3,orientation,11.0,8.505180791952412,0
Fischer_Whitney_2014b,3,orientation,68.0,23.928843608711347,1
Fischer_Whitney_2014b,3,orientation,76.0,-7.512788569984778,0
Fischer_Whitney_2014b,3,orientation,75.0,10.58873864971332,0
Fischer_Whitney_2014b,3,orientation,7.0,-0.06474264583280842,0
Fischer_Whitney_2014b,3,orientation,89.0,6.191345112036103,0
Fischer_Whitney_2014b,3,orientation,83.0,6.694563681562187,0
Fischer_Whitney_2014b,3,orientation,17.0,-1.5892646816533187,0
Fischer_Whitney_2014b,3,orientation,65.0,-1.6209647421297433,0
Fischer_Whitney_2014b,3,orientation,30.0,3.7614825617037724,0
Fischer_Whitney_2014b,3,orientation,22.0,8.483087680566868,0
Fischer_Whitney_2014b,3,orientation,65.0,11.668428183757001,0
Fischer_Whitney_2014b,3,orientation,14.0,-2.962507225596738,0
Fischer_Whitney_2014b,3,orientation,20.0,4.288994915947455,0
Fischer_Whitney_2014b,3,orientation,36.0,2.6118385722114823,0
Fischer_Whitney_2014b,3,orientation,76.0,-3.2753993211429986,0
Fischer_Whitney_2014b,3,orientation,20.0,-3.5368471426956347,0
Fischer_Whitney_2014b,3,orientation,20.0,2.993515117653274,0
Fischer_Whitney_2014b,3,orientation,65.0,-27.674212561731068,0
Fischer_Whitney_2014b,3,orientation,75.0,5.4357473169499855,0
Fischer_Whitney_2014b,3,orientation,2.0,-1.9152722131098159,0
Fischer_Whitney_2014b,3,orientation,14.0,-8.07828514383371,0
Fischer_Whitney_2014b,3,orientation,31.0,-13.398406969562757,0
Fischer_Whitney_2014b,3,orientation,56.0,2.7904887535116814,0
Fischer_Whitney_2014b,3,orientation,68.0,-2.260833712163034,0
Fischer_Whitney_2014b,3,orientation,39.0,-11.91114806435715,0
Fischer_Whitney_2014b,3,orientation,66.0,2.4112613502866793,0
Fischer_Whitney_2014b,3,orientation,41.0,8.370863917489089,0
Fischer_Whitney_2014b,3,orientation,38.0,-11.13163256576695,0
Fischer_Whitney_2014b,3,orientation,67.0,3.821219317837887,0
Fischer_Whitney_2014b,3,orientation,13.0,2.6239506248020774,0
Fischer_Whitney_2014b,3,orientation,27.0,4.1672733721931365,0
Fischer_Whitney_2014b,3,orientation,48.0,-2.5360308304992145,0
Fischer_Whitney_2014b,3,orientation,7.0,13.473221355402828,0
Fischer_Whitney_2014b,3,orientation,63.0,-1.6241478792837682,0
Fischer_Whitney_2014b,3,orientation,20.0,-13.875137700243414,0
Fischer_Whitney_2014b,3,orientation,9.0,12.694563681562187,0
Fischer_Whitney_2014b,3,orientation,51.0,19.006484882346726,0
Fischer_Whitney_2014b,3,orientation,2.0,-11.295587266862753,0
Fischer_Whitney_2014b,3,orientation,71.0,11.87754318015486,0
Fischer_Whitney_2014b,3,orientation,71.0,-1.2955872668627535,0
Fischer_Whitney_2014b,3,orientation,18.0,9.246946275669316,0
Fischer_Whitney_2014b,3,orientation,78.0,-0.42446076324156934,0
Fischer_Whitney_2014b,3,orientation,25.0,-0.9898503550778912,0
Fischer_Whitney_2014b,3,orientation,56.0,-2.4948192080475877,0
Fischer_Whitney_2014b,3,orientation,87.0,-14.977096527632042,0
Fischer_Whitney_2014b,3,orientation,31.0,3.0376288029532788,0
Fischer_Whitney_2014b,3,orientation,25.0,-0.3881614277885177,0
Fischer_Whitney_2014b,3,orientation,70.0,2.236915602182833,0
Fischer_Whitney_2014b,3,orientation,27.0,5.358235982145686,0
Fischer_Whitney_2014b,3,orientation,22.0,4.877543180154859,0
Fischer_Whitney_2014b,3,orientation,80.0,-8.460234020273617,0
Fischer_Whitney_2014b,3,orientation,80.0,1.8775431801548592,0
Fischer_Whitney_2014b,3,orientation,17.0,-17.50314059550584,0
Fischer_Whitney_2014b,3,orientation,9.0,2.4732213554028277,0
Fischer_Whitney_2014b,3,orientation,15.0,-10.833303447746644,0
Fischer_Whitney_2014b,3,orientation,67.0,12.235730011000086,0
Fischer_Whitney_2014b,3,orientation,7.0,-7.145291957453338,0
Fischer_Whitney_2014b,3,orientation,71.0,-8.926172224130056,0
Fischer_Whitney_2014b,3,orientation,73.0,13.178780682162113,0
Fischer_Whitney_2014b,3,orientation,13.0,-0.2590520821262601,0
Fischer_Whitney_2014b,3,orientation,18.0,-16.665780991264825,0
Fischer_Whitney_2014b,3,orientation,69.0,-1.9475561983464473,0
Fischer_Whitney_2014b,3,orientation,80.0,-13.331571816242999,0
Fischer_Whitney_2014b,3,orientation,84.0,-1.6887040665065882,0
Fischer_Whitney_2014b,3,orientation,48.0,4.490683322853741,0
Fischer_Whitney_2014b,3,orientation,59.0,25.80467205095701,1
Fischer_Whitney_2014b,3,orientation,1.0,-7.463152857304365,0
Fischer_Whitney_2014b,3,orientation,73.0,-3.359044808516458,0
Fischer_Whitney_2014b,3,orientation,9.0,10.91870457380108,0
Fischer_Whitney_2014b,3,orientation,62.0,15.275399321142999,0
Fischer_Whitney_2014b,3,orientation,18.0,15.430015708806707,0
Fischer_Whitney_2014b,3,orientation,85.0,-3.5301669211857813,0
Fischer_Whitney_2014b,3,orientation,14.0,-9.574300684570801,0
Fischer_Whitney_2014b,3,orientation,65.0,-4.763084397817167,0
Fischer_Whitney_2014b,3,orientation,74.0,-6.006484882346726,0
Fischer_Whitney_2014b,3,orientation,70.0,5.019952107157266,0
Fischer_Whitney_2014b,3,orientation,17.0,14.359044808516472,0
Fischer_Whitney_2014b,3,orientation,78.0,-9.953050442484269,0
Fischer_Whitney_2014b,3,orientation,84.0,-10.682163223160813,0
Fischer_Whitney_2014b,3,orientation,3.0,-2.0485252527285382,0
Fischer_Whitney_2014b,3,orientation,56.0,11.947556198346447,0
Fischer_Whitney_2014b,3,orientation,37.0,16.223654259782677,0
Fischer_Whitney_2014b,3,orientation,75.0,-3.178780682162113,0
Fischer_Whitney_2014b,3,orientation,5.0,-2.5051807919524123,0
Fischer_Whitney_2014b,3,orientation,73.0,15.288994915947455,0
Fischer_Whitney_2014b,3,orientation,85.0,-10.477238976791611,0
Fischer_Whitney_2014b,3,orientation,15.0,-0.9200586145766323,0
Fischer_Whitney_2014b,3,orientation,5.0,8.209511246488319,0
Fischer_Whitney_2014b,3,orientation,8.0,-4.668890664657965,0
Fischer_Whitney_2014b,3,orientation,45.0,2.7246006788570014,0
Fischer_Whitney_2014b,3,orientation,84.0,-68.68601362582551,1
Fischer_Whitney_2014b,3,orientation,77.0,-8.867682235754842,0
Fischer_Whitney_2014b,3,orientation,27.0,-1.4297948932297402,0
Fischer_Whitney_2014b,3,orientation,38.0,11.496859404494174,0
Fischer_Whitney_2014b,3,orientation,28.0,-5.331571816242999,0
Fischer_Whitney_2014b,3,orientation,72.0,12.942768495869956,0
Fischer_Whitney_2014b,3,orientation,27.0,9.988223356092035,0
Fischer_Whitney_2014b,3,orientation,45.0,-13.50931667714626,0
Fischer_Whitney_2014b,3,orientation,17.0,16.512502531369336,0
Fischer_Whitney_2014b,3,orientation,40.0,-6.370863917489089,0
Fischer_Whitney_2014b,3,orientation,3.0,-7.669074928774251,0
Fischer_Whitney_2014b,3,orientation,56.0,3.753053724330684,0
Fischer_Whitney_2014b,3,orientation,12.0,-1.6327858003342328,0
Fischer_Whitney_2014b,3,orientation,57.0,-2.2357300110000864,0
Fischer_Whitney_2014b,3,orientation,6.0,-2.8466171775657756,0
Fischer_Whitney_2014b,3,orientation,40.0,35.22365425978268,1
Fischer_Whitney_2014b,3,orientation,50.0,-7.539445528297534,0
Fischer_Whitney_2014b,3,orientation,17.0,14.248784268449981,0
Fischer_Whitney_2014b,3,orientation,25.0,8.25905208212626,0
Fischer_Whitney_2014b,3,orientation,35.0,15.962507225596738,0
Fischer_Whitney_2014b,3,orientation,30.0,0.7056339163441976,0
Fischer_Whitney_2014b,3,orientation,48.0,9.045301454879862,0
Fischer_Whitney_2014b,3,orientation,18.0,4.962507225596738,0
Fischer_Whitney_2014b,3,orientation,4.0,6.099588445350079,0
Fischer_Whitney_2014b,3,orientation,61.0,-3.223654259782677,0
Fischer_Whitney_2014b,3,orientation,24.0,-11.641764017854314,0
Fischer_Whitney_2014b,3,orientation,35.0,-1.2638455590028315,0
Fischer_Whitney_2014b,3,orientation,70.0,-2.6937840264472044,0
Fischer_Whitney_2014b,3,orientation,36.0,15.503140595505826,0
Fischer_Whitney_2014b,3,orientation,35.0,-9.748059873493816,0
Fischer_Whitney_2014b,3,orientation,26.0,10.235730011000086,0
Fischer_Whitney_2014b,3,orientation,34.0,16.146749852613226,0
Fischer_Whitney_2014b,3,orientation,27.0,-5.854708042546662,0
Fischer_Whitney_2014b,3,orientation,49.0,-0.2590520821262601,0
Fischer_Whitney_2014b,3,orientation,30.0,7.432825379780397,0
Fischer_Whitney_2014b,3,orientation,44.0,8.379035257870257,0
Fischer_Whitney_2014b,3,orientation,39.0,2.751215731550019,0
Fischer_Whitney_2014b,3,orientation,10.0,2.632785800334233,0
Fischer_Whitney_2014b,3,orientation,62.0,-7.311295933493412,0
Fischer_Whitney_2014b,3,orientation,75.0,71.8656644886108,1
Fischer_Whitney_2014b,3,orientation,5.0,-9.228981387737335,0
Fischer_Whitney_2014b,3,orientation,19.0,-17.995420476705718,0
Fischer_Whitney_2014b,3,orientation,26.0,-8.310851537142682,0
Fischer_Whitney_2014b,3,orientation,79.0,-19.13449143190593,0
Fischer_Whitney_2014b,3,orientation,3.0,0.8176274818135028,0
Fischer_Whitney_2014b,3,orientation,4.0,-3.74094791787374,0
Fischer_Whitney_2014b,3,orientation,25.0,-4.079941385423368,0
Fischer_Whitney_2014b,3,orientation,11.0,3.1953279490429907,0
Fischer_Whitney_2014b,3,orientation,50.0,0.28941780178618615,0
Fischer_Whitney_2014b,3,orientation,83.0,7.4777376347138755,0
Fischer_Whitney_2014b,3,orientation,34.0,0.30675346885560373,0
Fischer_Whitney_2014b,3,orientation,84.0,8.331571816242999,0
Fischer_Whitney_2014b,3,orientation,87.0,-0.7614825617037724,0
Fischer_Whitney_2014b,3,orientation,37.0,0.7181743108220218,0
Fischer_Whitney_2014b,3,orientation,69.0,2.3311093353420347,0
Fischer_Whitney_2014b,3,orientation,57.0,3.4777376347138755,0
Fischer_Whitney_2014b,3,orientation,84.0,3.270972158122291,0
Fischer_Whitney_2014b,3,orientation,38.0,-5.294366083655802,0
Fischer_Whitney_2014b,3,orientation,49.0,-5.483087680566868,0
Fischer_Whitney_2014b,3,orientation,62.0,0.6857132730340822,0
Fischer_Whitney_2014b,3,orientation,73.0,-6.892281807906002,0
Fischer_Whitney_2014b,3,orientation,64.0,-5.68601362582551,0
Fischer_Whitney_2014b,3,orientation,53.0,19.776345740217323,0
Fischer_Whitney_2014b,3,orientation,18.0,17.150791698125403,0
Fischer_Whitney_2014b,3,orientation,76.0,1.6945636815621867,0
Fischer_Whitney_2014b,3,orientation,1.0,4.365752230750573,0
Fischer_Whitney_2014b,3,orientation,14.0,4.611838572211482,0
Fischer_Whitney_2014b,3,orientation,16.0,-4.246946275669316,0
Fischer_Whitney_2014b,3,orientation,17.0,3.9962332417048145,0
Fischer_Whitney_2014b,3,orientation,23.0,5.4105213363819615,0
Fischer_Whitney_2014b,3,orientation,24.0,-9.41126135028668,0
Fischer_Whitney_2014b,3,orientation,17.0,7.817627481813503,0
Fischer_Whitney_2014b,3,orientation,28.0,-0.27904084842418797,0
Fischer_Whitney_2014b,3,orientation,2.0,13.567174620219603,0
Fischer_Whitney_2014b,3,orientation,8.0,6.636738271874179,0
Fischer_Whitney_2014b,3,orientation,10.0,2.8611596804795454,0
Fischer_Whitney_2014b,3,orientation,49.0,5.536847142695635,0
Fischer_Whitney_2014b,3,orientation,64.0,-7.5360308304992145,0
Fischer_Whitney_2014b,3,orientation,28.0,12.589264681653304,0
Fischer_Whitney_2014b,3,orientation,31.0,9.003766758295185,0
Fischer_Whitney_2014b,3,orientation,23.0,-5.875137700243414,0
Fischer_Whitney_2014b,3,orientation,52.0,11.084727786890184,0
Fischer_Whitney_2014b,3,orientation,33.0,4.764269988999914,0
Fischer_Whitney_2014b,3,orientation,43.0,13.568946776183523,0
Fischer_Whitney_2014b,3,orientation,56.0,11.736154440997169,0
Fischer_Whitney_2014b,3,orientation,82.0,-3.7534204816068097,0
Fischer_Whitney_2014b,3,orientation,29.0,16.674212561731068,0
Fischer_Whitney_2014b,3,orientation,20.0,8.918499407145887,0
Fischer_Whitney_2014b,3,orientation,51.0,-2.9886767873845344,0
Fischer_Whitney_2014b,3,orientation,12.0,7.942768495869956,0
Fischer_Whitney_2014b,3,orientation,40.0,8.954698545120138,0
Fischer_Whitney_2014b,3,orientation,44.0,2.7138320532878453,0
Fischer_Whitney_2014b,3,orientation,65.0,12.158723665574854,0
Fischer_Whitney_2014b,3,orientation,88.0,10.988223356092035,0
Fischer_Whitney_2014b,3,orientation,10.0,1.522761023208389,0
Fischer_Whitney_2014b,3,orientation,40.0,9.13163256576695,0
Fischer_Whitney_2014b,3,orientation,69.0,-13.90041155464992,0
Fischer_Whitney_2014b,3,orientation,72.0,-4.467028723557945,0
Fischer_Whitney_2014b,3,orientation,78.0,-6.398812916235187,0
Fischer_Whitney_2014b,3,orientation,32.0,-8.92171485616629,0
Fischer_Whitney_2014b,3,orientation,7.0,-7.861159680479545,0
Fischer_Whitney_2014b,3,orientation,57.0,4.619133919509338,0
Fischer_Whitney_2014b,3,orientation,48.0,4.91114806435715,0
Fischer_Whitney_2014b,3,orientation,58.0,6.306753468855618,0
Fischer_Whitney_2014b,3,orientation,61.0,28.683272492106468,0
Fischer_Whitney_2014b,3,orientation,12.0,7.158723665574868,0
Fischer_Whitney_2014b,3,orientation,3.0,0.03749277440326182,0
Fischer_Whitney_2014b,3,orientation,68.0,2.614405285556245,0
Fischer_Whitney_2014b,3,orientation,47.0,7.289417801786186,0
Fischer_Whitney_2014b,3,orientation,74.0,12.384126643513994,0
Fischer_Whitney_2014b,3,orientation,52.0,1.6384763566659473,0
Fischer_Whitney_2014b,3,orientation,20.0,-3.739166287836966,0
Fischer_Whitney_2014b,3,orientation,35.0,-6.228535051065791,0
Fischer_Whitney_2014b,3,orientation,54.0,-0.4670287235579451,0
Fischer_Whitney_2014b,3,orientation,36.0,7.107718192093998,0
Fischer_Whitney_2014b,3,orientation,85.0,-4.334219008735161,0
Fischer_Whitney_2014b,3,orientation,8.0,7.530166921185781,0
Fischer_Whitney_2014b,3,orientation,39.0,-3.668428183757001,0
Fischer_Whitney_2014b,3,orientation,28.0,-12.496859404494174,0
Fischer_Whitney_2014b,3,orientation,3.0,-4.919082160001508,0
Fischer_Whitney_2014b,3,orientation,12.0,-0.3708639174890891,0
Fischer_Whitney_2014b,3,orientation,13.0,11.668428183757001,0
Fischer_Whitney_2014b,3,orientation,71.0,-1.1255426270911784,0
Fischer_Whitney_2014b,3,orientation,84.0,-6.629136082510911,0
Fischer_Whitney_2014b,3,orientation,38.0,6.8683674342330505,0
Fischer_Whitney_2014b,3,orientation,80.0,3.0037667582951855,0
Fischer_Whitney_2014b,3,orientation,88.0,-0.25194012650618447,0
Fischer_Whitney_2014b,3,orientation,14.0,10.325787438268932,0
Fischer_Whitney_2014b,3,orientation,28.0,7.487211430015222,0
Fischer_Whitney_2014b,3,orientation,17.0,4.463152857304365,0
Fischer_Whitney_2014b,3,orientation,45.0,18.325787438268932,0
Fischer_Whitney_2014b,3,orientation,37.0,2.9187045738010795,0
Fischer_Whitney_2014b,3,orientation,87.0,0.45463534719543475,0
Fischer_Whitney_2014b,3,orientation,45.0,16.107718192094012,0
Fischer_Whitney_2014b,3,orientation,53.0,9.071156391288653,0
Fischer_Whitney_2014b,3,orientation,23.0,13.048525252728538,0
Fischer_Whitney_2014b,3,orientation,25.0,8.260833712163034,0
Fischer_Whitney_2014b,3,orientation,42.0,10.37476459259102,0
Fischer_Whitney_2014b,3,orientation,36.0,-10.460554471702466,0
Fischer_Whitney_2014b,3,orientation,61.0,19.892281807905988,0
Fischer_Whitney_2014b,3,orientation,78.0,-2.751215731550019,0
Fischer_Whitney_2014b,3,orientation,66.0,-5.467028723557945,0
Fischer_Whitney_2014b,3,orientation,50.0,-4.8126348586327765,0
Fischer_Whitney_2014b,3,orientation,59.0,6.361523643334053,0
Fischer_Whitney_2014b,3,orientation,69.0,0.45986239026146336,0
Fischer_Whitney_2014b,3,orientation,4.0,8.688704066506602,0
Fischer_Whitney_2014b,3,orientation,49.0,-5.374599277788008,0
Fischer_Whitney_2014b,3,orientation,9.0,-9.699948567821593,0
Fischer_Whitney_2014b,3,orientation,46.0,2.6932465311443963,0
Fischer_Whitney_2014b,3,orientation,12.0,8.057231504130044,0
Fischer_Whitney_2014b,3,orientation,27.0,3.9882233560920355,0
Fischer_Whitney_2014b,3,orientation,21.0,-4.28498650007721,0
Fischer_Whitney_2014b,3,orientation,15.0,14.031362997920695,0
Fischer_Whitney_2014b,3,orientation,44.0,-7.668890664657965,0
Fischer_Whitney_2014b,3,orientation,63.0,-8.589264681653304,0
Fischer_Whitney_2014b,3,orientation,39.0,4.0975457315689,0
Fischer_Whitney_2014b,3,orientation,25.0,23.42979489322974,0
Fischer_Whitney_2014b,3,orientation,50.0,3.7044127331372465,0
Fischer_Whitney_2014b,3,orientation,50.0,-0.4297948932297402,0
Fischer_Whitney_2014b,3,orientation,32.0,0.38559471444375504,0
Fischer_Whitney_2014b,3,orientation,1.0,3.4546353471954347,0
Fischer_Whitney_2014b,3,orientation,52.0,-15.003766758295185,0
Fischer_Whitney_2014b,3,orientation,33.0,5.019952107157266,0
Fischer_Whitney_2014b,3,orientation,44.0,-0.1873651413672235,0
Fischer_Whitney_2014b,3,orientation,58.0,8.854708042546662,0
Fischer_Whitney_2014b,3,orientation,80.0,4.589264681653319,0
Fischer_Whitney_2014b,3,orientation,60.0,-2.915272213109816,0
Fischer_Whitney_2014b,3,orientation,6.0,3.2955872668627535,0
Fischer_Whitney_2014b,3,orientation,83.0,-1.0045795232942822,0
Fischer_Whitney_2014b,3,orientation,58.0,-2.477238976791611,0
Fischer_Whitney_2014b,3,orientation,47.0,8.15395973724543,0
Fischer_Whitney_2014b,3,orientation,10.0,4.867419161026248,0
Fischer_Whitney_2014b,3,orientation,88.0,2.757356118304969,0
Fischer_Whitney_2014b,3,orientation,24.0,19.26384555900283,1
Fischer_Whitney_2014b,3,orientation,26.0,-1.4105213363819615,0
Fischer_Whitney_2014b,3,orientation,47.0,-1.0376288029532788,0
Fischer_Whitney_2014b,3,orientation,67.0,6.942768495869956,0
Fischer_Whitney_2014b,3,orientation,16.0,4.4357473169499855,0
Fischer_Whitney_2014b,3,orientation,74.0,2.7181743108220218,0
Fischer_Whitney_2014b,3,orientation,61.0,1.2095112464883186,0
Fischer_Whitney_2014b,3,orientation,12.0,1.5453646528045653,0
Fischer_Whitney_2014b,3,orientation,61.0,-9.08885193564285,0
Fischer_Whitney_2014b,3,orientation,66.0,-0.7138320532878453,0
Fischer_Whitney_2014b,3,orientation,42.0,-3.632785800334233,0
Fischer_Whitney_2014b,3,orientation,57.0,5.764269988999914,0
Fischer_Whitney_2014b,3,orientation,82.0,-0.17344695671127397,0
Fischer_Whitney_2014b,3,orientation,62.0,11.874457372908822,0
Fischer_Whitney_2014b,3,orientation,62.0,4.840652319251959,0
Fischer_Whitney_2014b,3,orientation,33.0,-1.7710186122626652,0
Fischer_Whitney_2014b,3,orientation,5.0,4.361523643334053,0
Fischer_Whitney_2014b,3,orientation,26.0,17.460554471702466,0
Fischer_Whitney_2014b,3,orientation,38.0,-1.055467976946403,0
Fischer_Whitney_2014b,3,orientation,83.0,2.4105213363819615,0
Fischer_Whitney_2014b,3,orientation,3.0,0.46023402027361726,0
Fischer_Whitney_2014b,3,orientation,5.0,-6.011323212615466,0
Fischer_Whitney_2014b,3,orientation,3.0,-4.620964742129743,0
Fischer_Whitney_2014b,3,orientation,44.0,-7.567174620219603,0
Fischer_Whitney_2014b,3,orientation,48.0,0.4948192080475877,0
Fischer_Whitney_2014b,3,orientation,80.0,-8.004579523294282,0
Fischer_Whitney_2014b,3,orientation,64.0,1.3545153284216127,0
Fischer_Whitney_2014b,3,orientation,9.0,8.079941385423368,0
Fischer_Whitney_2014b,3,orientation,65.0,1.826553043288726,0
Fischer_Whitney_2014b,3,orientation,48.0,4.117636957398034,0
Fischer_Whitney_2014b,3,orientation,79.0,1.8212193178378868,0
Fischer_Whitney_2014b,3,orientation,32.0,10.388161427788532,0
Fischer_Whitney_2014b,3,orientation,13.0,-16.279040848424188,0
Fischer_Whitney_2014b,3,orientation,30.0,9.370863917489089,0
Fischer_Whitney_2014b,3,orientation,71.0,-0.9152722131098159,0
Fischer_Whitney_2014b,3,orientation,56.0,-2.8063429866425054,0
Fischer_Whitney_2014b,3,orientation,81.0,-6.068326619183509,0
Fischer_Whitney_2014b,3,orientation,45.0,-6.132580838973752,0
Fischer_Whitney_2014b,3,orientation,68.0,18.632785800334233,0
Fischer_Whitney_2014b,3,orientation,28.0,4.124862299756586,0
Fischer_Whitney_2014b,3,orientation,39.0,-4.182372518186497,0
Fischer_Whitney_2014b,3,orientation,62.0,9.63747318318309,0
Fischer_Whitney_2014b,3,orientation,83.0,-0.7187223433303558,0
Fischer_Whitney_2014b,3,orientation,27.0,2.7043412160135603,0
Fischer_Whitney_2014b,3,orientation,39.0,-5.786856693013803,0
Fischer_Whitney_2014b,3,orientation,31.0,-2.8611596804795454,0
Fischer_Whitney_2014b,3,orientation,59.0,4.833303447746644,0
Fischer_Whitney_2014b,3,orientation,5.0,14.317836776839187,0
Fischer_Whitney_2014b,3,orientation,26.0,7.071156391288653,0
Fischer_Whitney_2014b,3,orientation,32.0,16.004579523294282,0
Fischer_Whitney_2014b,3,orientation,64.0,-3.334219008735161,0
Fischer_Whitney_2014b,3,orientation,3.0,-6.367214199665767,0
Fischer_Whitney_2014b,3,orientation,46.0,-1.2812776566696442,0
Fischer_Whitney_2014b,3,orientation,52.0,9.92808838824665,0
Fischer_Whitney_2014b,3,orientation,3.0,-5.122456819845141,0
Fischer_Whitney_2014b,3,orientation,12.0,-1.9898503550778912,0
Fischer_Whitney_2014b,3,orientation,11.0,-3.431053223816477,0
Fischer_Whitney_2014b,3,orientation,74.0,4.011323212615466,0
Fischer_Whitney_2014b,3,orientation,27.0,4.132317764245158,0
Fischer_Whitney_2014b,3,orientation,47.0,-6.431053223816477,0
Fischer_Whitney_2014b,3,orientation,27.0,6.638476356665947,0
Fischer_Whitney_2014b,3,orientation,75.0,4.463152857304365,0
Fischer_Whitney_2014b,3,orientation,49.0,-1.8611596804795454,0
Fischer_Whitney_2014b,3,orientation,6.0,9.334219008735161,0
Fischer_Whitney_2014b,3,orientation,75.0,0.8460402627545704,0
Fischer_Whitney_2014b,3,orientation,42.0,3.5892646816533187,0
Fischer_Whitney_2014b,3,orientation,16.0,-1.9625072255967382,0
Fischer_Whitney_2014b,3,orientation,88.0,2.1672733721931365,0
Fischer_Whitney_2014b,3,orientation,78.0,-5.331571816242999,0
Fischer_Whitney_2014b,3,orientation,7.0,-4.312895002721092,0
Fischer_Whitney_2014b,3,orientation,64.0,5.046949557515731,0
Fischer_Whitney_2014b,3,orientation,33.0,12.751215731550019,0
Fischer_Whitney_2014b,3,orientation,26.0,-1.675349019047772,0
Fischer_Whitney_2014b,4,orientation,55.0,-17.13048384199874,0
Fischer_Whitney_2014b,4,orientation,28.0,6.200618404691099,0
Fischer_Whitney_2014b,4,orientation,43.0,12.765595220404393,0
Fischer_Whitney_2014b,4,orientation,18.0,8.671406308373705,0
Fischer_Whitney_2014b,4,orientation,23.0,9.245571817632111,0
Fischer_Whitney_2014b,4,orientation,19.0,3.515506775527953,0
Fischer_Whitney_2014b,4,orientation,60.0,34.84155159396047,0
Fischer_Whitney_2014b,4,orientation,34.0,-9.380048685195064,0
Fischer_Whitney_2014b,4,orientation,42.0,20.33595406403316,0
Fischer_Whitney_2014b,4,orientation,5.0,2.6638215089859614,0
Fischer_Whitney_2014b,4,orientation,52.0,-10.301297449140236,0
Fischer_Whitney_2014b,4,orientation,66.0,6.590534349995693,0
Fischer_Whitney_2014b,4,orientation,38.0,-31.730542391225953,0
Fischer_Whitney_2014b,4,orientation,85.0,2.0035009139503615,0
Fischer_Whitney_2014b,4,orientation,20.0,11.979543956251732,0
Fischer_Whitney_2014b,4,orientation,68.0,5.807382835443008,0
Fischer_Whitney_2014b,4,orientation,47.0,-26.42833664890871,0
Fischer_Whitney_2014b,4,orientation,23.0,-10.647733349666424,0
Fischer_Whitney_2014b,4,orientation,5.0,9.754428182367889,0
Fischer_Whitney_2014b,4,orientation,60.0,-4.999559431597504,0
Fischer_Whitney_2014b,4,orientation,13.0,-5.280990865025743,0
Fischer_Whitney_2014b,4,orientation,32.0,4.807382835443008,0
Fischer_Whitney_2014b,4,orientation,30.0,-5.849037881554921,0
Fischer_Whitney_2014b,4,orientation,87.0,-3.9233311850889265,0
Fischer_Whitney_2014b,4,orientation,15.0,-15.584602955151652,0
Fischer_Whitney_2014b,4,orientation,17.0,3.3585969612563673,0
Fischer_Whitney_2014b,4,orientation,41.0,-12.70390059210709,0
Fischer_Whitney_2014b,4,orientation,30.0,2.0592583331810914,0
Fischer_Whitney_2014b,4,orientation,20.0,8.475530770476993,0
Fischer_Whitney_2014b,4,orientation,72.0,4.376963027512716,0
Fischer_Whitney_2014b,4,orientation,88.0,-1.3524157193787119,0
Fischer_Whitney_2014b,4,orientation,33.0,7.568991992025303,0
Fischer_Whitney_2014b,4,orientation,61.0,-8.287162313554987,0
Fischer_Whitney_2014b,4,orientation,6.0,11.47673574618588,0
Fischer_Whitney_2014b,4,orientation,3.0,1.3249477827567233,0
Fischer_Whitney_2014b,4,orientation,88.0,39.336178491014046,0
Fischer_Whitney_2014b,4,orientation,50.0,5.995396969117323,0
Fischer_Whitney_2014b,4,orientation,67.0,-37.57847442349345,0
Fischer_Whitney_2014b,4,orientation,36.0,-5.711530464292196,0
Fischer_Whitney_2014b,4,orientation,66.0,-12.043309000888684,0
Fischer_Whitney_2014b,4,orientation,17.0,-4.553412425705318,0
Fischer_Whitney_2014b,4,orientation,57.0,1.1858461431371552,0
Fischer_Whitney_2014b,4,orientation,25.0,-13.294398566943784,0
Fischer_Whitney_2014b,4,orientation,53.0,-11.176658996527749,0
Fischer_Whitney_2014b,4,orientation,56.0,8.142325098388696,0
Fischer_Whitney_2014b,4,orientation,14.0,-8.880566784106975,0
Fischer_Whitney_2014b,4,orientation,81.0,-10.843336264234111,0
Fischer_Whitney_2014b,4,orientation,40.0,-7.438294890744089,0
Fischer_Whitney_2014b,4,orientation,27.0,4.523264253814119,0
Fischer_Whitney_2014b,4,orientation,23.0,7.737357991875399,0
Fischer_Whitney_2014b,4,orientation,72.0,17.431109573486367,0
Fischer_Whitney_2014b,4,orientation,22.0,29.36846116564334,0
Fischer_Whitney_2014b,4,orientation,74.0,0.3249477827567233,0
Fischer_Whitney_2014b,4,orientation,39.0,-2.2884695357078044,0
Fischer_Whitney_2014b,4,orientation,45.0,2.830520575396733,0
Fischer_Whitney_2014b,4,orientation,44.0,-6.301297449140236,0
Fischer_Whitney_2014b,4,orientation,79.0,-2.0788859267787956,0
Fischer_Whitney_2014b,4,orientation,66.0,-7.2486811650713605,0
Fischer_Whitney_2014b,4,orientation,70.0,12.46563019782208,0
Fischer_Whitney_2014b,4,orientation,26.0,2.7655952204043928,0
Fischer_Whitney_2014b,4,orientation,6.0,3.3384120531720356,0
Fischer_Whitney_2014b,4,orientation,18.0,14.380048685195064,0
Fischer_Whitney_2014b,4,orientation,7.0,-0.4465875742946821,0
Fischer_Whitney_2014b,4,orientation,22.0,85.06922393785837,1
Fischer_Whitney_2014b,4,orientation,26.0,-18.13048384199874,0
Fischer_Whitney_2014b,4,orientation,40.0,-25.841657868155806,0
Fischer_Whitney_2014b,4,orientation,21.0,5.6370762797049565,0
Fischer_Whitney_2014b,4,orientation,18.0,-1.6445057684870505,0
Fischer_Whitney_2014b,4,orientation,31.0,3.2141253977470825,0
Fischer_Whitney_2014b,4,orientation,57.0,9.814153856862845,0
Fischer_Whitney_2014b,4,orientation,33.0,-1.891447601028787,0
Fischer_Whitney_2014b,4,orientation,89.0,-11.264669323720028,0
Fischer_Whitney_2014b,4,orientation,53.0,-16.28815627471971,0
Fischer_Whitney_2014b,4,orientation,44.0,-4.288069346199933,0
Fischer_Whitney_2014b,4,orientation,79.0,10.421525576506554,0
Fischer_Whitney_2014b,4,orientation,35.0,-6.301297449140236,0
Fischer_Whitney_2014b,4,orientation,66.0,-6.409465650004307,0
Fischer_Whitney_2014b,4,orientation,6.0,-25.832244899708442,0
Fischer_Whitney_2014b,4,orientation,30.0,-22.666767059434193,0
Fischer_Whitney_2014b,4,orientation,38.0,-4.530856738269222,0
Fischer_Whitney_2014b,4,orientation,23.0,-9.897543859916993,0
Fischer_Whitney_2014b,4,orientation,46.0,-63.85767490161129,1
Fischer_Whitney_2014b,4,orientation,28.0,-8.33139655139307,0
Fischer_Whitney_2014b,4,orientation,28.0,62.82334100347225,0
Fischer_Whitney_2014b,4,orientation,38.0,-12.46563019782208,0
Fischer_Whitney_2014b,4,orientation,17.0,-7.741037174957043,0
Fischer_Whitney_2014b,4,orientation,36.0,-4.839062119498351,0
Fischer_Whitney_2014b,4,orientation,57.0,-72.7115304642922,1
Fischer_Whitney_2014b,4,orientation,23.0,10.55299180357838,0
Fischer_Whitney_2014b,4,orientation,72.0,1.4964239409307396,0
Fischer_Whitney_2014b,4,orientation,52.0,-3.26181595652821,0
Fischer_Whitney_2014b,4,orientation,40.0,-13.146570458117623,0
Fischer_Whitney_2014b,4,orientation,21.0,3.656205678036116,0
Fischer_Whitney_2014b,4,orientation,30.0,12.567355851660963,0
Fischer_Whitney_2014b,4,orientation,40.0,20.03080594822528,0
Fischer_Whitney_2014b,4,orientation,68.0,18.191478233453523,0
Fischer_Whitney_2014b,4,orientation,18.0,8.64454891269645,0
Fischer_Whitney_2014b,4,orientation,65.0,13.291581354131367,0
Fischer_Whitney_2014b,4,orientation,53.0,8.107334768645842,0
Fischer_Whitney_2014b,4,orientation,22.0,7.33841205317205,0
Fischer_Whitney_2014b,4,orientation,20.0,18.698245781192767,0
Fischer_Whitney_2014b,4,orientation,7.0,-8.796078533541873,0
Fischer_Whitney_2014b,4,orientation,15.0,27.712837686445013,1
Fischer_Whitney_2014b,4,orientation,63.0,40.4117066527302,0
Fischer_Whitney_2014b,4,orientation,47.0,-10.078885926778796,0
Fischer_Whitney_2014b,4,orientation,81.0,2.5428610229993467,0
Fischer_Whitney_2014b,4,orientation,50.0,-56.405973328379865,1
Fischer_Whitney_2014b,4,orientation,55.0,-1.3098436991537312,0
Fischer_Whitney_2014b,4,orientation,68.0,20.421525576506554,0
Fischer_Whitney_2014b,4,orientation,6.0,-6.376963027512716,0
Fischer_Whitney_2014b,4,orientation,34.0,-25.415397044848348,0
Fischer_Whitney_2014b,4,orientation,82.0,3.142325098388696,0
Fischer_Whitney_2014b,4,orientation,58.0,3.3098436991537312,0
Fischer_Whitney_2014b,4,orientation,38.0,-4.714581441338964,0
Fischer_Whitney_2014b,4,orientation,72.0,36.53041044548363,0
Fischer_Whitney_2014b,4,orientation,66.0,-64.56814628916433,1
Fischer_Whitney_2014b,4,orientation,24.0,-8.897543859916993,0
Fischer_Whitney_2014b,4,orientation,51.0,-1.9233311850889265,0
Fischer_Whitney_2014b,4,orientation,27.0,1.7520728757026234,0
Fischer_Whitney_2014b,4,orientation,13.0,3.741037174957043,0
Fischer_Whitney_2014b,4,orientation,56.0,-19.648405059871948,0
Fischer_Whitney_2014b,4,orientation,18.0,-84.26688365524132,1
Fischer_Whitney_2014b,4,orientation,40.0,16.015764849112685,0
Fischer_Whitney_2014b,4,orientation,11.0,-7.280990865025743,0
Fischer_Whitney_2014b,4,orientation,22.0,-32.395884141770594,0
Fischer_Whitney_2014b,4,orientation,33.0,10.015764849112685,0
Fischer_Whitney_2014b,4,orientation,78.0,3.839062119498351,0
Fischer_Whitney_2014b,4,orientation,83.0,-29.814153856862845,1
Fischer_Whitney_2014b,4,orientation,9.0,1.4964239409307396,0
Fischer_Whitney_2014b,4,orientation,6.0,1.4505340941125269,0
Fischer_Whitney_2014b,4,orientation,20.0,4.000992215377593,0
Fischer_Whitney_2014b,4,orientation,89.0,3.567355851660963,0
Fischer_Whitney_2014b,4,orientation,84.0,-1.8610373739811763,0
Fischer_Whitney_2014b,4,orientation,37.0,-18.707616490166842,0
Fischer_Whitney_2014b,4,orientation,22.0,-6.549465905887473,0
Fischer_Whitney_2014b,4,orientation,82.0,5.69214607003866,0
Fischer_Whitney_2014b,4,orientation,77.0,1.6901563008462688,0
Fischer_Whitney_2014b,4,orientation,26.0,7.153784899566915,0
Fischer_Whitney_2014b,4,orientation,86.0,5.150962118445079,0
Fischer_Whitney_2014b,4,orientation,39.0,-19.603369691369295,0
Fischer_Whitney_2014b,4,orientation,76.0,-17.269457608774047,0
Fischer_Whitney_2014b,4,orientation,82.0,13.711383767206584,0
Fischer_Whitney_2014b,4,orientation,8.0,3.004603030882677,0
Fischer_Whitney_2014b,4,orientation,85.0,7.052749738259777,0
Fischer_Whitney_2014b,4,orientation,68.0,-6.6714063083737045,0
Fischer_Whitney_2014b,4,orientation,50.0,19.53041044548364,0
Fischer_Whitney_2014b,4,orientation,51.0,-32.266883655241315,0
Fischer_Whitney_2014b,4,orientation,6.0,13.309792383724272,0
Fischer_Whitney_2014b,4,orientation,18.0,-14.27785344494319,0
Fischer_Whitney_2014b,4,orientation,64.0,10.902251741390444,0
Fischer_Whitney_2014b,4,orientation,42.0,-3.2943985669437836,0
Fischer_Whitney_2014b,4,orientation,41.0,21.969919948148885,0
Fischer_Whitney_2014b,4,orientation,56.0,-8.405418638335192,0
Fischer_Whitney_2014b,4,orientation,51.0,12.603369691369295,0
Fischer_Whitney_2014b,4,orientation,25.0,-3.3384120531720356,0
Fischer_Whitney_2014b,4,orientation,40.0,-5.3629237202950435,0
Fischer_Whitney_2014b,4,orientation,81.0,4.594026671620128,0
Fischer_Whitney_2014b,4,orientation,85.0,2.4767357461858808,0
Fischer_Whitney_2014b,4,orientation,24.0,-11.671406308373705,0
Fischer_Whitney_2014b,4,orientation,12.0,13.18446895112254,0
Fischer_Whitney_2014b,4,orientation,0.0,-17.18446895112254,0
Fischer_Whitney_2014b,4,orientation,53.0,0.9233311850889265,0
Fischer_Whitney_2014b,4,orientation,74.0,2.4691432617307782,0
Fischer_Whitney_2014b,4,orientation,1.0,0.4318537108356679,0
Fischer_Whitney_2014b,4,orientation,61.0,-22.097748258609556,0
Fischer_Whitney_2014b,4,orientation,88.0,-76.36846116564334,1
Fischer_Whitney_2014b,4,orientation,29.0,-3.2419886070209856,0
Fischer_Whitney_2014b,4,orientation,31.0,19.07411047090821,0
Fischer_Whitney_2014b,4,orientation,71.0,7.947568642563837,0
Fischer_Whitney_2014b,4,orientation,9.0,4.258962825042957,0
Fischer_Whitney_2014b,4,orientation,22.0,-9.711843725280303,0
Fischer_Whitney_2014b,4,orientation,7.0,53.41539704484835,0
Fischer_Whitney_2014b,4,orientation,53.0,-1.4382948907440891,0
Fischer_Whitney_2014b,4,orientation,71.0,-82.94725026174022,1
Fischer_Whitney_2014b,4,orientation,1.0,5.219863387804892,0
Fischer_Whitney_2014b,4,orientation,84.0,-2.999007784622407,0
Fischer_Whitney_2014b,4,orientation,84.0,-6.780136612195108,0
Fischer_Whitney_2014b,4,orientation,13.0,44.80738283544301,0
Fischer_Whitney_2014b,4,orientation,3.0,16.30979238372427,0
Fischer_Whitney_2014b,4,orientation,53.0,-6.153784899566915,0
Fischer_Whitney_2014b,4,orientation,37.0,67.83434202451019,1
Fischer_Whitney_2014b,4,orientation,85.0,-10.43412067556747,0
Fischer_Whitney_2014b,4,orientation,66.0,16.807382835443008,0
Fischer_Whitney_2014b,4,orientation,81.0,-3.004603030882677,0
Fischer_Whitney_2014b,4,orientation,81.0,2.568146289164332,0
Fischer_Whitney_2014b,4,orientation,35.0,-16.187521174716693,0
Fischer_Whitney_2014b,4,orientation,90.0,8.841409033677948,0
Fischer_Whitney_2014b,4,orientation,34.0,-15.822145223354795,0
Fischer_Whitney_2014b,4,orientation,78.0,-6.358358660164512,0
Fischer_Whitney_2014b,4,orientation,47.0,-19.525246589538085,0
Fischer_Whitney_2014b,4,orientation,8.0,0.9795439562517316,0
Fischer_Whitney_2014b,4,orientation,64.0,-4.469589554516361,0
Fischer_Whitney_2014b,4,orientation,3.0,2.167755100291558,0
Fischer_Whitney_2014b,4,orientation,8.0,2.0293516729693124,0
Fischer_Whitney_2014b,4,orientation,43.0,28.17665899652775,0
Fischer_Whitney_2014b,4,orientation,25.0,0.568890426513633,0
Fischer_Whitney_2014b,4,orientation,27.0,-25.202466504373362,0
Fischer_Whitney_2014b,4,orientation,77.0,23.56170510925591,1
Fischer_Whitney_2014b,4,orientation,25.0,-14.352266650333576,0
Fischer_Whitney_2014b,4,orientation,70.0,-82.80738283544301,1
Fischer_Whitney_2014b,4,orientation,75.0,15.754428182367889,0
Fischer_Whitney_2014b,4,orientation,58.0,-7.074110470908195,0
Fischer_Whitney_2014b,4,orientation,68.0,-9.333232940565807,0
Fischer_Whitney_2014b,4,orientation,47.0,12.880566784106975,0
Fischer_Whitney_2014b,4,orientation,71.0,-9.999007784622407,0
Fischer_Whitney_2014b,4,orientation,75.0,16.711530464292196,0
Fischer_Whitney_2014b,4,orientation,59.0,-12.200618404691099,0
Fischer_Whitney_2014b,4,orientation,59.0,-5.711530464292196,0
Fischer_Whitney_2014b,4,orientation,0.0,9.288469535707804,0
Fischer_Whitney_2014b,4,orientation,16.0,2.540782485264785,0
Fischer_Whitney_2014b,4,orientation,27.0,3.33841911703513,0
Fischer_Whitney_2014b,4,orientation,78.0,-11.034808788702236,0
Fischer_Whitney_2014b,4,orientation,42.0,5.405973328379872,0
Fischer_Whitney_2014b,4,orientation,49.0,8.094845667523344,0
Fischer_Whitney_2014b,4,orientation,51.0,13.358596961256367,0
Fischer_Whitney_2014b,4,orientation,85.0,1.1844689511225397,0
Fischer_Whitney_2014b,4,orientation,67.0,-4.733116344758685,0
Fischer_Whitney_2014b,4,orientation,2.0,1.7858746022529175,0
Fischer_Whitney_2014b,4,orientation,55.0,3.7145814413389786,0
Fischer_Whitney_2014b,4,orientation,37.0,7.457138977000653,0
Fischer_Whitney_2014b,4,orientation,21.0,5.058616167276057,0
Fischer_Whitney_2014b,4,orientation,11.0,4.9392012770759095,0
Fischer_Whitney_2014b,4,orientation,67.0,2.0948456675233444,0
Fischer_Whitney_2014b,4,orientation,49.0,-4.594026671620128,0
Fischer_Whitney_2014b,4,orientation,33.0,-3.540782485264785,0
Fischer_Whitney_2014b,4,orientation,68.0,5.301754218807233,0
Fischer_Whitney_2014b,4,orientation,27.0,9.925889529091805,0
Fischer_Whitney_2014b,4,orientation,5.0,8.732333679814431,0
Fischer_Whitney_2014b,4,orientation,84.0,6.584602955151652,0
Fischer_Whitney_2014b,4,orientation,18.0,15.594581361664808,0
Fischer_Whitney_2014b,4,orientation,62.0,8.941383832723943,0
Fischer_Whitney_2014b,4,orientation,29.0,-3.405973328379872,0
Fischer_Whitney_2014b,4,orientation,35.0,15.052431357436163,0
Fischer_Whitney_2014b,4,orientation,13.0,5.754428182367889,0
Fischer_Whitney_2014b,4,orientation,40.0,5.160937880501649,0
Fischer_Whitney_2014b,4,orientation,56.0,-7.301297449140236,0
Fischer_Whitney_2014b,4,orientation,78.0,10.076668814911073,0
Fischer_Whitney_2014b,4,orientation,68.0,-5.707616490166842,0
Fischer_Whitney_2014b,4,orientation,23.0,10.719009134974257,0
Fischer_Whitney_2014b,4,orientation,84.0,-3.892665231354158,0
Fischer_Whitney_2014b,4,orientation,39.0,-2.450534094112527,0
Fischer_Whitney_2014b,4,orientation,60.0,-5.092533108527036,0
Fischer_Whitney_2014b,4,orientation,68.0,2.603369691369295,0
Fischer_Whitney_2014b,4,orientation,75.0,-5.646677515111605,0
Fischer_Whitney_2014b,4,orientation,34.0,6.352266650333576,0
Fischer_Whitney_2014b,4,orientation,61.0,-1.9646805353904426,0
Fischer_Whitney_2014b,4,orientation,5.0,-0.9741121590054149,0
Fischer_Whitney_2014b,4,orientation,0.0,-2.025887840994585,0
Fischer_Whitney_2014b,4,orientation,5.0,1.9646805353904426,0
Fischer_Whitney_2014b,4,orientation,49.0,5.309843699153731,0
Fischer_Whitney_2014b,4,orientation,83.0,8.312115959943156,0
Fischer_Whitney_2014b,4,orientation,23.0,-16.332947549323947,0
Fischer_Whitney_2014b,4,orientation,37.0,14.029351672969312,0
Fischer_Whitney_2014b,4,orientation,27.0,-4.957543390262515,0
Fischer_Whitney_2014b,4,orientation,51.0,-7.000992215377593,0
Fischer_Whitney_2014b,4,orientation,14.0,-1.5969038485047804,0
Fischer_Whitney_2014b,4,orientation,74.0,7.169479424603267,0
Fischer_Whitney_2014b,4,orientation,83.0,-0.30175421880723263,0
Fischer_Whitney_2014b,4,orientation,15.0,6.146570458117623,0
Fischer_Whitney_2014b,4,orientation,6.0,5.272128343275227,0
Fischer_Whitney_2014b,4,orientation,58.0,-8.30785392996134,0
Fischer_Whitney_2014b,4,orientation,73.0,11.020456043748268,0
Fischer_Whitney_2014b,4,orientation,18.0,5.484493224472047,0
Fischer_Whitney_2014b,4,orientation,80.0,-5.459217514735215,0
Fischer_Whitney_2014b,4,orientation,74.0,6.619951314804936,0
Fischer_Whitney_2014b,4,orientation,24.0,0.04330900088868361,0
Fischer_Whitney_2014b,4,orientation,63.0,14.26181595652821,0
Fischer_Whitney_2014b,4,orientation,31.0,6.082757299498994,0
Fischer_Whitney_2014b,4,orientation,50.0,0.34379432196388393,0
Fischer_Whitney_2014b,4,orientation,62.0,9.58878423828574,0
Fischer_Whitney_2014b,4,orientation,40.0,-7.241988607020986,0
Fischer_Whitney_2014b,4,orientation,46.0,-3.185846143137155,0
Fischer_Whitney_2014b,4,orientation,19.0,6.984235150887315,0
Fischer_Whitney_2014b,4,orientation,3.0,-4.410697075088734,0
Fischer_Whitney_2014b,4,orientation,48.0,6.66158794682795,0
Fischer_Whitney_2014b,4,orientation,48.0,4.410697075088734,0
Fischer_Whitney_2014b,4,orientation,52.0,4.309843699153731,0
Fischer_Whitney_2014b,4,orientation,53.0,-5.3208169245984465,0
Fischer_Whitney_2014b,4,orientation,35.0,14.459217514735215,0
Fischer_Whitney_2014b,4,orientation,30.0,6.6445057684870505,0
Fischer_Whitney_2014b,4,orientation,6.0,2.267666320185569,0
Fischer_Whitney_2014b,4,orientation,22.0,-0.4755307704769933,0
Fischer_Whitney_2014b,4,orientation,85.0,4.666767059434193,0
Fischer_Whitney_2014b,4,orientation,59.0,-3.2344047795956072,0
Fischer_Whitney_2014b,4,orientation,73.0,-7.190727490305562,0
Fischer_Whitney_2014b,4,orientation,72.0,2.5905343499956928,0
Fischer_Whitney_2014b,4,orientation,1.0,-2.9566909991113164,0
Fischer_Whitney_2014b,4,orientation,86.0,7.267666320185569,0
Fischer_Whitney_2014b,4,orientation,18.0,4.714581441338964,0
Fischer_Whitney_2014b,4,orientation,45.0,6.245571817632111,0
Fischer_Whitney_2014b,4,orientation,57.0,-6.797533495626638,0
Fischer_Whitney_2014b,4,orientation,16.0,9.158448406039525,0
Fischer_Whitney_2014b,4,orientation,8.0,6.584602955151652,0
Fischer_Whitney_2014b,4,orientation,73.0,1.9693082832553728,0
Fischer_Whitney_2014b,4,orientation,77.0,-6.36338762742713,0
Fischer_Whitney_2014b,4,orientation,82.0,0.2854185586610214,0
Fischer_Whitney_2014b,4,orientation,10.0,2.443297748910794,0
Fischer_Whitney_2014b,4,orientation,67.0,-1.187521174716693,0
Fischer_Whitney_2014b,4,orientation,88.0,-3.8416578681557922,0
Fischer_Whitney_2014b,4,orientation,85.0,-6.369382712763127,0
Fischer_Whitney_2014b,4,orientation,66.0,2.0948456675233444,0
Fischer_Whitney_2014b,4,orientation,5.0,5.995396969117323,0
Fischer_Whitney_2014b,4,orientation,85.0,5.052749738259777,0
Fischer_Whitney_2014b,4,orientation,58.0,6.956690999111316,0
Fischer_Whitney_2014b,4,orientation,37.0,-3.7305423912259528,0
Fischer_Whitney_2014b,4,orientation,5.0,-1.9172427005010064,0
Fischer_Whitney_2014b,4,orientation,31.0,-1.7381840434717901,0
Fischer_Whitney_2014b,4,orientation,75.0,-6.153784899566915,0
Fischer_Whitney_2014b,4,orientation,17.0,3.822145223354795,0
Fischer_Whitney_2014b,4,orientation,5.0,-4.619951314804936,0
Fischer_Whitney_2014b,4,orientation,80.0,-0.28099086502574266,0
Fischer_Whitney_2014b,4,orientation,55.0,3.288069346199933,0
Fischer_Whitney_2014b,4,orientation,84.0,-3.7331163447586846,0
Fischer_Whitney_2014b,4,orientation,31.0,2.98961065514618,0
Fischer_Whitney_2014b,4,orientation,0.0,2.01038934485382,0
Fischer_Whitney_2014b,4,orientation,16.0,9.956690999111316,0
Fischer_Whitney_2014b,4,orientation,8.0,14.215730671517406,0
Fischer_Whitney_2014b,4,orientation,21.0,6.336178491014039,0
Fischer_Whitney_2014b,4,orientation,39.0,2.432644148339037,0
Fischer_Whitney_2014b,4,orientation,57.0,10.711843725280303,0
Fischer_Whitney_2014b,4,orientation,41.0,-0.3769630275127156,0
Fischer_Whitney_2014b,4,orientation,81.0,7.841409033677948,0
Fischer_Whitney_2014b,4,orientation,22.0,12.108552398971213,0
Fischer_Whitney_2014b,4,orientation,61.0,12.184729148851275,0
Fischer_Whitney_2014b,4,orientation,14.0,-8.547964013572752,0
Fischer_Whitney_2014b,4,orientation,66.0,2.484493224472047,0
Fischer_Whitney_2014b,4,orientation,35.0,-0.029351672969312403,0
Fischer_Whitney_2014b,4,orientation,60.0,-1.3249477827567233,0
Fischer_Whitney_2014b,4,orientation,13.0,5.969194051774721,0
Fischer_Whitney_2014b,4,orientation,13.0,12.029068655009226,0
Fischer_Whitney_2014b,4,orientation,19.0,-4.6370762797049565,0
Fischer_Whitney_2014b,4,orientation,6.0,0.7145814413389786,0
Fischer_Whitney_2014b,4,orientation,26.0,8.184729148851275,0
Fischer_Whitney_2014b,4,orientation,59.0,-0.0898758923453471,0
Fischer_Whitney_2014b,4,orientation,17.0,7.525246589538085,0
Fischer_Whitney_2014b,4,orientation,79.0,3.3585969612563673,0
Fischer_Whitney_2014b,4,orientation,57.0,19.280990865025743,0
Fischer_Whitney_2014b,4,orientation,51.0,0.16565797548980754,0
Fischer_Whitney_2014b,4,orientation,79.0,-0.2854185586610214,0
Fischer_Whitney_2014b,4,orientation,12.0,8.969194051774721,0
Fischer_Whitney_2014b,4,orientation,42.0,8.540782485264785,0
Fischer_Whitney_2014b,4,orientation,51.0,1.3493431199095056,0
Fischer_Whitney_2014b,4,orientation,65.0,1.0788859267787956,0
Fischer_Whitney_2014b,4,orientation,56.0,-2.3554510873035497,0
Fischer_Whitney_2014b,4,orientation,36.0,7.815270851148725,0
Fischer_Whitney_2014b,4,orientation,51.0,2.812478825283307,0
Fischer_Whitney_2014b,4,orientation,17.0,7.15844840603954,0
Fischer_Whitney_2014b,4,orientation,32.0,10.29609940789291,0
Fischer_Whitney_2014b,4,orientation,48.0,1.202466504373362,0
Fischer_Whitney_2014b,4,orientation,18.0,-1.3533224848883947,0
Fischer_Whitney_2014b,4,orientation,31.0,6.431008007974697,0
Fischer_Whitney_2014b,4,orientation,10.0,5.222983653269779,0
Fischer_Whitney_2014b,4,orientation,60.0,0.18752117471669294,0
Fischer_Whitney_2014b,4,orientation,46.0,4.358358660164512,0
Fischer_Whitney_2014b,4,orientation,31.0,-0.6445489126964503,0
Fischer_Whitney_2014b,4,orientation,56.0,9.921114073221204,0
Fischer_Whitney_2014b,4,orientation,31.0,-14.594026671620128,0
Fischer_Whitney_2014b,4,orientation,48.0,-2.2455718176321113,0
Fischer_Whitney_2014b,4,orientation,70.0,8.029068655009226,0
Fischer_Whitney_2014b,4,orientation,43.0,3.68053181957427,0
Fischer_Whitney_2014b,4,orientation,25.0,6.272128343275227,0
Fischer_Whitney_2014b,4,orientation,29.0,10.328593691626295,0
Fischer_Whitney_2014b,4,orientation,86.0,9.917242700501006,0
Fischer_Whitney_2014b,4,orientation,63.0,-3.5301461135495913,0
Fischer_Whitney_2014b,4,orientation,10.0,5.0886548818951525,0
Fischer_Whitney_2014b,4,orientation,47.0,7.9964990860496385,0
Fischer_Whitney_2014b,4,orientation,6.0,4.66158794682795,0
Fischer_Whitney_2014b,4,orientation,35.0,-5.853429541882377,0
Fischer_Whitney_2014b,4,orientation,43.0,12.241988607020986,0
Fischer_Whitney_2014b,4,orientation,35.0,7.1656579754898075,0
Fischer_Whitney_2014b,4,orientation,43.0,14.376659100111596,0
Fischer_Whitney_2014b,4,orientation,83.0,-4.822145223354795,0
Fischer_Whitney_2014b,4,orientation,30.0,-5.092533108527036,0
Fischer_Whitney_2014b,4,orientation,2.0,4.590534349995693,0
Fischer_Whitney_2014b,4,orientation,61.0,9.758011392979014,0
Fischer_Whitney_2014b,4,orientation,77.0,-6.089875892345347,0
Fischer_Whitney_2014b,4,orientation,20.0,-4.841409033677948,0
Fischer_Whitney_2014b,4,orientation,27.0,14.234404779595607,0
Fischer_Whitney_2014b,4,orientation,80.0,-9.547964013572752,0
Fischer_Whitney_2014b,4,orientation,22.0,8.267666320185569,0
Fischer_Whitney_2014b,4,orientation,82.0,0.1537848995669151,0
Fischer_Whitney_2014b,4,orientation,59.0,7.969308283255373,0
Fischer_Whitney_2014b,4,orientation,75.0,-3.3693827127631266,0
Fischer_Whitney_2014b,4,orientation,76.0,-9.66158794682795,0
Fischer_Whitney_2014b,4,orientation,5.0,8.004603030882677,0
Fischer_Whitney_2014b,4,orientation,88.0,-8.76511110004347,0
Fischer_Whitney_2014b,4,orientation,67.0,11.846215100433085,0
Fischer_Whitney_2014b,4,orientation,70.0,1.6370762797049565,0
Fischer_Whitney_2014b,4,orientation,65.0,-9.446587574294682,0
Fischer_Whitney_2014b,4,orientation,27.0,23.861037373981176,1
Fischer_Whitney_2014b,4,orientation,46.0,1.4106970750887342,0
Fischer_Whitney_2014b,4,orientation,62.0,-4.6130962552960995,0
Fischer_Whitney_2014b,4,orientation,36.0,-5.646677515111605,0
Fischer_Whitney_2014b,4,orientation,25.0,4.588293347269797,0
Fischer_Whitney_2014b,4,orientation,10.0,5.666767059434193,0
Fischer_Whitney_2014b,4,orientation,65.0,-12.025887840994585,0
Fischer_Whitney_2014b,4,orientation,49.0,27.69214607003866,0
Fischer_Whitney_2014b,4,orientation,47.0,-0.7323336798144311,0
Fischer_Whitney_2014b,4,orientation,68.0,-7.352266650333576,0
Fischer_Whitney_2014b,4,orientation,13.0,15.999007784622407,0
Fischer_Whitney_2014b,4,orientation,25.0,-6.829601430363255,0
Fischer_Whitney_2014b,4,orientation,5.0,1.2039214664581266,0
Fischer_Whitney_2014b,4,orientation,10.0,8.450534094112527,0
Fischer_Whitney_2014b,4,orientation,55.0,-18.46958955451636,0
Fischer_Whitney_2014b,4,orientation,35.0,-0.368461165643339,0
Fischer_Whitney_2014b,4,orientation,40.0,12.785906929122092,0
Fischer_Whitney_2014b,4,orientation,55.0,7.941383832723943,0
Fischer_Whitney_2014b,4,orientation,46.0,5.030805948225279,0
Fischer_Whitney_2014b,4,orientation,81.0,-11.167755100291558,0
Fischer_Whitney_2014b,4,orientation,78.0,0.5301461135495913,0
Fischer_Whitney_2014b,4,orientation,47.0,9.309843699153731,0
Fischer_Whitney_2014b,4,orientation,43.0,1.069223937858368,0
Fischer_Whitney_2014b,4,orientation,13.0,14.215730671517406,0
Fischer_Whitney_2014b,4,orientation,16.0,15.619951314804936,0
Fischer_Whitney_2014b,4,orientation,58.0,-0.6306172872368734,0
Fischer_Whitney_2014b,4,orientation,41.0,-8.741037079237486,0
Fischer_Whitney_2014b,4,orientation,37.0,-13.897543859916993,0
Fischer_Whitney_2014b,4,orientation,84.0,3.68053181957427,0
Fischer_Whitney_2014b,4,orientation,23.0,-2.8929880997341826,0
Fischer_Whitney_2014b,4,orientation,38.0,-9.291581354131367,0
Fischer_Whitney_2014b,4,orientation,61.0,12.153784899566915,0
Fischer_Whitney_2014b,4,orientation,64.0,-22.567355851660963,0
Fischer_Whitney_2014b,4,orientation,23.0,2.2589629207625137,0
Fischer_Whitney_2014b,4,orientation,55.0,-1.41121576171426,0
Fischer_Whitney_2014b,4,orientation,51.0,-2.8092725096944378,0
Fischer_Whitney_2014b,4,orientation,64.0,16.799381595308887,0
Fischer_Whitney_2014b,4,orientation,76.0,-1.4258754806923832,0
Fischer_Whitney_2014b,4,orientation,88.0,7.214093070877908,0
Fischer_Whitney_2014b,4,orientation,32.0,0.3332329405658072,0
Fischer_Whitney_2014b,4,orientation,52.0,-20.177854776645205,0
Fischer_Whitney_2014b,4,orientation,52.0,9.292383509833158,0
Fischer_Whitney_2014b,4,orientation,59.0,24.70390059210709,0
Fischer_Whitney_2014b,4,orientation,78.0,-15.66860344860693,0
Fischer_Whitney_2014b,4,orientation,82.0,-5.33841205317205,0
Fischer_Whitney_2014b,4,orientation,5.0,7.004603030882677,0
Fischer_Whitney_2014b,4,orientation,22.0,20.970648327030688,0
Fischer_Whitney_2014b,4,orientation,80.0,-0.30129744914023604,0
Fischer_Whitney_2014b,4,orientation,44.0,10.030691716744627,0
Fischer_Whitney_2014b,4,orientation,1.0,-13.524469229523007,0
Fischer_Whitney_2014b,4,orientation,12.0,8.474753410461915,0
Fischer_Whitney_2014b,4,orientation,82.0,4.332947549323947,0
Fischer_Whitney_2014b,4,orientation,45.0,-13.568991992025303,0
Fischer_Whitney_2014b,4,orientation,20.0,-0.5716633510912885,0
Fischer_Whitney_2014b,4,orientation,21.0,-5.66404593596684,0
Fischer_Whitney_2014b,4,orientation,48.0,-9.57969541489787,0
Fischer_Whitney_2014b,4,orientation,25.0,10.262642008124601,0
Fischer_Whitney_2014b,4,orientation,67.0,-86.95754339026252,1
Fischer_Whitney_2014b,4,orientation,54.0,-5.711530464292196,0
Fischer_Whitney_2014b,4,orientation,28.0,-78.897543859917,1
Fischer_Whitney_2014b,4,orientation,44.0,4.343794321963884,0
Fischer_Whitney_2014b,4,orientation,35.0,28.266883655241315,0
Fischer_Whitney_2014b,4,orientation,33.0,5.6445057684870505,0
Fischer_Whitney_2014b,4,orientation,22.0,13.052749738259777,0
Fischer_Whitney_2014b,4,orientation,54.0,74.080164109088,1
Fischer_Whitney_2014b,4,orientation,35.0,3.7544281823678887,0
Fischer_Whitney_2014b,4,orientation,76.0,-15.687884040056844,0
Fischer_Whitney_2014b,4,orientation,13.0,41.08275729949901,0
Fischer_Whitney_2014b,4,orientation,54.0,-65.70390059210709,1
Fischer_Whitney_2014b,4,orientation,15.0,11.832244899708442,0
Fischer_Whitney_2014b,4,orientation,27.0,-2.7793266731782325,0
Fischer_Whitney_2014b,4,orientation,49.0,18.679183075401554,0
Fischer_Whitney_2014b,4,orientation,42.0,-17.219863387804878,0
Fischer_Whitney_2014b,4,orientation,23.0,3.6445057684870505,0
Fischer_Whitney_2014b,4,orientation,82.0,-88.49827805676071,1
Fischer_Whitney_2014b,4,orientation,43.0,6.711383767206584,0
Fischer_Whitney_2014b,4,orientation,16.0,13.158342131844194,0
Fischer_Whitney_2014b,4,orientation,76.0,25.679183075401554,0
Fischer_Whitney_2014b,4,orientation,72.0,-65.90225174139044,1
Fischer_Whitney_2014b,4,orientation,51.0,15.523803719697696,0
Fischer_Whitney_2014b,4,orientation,69.0,9.000992215377593,0
Fischer_Whitney_2014b,4,orientation,36.0,0.6750522172432767,0
Fischer_Whitney_2014b,4,orientation,56.0,12.539630298963743,0
Fischer_Whitney_2014b,4,orientation,32.0,83.33617849101404,1
Fischer_Whitney_2014b,4,orientation,68.0,8.294398566943784,0
Fischer_Whitney_2014b,4,orientation,86.0,-7.0766688149110735,0
Fischer_Whitney_2014b,4,orientation,67.0,-0.2486811650713605,0
Fischer_Whitney_2014b,4,orientation,81.0,66.64140303874365,1
Fischer_Whitney_2014b,4,orientation,28.0,-25.214093070877908,0
Fischer_Whitney_2014b,4,orientation,8.0,-4.553412425705318,0
Fischer_Whitney_2014b,4,orientation,1.0,-7.947568642563837,0
Fischer_Whitney_2014b,4,orientation,71.0,-11.074110470908195,0
Fischer_Whitney_2014b,4,orientation,33.0,-5.352415719378712,0
Fischer_Whitney_2014b,4,orientation,29.0,21.741037174957043,0
Fischer_Whitney_2014b,4,orientation,65.0,-4.102456140083007,0
Fischer_Whitney_2014b,4,orientation,82.0,-0.5252465895380851,0
Fischer_Whitney_2014b,4,orientation,40.0,-10.64450576848705,0
Fischer_Whitney_2014b,4,orientation,70.0,-0.4203045851021301,0
Fischer_Whitney_2014b,4,orientation,10.0,2.7520728757026234,0
Fischer_Whitney_2014b,4,orientation,83.0,-34.55299180357838,0
Fischer_Whitney_2014b,4,orientation,83.0,8.328593691626295,0
Fischer_Whitney_2014b,4,orientation,21.0,-3.222983653269779,0
Fischer_Whitney_2014b,4,orientation,42.0,1.160937880501649,0
Fischer_Whitney_2014b,4,orientation,79.0,-11.56587932443253,0
Fischer_Whitney_2014b,4,orientation,40.0,6.119433215893025,0
Fischer_Whitney_2014b,4,orientation,20.0,3.589302924911266,0
Fischer_Whitney_2014b,4,orientation,57.0,9.777016346730221,0
Fischer_Whitney_2014b,4,orientation,82.0,16.301297449140236,0
Fischer_Whitney_2014b,4,orientation,16.0,1.2943985669437836,0
Fischer_Whitney_2014b,4,orientation,22.0,14.853429541882377,0
Fischer_Whitney_2014b,4,orientation,47.0,15.57969541489787,0
Fischer_Whitney_2014b,4,orientation,37.0,9.200618404691099,0
Fischer_Whitney_2014b,4,orientation,73.0,1.6445057684870505,0
Fischer_Whitney_2014b,4,orientation,1.0,-9.970931344990774,0
Fischer_Whitney_2014b,4,orientation,5.0,5.142325098388696,0
Fischer_Whitney_2014b,4,orientation,13.0,2.8092725096944378,0
Fischer_Whitney_2014b,4,orientation,71.0,-1.6901563008462688,0
Fischer_Whitney_2014b,4,orientation,55.0,-9.594026671620128,0
Fischer_Whitney_2014b,4,orientation,65.0,-8.996499086049639,0
Fischer_Whitney_2014b,4,orientation,52.0,6.3554942315129495,0
Fischer_Whitney_2014b,4,orientation,41.0,14.450534094112527,0
Fischer_Whitney_2014b,4,orientation,65.0,6.66860344860693,0
Fischer_Whitney_2014b,4,orientation,35.0,8.074110470908195,0
Fischer_Whitney_2014b,4,orientation,61.0,13.578474423493446,0
Fischer_Whitney_2014b,4,orientation,15.0,12.320816924598446,0
Fischer_Whitney_2014b,4,orientation,85.0,1.2486811650713605,0
Fischer_Whitney_2014b,4,orientation,70.0,23.46563019782208,0
Fischer_Whitney_2014b,4,orientation,67.0,7.146570458117623,0
Fischer_Whitney_2014b,4,orientation,53.0,0.38004868519506374,0
Fischer_Whitney_2014b,4,orientation,17.0,57.83224489970844,1
Fischer_Whitney_2014b,4,orientation,29.0,12.765595220404393,0
Fischer_Whitney_2014b,4,orientation,48.0,-3.957543390262515,0
Fischer_Whitney_2014b,4,orientation,82.0,2.556702251089206,0
Fischer_Whitney_2014b,4,orientation,77.0,-9.785906929122092,0
Fischer_Whitney_2014b,4,orientation,47.0,0.35241571937871186,0
Fischer_Whitney_2014b,4,orientation,25.0,-0.707616490166842,0
Fischer_Whitney_2014b,4,orientation,55.0,-2.1926171645569923,0
Fischer_Whitney_2014b,4,orientation,84.0,0.9407416668189086,0
Fischer_Whitney_2014b,4,orientation,14.0,-4.690156300846269,0
Fischer_Whitney_2014b,4,orientation,54.0,-0.9896106551461799,0
Fischer_Whitney_2014b,4,orientation,40.0,10.33139655139307,0
Fischer_Whitney_2014b,4,orientation,17.0,-5.30785392996134,0
Fischer_Whitney_2014b,4,orientation,78.0,-7.158590966322052,0
Fischer_Whitney_2014b,4,orientation,3.0,-4.525246589538085,0
Fischer_Whitney_2014b,4,orientation,39.0,6.130483841998739,0
Fischer_Whitney_2014b,4,orientation,39.0,13.525246589538085,0
Fischer_Whitney_2014b,4,orientation,36.0,6.380048685195064,0
Fischer_Whitney_2014b,4,orientation,24.0,6.0035009139503615,0
Fischer_Whitney_2014b,4,orientation,50.0,5.415397044848348,0
Fischer_Whitney_2014b,4,orientation,67.0,-11.49642394093074,0
Fischer_Whitney_2014b,4,orientation,6.0,-0.5494659058874731,0
Fischer_Whitney_2014b,4,orientation,62.0,-8.72214655505681,0
Fischer_Whitney_2014b,4,orientation,51.0,11.646677515111605,0
Fischer_Whitney_2014b,4,orientation,39.0,28.75442818236789,0
Fischer_Whitney_2014b,4,orientation,54.0,-8.666767059434193,0
Fischer_Whitney_2014b,4,orientation,44.0,10.869516158001261,0
Fischer_Whitney_2014b,4,orientation,20.0,9.891447601028787,0
Fischer_Whitney_2014b,4,orientation,20.0,10.130483841998739,0
Fischer_Whitney_2014b,4,orientation,34.0,1.262642008124601,0
Fischer_Whitney_2014b,4,orientation,18.0,0.004603030882677217,0
Fischer_Whitney_2014b,4,orientation,31.0,-15.020456043748268,0
Fischer_Whitney_2014b,4,orientation,45.0,-0.5428610229993467,0
Fischer_Whitney_2014b,4,orientation,15.0,4.567355851660963,0
Fischer_Whitney_2014b,4,orientation,38.0,-1.4106970750887342,0
Fischer_Whitney_2014b,4,orientation,35.0,-3.262642008124601,0
Fischer_Whitney_2014b,4,orientation,25.0,10.57969541489787,0
Fischer_Whitney_2014b,4,orientation,36.0,0.6366123725728698,0
Fischer_Whitney_2014b,4,orientation,42.0,10.735330676279972,0
Fischer_Whitney_2014b,4,orientation,21.0,10.25305421841513,0
Fischer_Whitney_2014b,4,orientation,13.0,-5.33139655139307,0
Fischer_Whitney_2014b,4,orientation,85.0,2.000992215377593,0
Fischer_Whitney_2014b,4,orientation,62.0,-0.9709313449907739,0
Fischer_Whitney_2014b,4,orientation,2.0,4.66158088296487,0
Fischer_Whitney_2014b,4,orientation,33.0,4.5658793244325295,0
Fischer_Whitney_2014b,4,orientation,17.0,4.035319464609557,0
Fischer_Whitney_2014b,4,orientation,56.0,0.7305423912259528,0
Fischer_Whitney_2014b,4,orientation,37.0,-1.0433090008886836,0
Fischer_Whitney_2014b,4,orientation,9.0,12.785906929122092,0
Fischer_Whitney_2014b,4,orientation,28.0,11.358596961256367,0
Fischer_Whitney_2014b,4,orientation,50.0,-4.245571817632111,0
Fischer_Whitney_2014b,4,orientation,33.0,2.1703985696367454,0
Fischer_Whitney_2014b,4,orientation,40.0,10.719009134974257,0
Fischer_Whitney_2014b,4,orientation,34.0,10.56587932443253,0
Fischer_Whitney_2014b,4,orientation,24.0,5.738300219243428,0
Fischer_Whitney_2014b,4,orientation,12.0,2.31946818042573,0
Fischer_Whitney_2014b,4,orientation,6.0,6.170398569636745,0
Fischer_Whitney_2014b,4,orientation,68.0,-0.7353306762799718,0
Fischer_Whitney_2014b,4,orientation,74.0,5.352266650333576,0
Fischer_Whitney_2014b,4,orientation,30.0,4.352415719378712,0
Fischer_Whitney_2014b,4,orientation,10.0,10.18446895112254,0
Fischer_Whitney_2014b,4,orientation,33.0,8.705601433056216,0
Fischer_Whitney_2014b,4,orientation,10.0,4.809272509694438,0
Fischer_Whitney_2014b,4,orientation,30.0,1.3493431199095056,0
Fischer_Whitney_2014b,4,orientation,10.0,-3.2039214664581266,0
Fischer_Whitney_2014b,4,orientation,16.0,3.5969038485047804,0
Fischer_Whitney_2014b,4,orientation,90.0,-2.2694576087740472,0
Fischer_Whitney_2014b,4,orientation,11.0,8.735330676279972,0
Fischer_Whitney_2014b,4,orientation,26.0,22.15096211844508,0
Fischer_Whitney_2014b,4,orientation,54.0,1.58878423828574,0
Fischer_Whitney_2014b,4,orientation,76.0,0.35241571937871186,0
Fischer_Whitney_2014b,4,orientation,55.0,7.74694578158487,0
Fischer_Whitney_2014b,4,orientation,35.0,-15.285418558661036,0
Fischer_Whitney_2014b,4,orientation,54.0,-2.459217514735215,0
Fischer_Whitney_2014b,4,orientation,90.0,-4.752072875702623,0
Fischer_Whitney_2014b,4,orientation,35.0,-5.711843725280303,0
Fischer_Whitney_2014b,4,orientation,81.0,7.443297748910794,0
Fischer_Whitney_2014b,4,orientation,6.0,7.025887840994585,0
Fischer_Whitney_2014b,4,orientation,69.0,-6.431008007974697,0
Fischer_Whitney_2014b,4,orientation,23.0,0.04330900088868361,0
Fischer_Whitney_2014b,4,orientation,67.0,9.542861022999347,0
Fischer_Whitney_2014b,4,orientation,12.0,-0.7651111000434696,0
Fischer_Whitney_2014b,4,orientation,81.0,4.352266650333576,0
Fischer_Whitney_2014b,4,orientation,80.0,4.395884141770594,0
Fischer_Whitney_2014b,4,orientation,34.0,-1.41121576171426,0
Fischer_Whitney_2014b,4,orientation,50.0,-0.5796954148978699,0
Fischer_Whitney_2014b,4,orientation,70.0,9.030080051851115,0
Fischer_Whitney_2014b,4,orientation,60.0,-1.7513188349286395,0
Fischer_Whitney_2014b,4,orientation,85.0,-4.930776062141632,0
Fischer_Whitney_2014b,4,orientation,35.0,11.030080051851115,0
Fischer_Whitney_2014b,4,orientation,8.0,-0.9172427005010064,0
Fischer_Whitney_2014b,4,orientation,58.0,-2.6477333496664244,0
Fischer_Whitney_2014b,4,orientation,48.0,7.332947549323947,0
Fischer_Whitney_2014b,4,orientation,70.0,-3.9691940517747213,0
Fischer_Whitney_2014b,4,orientation,39.0,0.431109573486367,0
Fischer_Whitney_2014b,4,orientation,72.0,2.737357991875399,0
Fischer_Whitney_2014b,4,orientation,70.0,-3.3208169245984465,0
Fischer_Whitney_2014b,4,orientation,52.0,-11.457138977000653,0
Fischer_Whitney_2014b,4,orientation,68.0,-1.4094656500043072,0
Fischer_Whitney_2014b,4,orientation,54.0,5.568890426513633,0
Fischer_Whitney_2014b,4,orientation,82.0,5.822145223354795,0
Fischer_Whitney_2014b,4,orientation,59.0,0.42152557650655353,0
Fischer_Whitney_2014b,4,orientation,88.0,-15.68053181957427,0
Fischer_Whitney_2014b,4,orientation,79.0,1.1694794246032671,0
Fischer_Whitney_2014b,4,orientation,21.0,10.956690999111316,0
Fischer_Whitney_2014b,4,orientation,43.0,11.44700819642162,0
Fischer_Whitney_2014b,4,orientation,87.0,-8.515506775527953,0
Fischer_Whitney_2014b,4,orientation,51.0,6.029068655009226,0
Fischer_Whitney_2014b,4,orientation,46.0,-6.588293347269797,0
Fischer_Whitney_2014b,4,orientation,45.0,-1.1847291488512752,0
Fischer_Whitney_2014b,4,orientation,41.0,0.8416578681557922,0
Fischer_Whitney_2014b,4,orientation,86.0,-7.588293347269797,0
Fischer_Whitney_2014b,4,orientation,33.0,5.288469535707804,0
Fischer_Whitney_2014b,4,orientation,4.0,-15.431853710835668,0
Fischer_Whitney_2014b,4,orientation,20.0,-1.6445489126964503,0
Fischer_Whitney_2014b,4,orientation,70.0,8.6130962552961,0
Fischer_Whitney_2014b,4,orientation,72.0,6.192617164556992,0
Fischer_Whitney_2014b,4,orientation,60.0,-5.285418558661036,0
Fischer_Whitney_2014b,4,orientation,90.0,0.5405727389564987,0
Fischer_Whitney_2014b,4,orientation,55.0,-1.74694578158487,0
Fischer_Whitney_2014b,4,orientation,6.0,5.73818404347179,0
Fischer_Whitney_2014b,4,orientation,58.0,1.930776062141632,0
Fischer_Whitney_2014b,4,orientation,2.0,-0.3110224246248521,0
Fischer_Whitney_2014b,4,orientation,9.0,8.847014536692313,0
Fischer_Whitney_2014b,4,orientation,27.0,0.16947942460326715,0
Fischer_Whitney_2014b,4,orientation,32.0,4.156663735765889,0
Fischer_Whitney_2014b,4,orientation,30.0,1.891447601028787,0
Fischer_Whitney_2014b,4,orientation,30.0,-5.156663735765889,0
Fischer_Whitney_2014b,4,orientation,33.0,5.861037373981176,0
Fischer_Whitney_2014b,4,orientation,46.0,10.410697075088734,0
Fischer_Whitney_2014b,4,orientation,49.0,-1.6902076162757282,0
Fischer_Whitney_2014b,4,orientation,14.0,4.812478825283307,0
Fischer_Whitney_2014b,4,orientation,61.0,-0.7793266731782325,0
Fischer_Whitney_2014b,4,orientation,66.0,2.3554942315129495,0
Fischer_Whitney_2014b,4,orientation,11.0,1.0741104709081952,0
Fischer_Whitney_2014b,4,orientation,29.0,-2.431853710835668,0
Fischer_Whitney_2014b,4,orientation,2.0,-9.758011392979014,0
Fischer_Whitney_2014b,4,orientation,3.0,11.26181595652821,0
Fischer_Whitney_2014b,4,orientation,51.0,-0.042456609737484996,0
Fischer_Whitney_2014b,4,orientation,9.0,7.688977575375148,0
Fischer_Whitney_2014b,4,orientation,36.0,11.30785392996134,0
Fischer_Whitney_2014b,4,orientation,47.0,-4.732333679814431,0
Fischer_Whitney_2014b,4,orientation,38.0,-1.7353306762799718,0
Fischer_Whitney_2014b,4,orientation,73.0,0.4505340941125269,0
Fischer_Whitney_2014b,4,orientation,6.0,3.5969038485047804,0
Fischer_Whitney_2014b,4,orientation,10.0,-0.0898758923453471,0
Fischer_Whitney_2014b,4,orientation,35.0,1.5232642538141192,0
Fischer_Whitney_2014b,4,orientation,20.0,-2.31946818042573,0
Fischer_Whitney_2014b,4,orientation,87.0,0.35159494012803805,0
Fischer_Whitney_2014b,4,orientation,57.0,-0.38690374470390054,0
Fischer_Whitney_2014b,4,orientation,37.0,-0.4964239409307396,0
Fischer_Whitney_2014b,4,orientation,0.0,-2.5035760590692604,0
Fischer_Whitney_2014b,4,orientation,6.0,-1.0306917167446272,0
Fischer_Whitney_2014b,4,orientation,71.0,-8.956690999111316,0
Fischer_Whitney_2014b,4,orientation,36.0,9.623036972487284,0
Fischer_Whitney_2014b,4,orientation,89.0,2.4030961514952196,0
Fischer_Whitney_2014b,4,orientation,19.0,3.7793266731782325,0
Fischer_Whitney_2014b,4,orientation,90.0,-6.33139655139307,0
Fischer_Whitney_2014b,4,orientation,82.0,-1.3384120531720356,0
Fischer_Whitney_2014b,4,orientation,44.0,-0.5567022510892059,0
Fischer_Whitney_2014b,4,orientation,83.0,-10.571663351091289,0
Fischer_Whitney_2014b,4,orientation,2.0,2.7118437252803034,0
Fischer_Whitney_2014b,4,orientation,29.0,-6.191478233453523,0
Fischer_Whitney_2014b,4,orientation,24.0,0.9566909991113164,0
Fischer_Whitney_2014b,4,orientation,86.0,-3.556702251089206,0
Fischer_Whitney_2014b,4,orientation,61.0,-3.588293347269797,0
Fischer_Whitney_2014b,4,orientation,42.0,3.2589629207625137,0
Fischer_Whitney_2014b,4,orientation,52.0,-1.4030961514952196,0
Fischer_Whitney_2014b,4,orientation,41.0,4.732333679814431,0
Fischer_Whitney_2014b,4,orientation,25.0,9.530856738269222,0
Fischer_Whitney_2014b,4,orientation,77.0,12.594581361664808,0
Fischer_Whitney_2014b,4,orientation,11.0,10.258962825042957,0
Fischer_Whitney_2014b,4,orientation,40.0,-3.396630308630705,0
Fischer_Whitney_2014b,4,orientation,85.0,-5.176658996527749,0
Fischer_Whitney_2014b,4,orientation,1.0,-4.187521174716693,0
Fischer_Whitney_2014b,4,orientation,36.0,9.785906929122092,0
Fischer_Whitney_2014b,4,orientation,68.0,4.72214655505681,0
Fischer_Whitney_2014b,4,orientation,48.0,-3.7084186458686332,0
Fischer_Whitney_2014b,4,orientation,25.0,3.9964990860496385,0
Fischer_Whitney_2014b,4,orientation,17.0,20.24557181763211,0
Fischer_Whitney_2014b,4,orientation,5.0,8.647733349666424,0
Fischer_Whitney_2014b,4,orientation,45.0,4.969308283255373,0
Fischer_Whitney_2014b,4,orientation,71.0,-4.897543859916993,0
Fischer_Whitney_2014b,4,orientation,26.0,16.547964013572766,0
Fischer_Whitney_2014b,4,orientation,49.0,5.396630308630705,0
Fischer_Whitney_2014b,4,orientation,9.0,1.68053181957427,0
Fischer_Whitney_2014b,4,orientation,57.0,-6.590534349995693,0
Fischer_Whitney_2014b,4,orientation,17.0,1.0103893448538201,0
Fischer_Whitney_2014b,4,orientation,63.0,-0.24802553275567618,0
Fischer_Whitney_2014b,4,orientation,35.0,6.153784899566915,0
Fischer_Whitney_2014b,4,orientation,8.0,4.530410445483639,0
Fischer_Whitney_2014b,4,orientation,52.0,6.352415719378712,0
Fischer_Whitney_2014b,4,orientation,42.0,9.656205678036116,0
Fischer_Whitney_2014b,4,orientation,36.0,-8.941383832723943,0
Fischer_Whitney_2014b,4,orientation,26.0,-2.41121576171426,0
Fischer_Whitney_2014b,4,orientation,30.0,15.459217514735215,0
Fischer_Whitney_2014b,4,orientation,90.0,1.2479271242973766,0
Fischer_Whitney_2014b,4,orientation,60.0,8.41121576171426,0
Fischer_Whitney_2014b,4,orientation,6.0,3.4594272610435013,0
Fischer_Whitney_2014b,4,orientation,16.0,7.4215255765065535,0
Fischer_Whitney_2014b,4,orientation,60.0,-10.410697075088734,0
Fischer_Whitney_2014b,4,orientation,25.0,3.4964239409307396,0
Fischer_Whitney_2014b,4,orientation,79.0,-6.623036972487284,0
Fischer_Whitney_2014b,4,orientation,55.0,-3.9258895290918048,0
Fischer_Whitney_2014b,4,orientation,74.0,0.5940266716201279,0
Fischer_Whitney_2014b,4,orientation,57.0,6.752072875702623,0
Fischer_Whitney_2014b,4,orientation,70.0,-3.880566784106975,0
Fischer_Whitney_2014b,4,orientation,41.0,4.796078533541873,0
Fischer_Whitney_2014b,4,orientation,82.0,1.3361784910140386,0
Fischer_Whitney_2014b,4,orientation,72.0,0.5494659058874731,0
Fischer_Whitney_2014b,4,orientation,45.0,-7.280990865025743,0
Fischer_Whitney_2014b,4,orientation,48.0,4.647584280621288,0
Fischer_Whitney_2014b,4,orientation,3.0,3.5969038485047804,0
Fischer_Whitney_2014b,4,orientation,79.0,-7.735330676279972,0
Fischer_Whitney_2014b,4,orientation,27.0,-8.169479424603267,0
Fischer_Whitney_2014b,4,orientation,88.0,3.0306917167446272,0
Fischer_Whitney_2014b,4,orientation,67.0,-4.469589554516361,0
Fischer_Whitney_2014b,4,orientation,86.0,3.410697075088734,0
Fischer_Whitney_2014b,4,orientation,78.0,-0.042456609737484996,0
Fischer_Whitney_2014b,4,orientation,33.0,13.869516158001261,0
Fischer_Whitney_2014b,4,orientation,1.0,-7.892665231354158,0
Fischer_Whitney_2014b,4,orientation,7.0,8.258962825042957,0
Fischer_Whitney_2014b,4,orientation,65.0,-3.974112159005415,0
Fischer_Whitney_2014b,4,orientation,75.0,1.6638215089859614,0
Fischer_Whitney_2014b,4,orientation,21.0,13.369382712763127,0
Fischer_Whitney_2014b,4,orientation,70.0,7.765595220404393,0
Fischer_Whitney_2014b,4,orientation,58.0,-7.267666320185569,0
Fischer_Whitney_2014b,4,orientation,27.0,6.27785344494319,0
Fischer_Whitney_2014b,4,orientation,13.0,-0.9413838327239432,0
Fischer_Whitney_2014b,4,orientation,22.0,10.191478233453523,0
Fischer_Whitney_2014b,4,orientation,8.0,2.98961065514618,0
Fischer_Whitney_2014b,4,orientation,3.0,2.6638215089859614,0
Fischer_Whitney_2014b,4,orientation,45.0,6.947250261740223,0
Fischer_Whitney_2014b,4,orientation,38.0,2.287162313554987,0
Fischer_Whitney_2014b,4,orientation,59.0,-8.269457608774047,0
Fischer_Whitney_2014b,4,orientation,20.0,21.594026671620128,0
Fischer_Whitney_2014b,4,orientation,81.0,-1.8296014303632546,0
Fischer_Whitney_2014b,4,orientation,24.0,7.247927124297377,0
Fischer_Whitney_2014b,4,orientation,73.0,2.4571389770006533,0
Fischer_Whitney_2014b,4,orientation,8.0,8.258962920762514,0
Fischer_Whitney_2014b,4,orientation,24.0,-5.27318743571071,0
Fischer_Whitney_2014b,4,orientation,85.0,-4.861037373981176,0
Fischer_Whitney_2014b,4,orientation,26.0,-3.052431357436163,0
Fischer_Whitney_2014b,4,orientation,36.0,-0.3285936916262955,0
Fischer_Whitney_2014b,4,orientation,50.0,4.719009134974257,0
Fischer_Whitney_2014b,4,orientation,9.0,-2.0886548818951525,0
Fischer_Whitney_2014b,4,orientation,37.0,-1.31946818042573,0
Fischer_Whitney_2014b,4,orientation,24.0,-0.3629237202950435,0
Fischer_Whitney_2014b,4,orientation,3.0,5.530146113549591,0
Fischer_Whitney_2014b,4,orientation,85.0,2.1584484060395397,0
Fischer_Whitney_2014b,4,orientation,78.0,-4.025887840994585,0
Fischer_Whitney_2014b,4,orientation,31.0,-3.7801366121951077,0
Fischer_Whitney_2014b,4,orientation,37.0,3.556702251089206,0
Fischer_Whitney_2014b,4,orientation,52.0,-1.6445489126964503,0
Fischer_Whitney_2014b,4,orientation,55.0,10.076668814911073,0
Fischer_Whitney_2014b,4,orientation,64.0,5.146570458117623,0
Fischer_Whitney_2014b,4,orientation,36.0,12.108552398971213,0
Fischer_Whitney_2014b,4,orientation,68.0,8.809272509694438,0
Fischer_Whitney_2014b,4,orientation,88.0,7.446587574294682,0
Fischer_Whitney_2014b,4,orientation,38.0,0.26264200812460103,0
Fischer_Whitney_2014b,4,orientation,5.0,2.525246589538085,0
Fischer_Whitney_2014b,4,orientation,50.0,7.119433215893025,0
Fischer_Whitney_2014b,4,orientation,18.0,-2.432644148339037,0
Fischer_Whitney_2014b,4,orientation,52.0,-6.285418558661036,0
Fischer_Whitney_2014b,4,orientation,58.0,-14.052431357436163,0
Fischer_Whitney_2014b,4,orientation,10.0,-7.215730671517406,0
Fischer_Whitney_2014b,4,orientation,30.0,-6.667052450676053,0
Fischer_Whitney_2014b,4,orientation,77.0,-1.737357991875399,0
Fischer_Whitney_2014b,4,orientation,19.0,7.234404779595607,0
Fischer_Whitney_2014b,4,orientation,62.0,-1.343794321963884,0
Fischer_Whitney_2014b,4,orientation,18.0,4.452035986427248,0
Fischer_Whitney_2014b,4,orientation,36.0,-0.17665899652774897,0
Fischer_Whitney_2014b,4,orientation,71.0,-2.910124107654653,0
Fischer_Whitney_2014b,4,orientation,56.0,3.7056014330562164,0
Fischer_Whitney_2014b,4,orientation,32.0,-0.603369691369295,0
Fischer_Whitney_2014b,4,orientation,2.0,-0.7960785335418734,0
Fischer_Whitney_2014b,4,orientation,62.0,-9.785874602252917,0
Fischer_Whitney_2014b,4,orientation,89.0,0.6615879468279644,0
Fischer_Whitney_2014b,4,orientation,52.0,2.8415515939604603,0
Fischer_Whitney_2014b,4,orientation,34.0,10.192617164556992,0
Fischer_Whitney_2014b,4,orientation,70.0,2.8155310488774603,0
Fischer_Whitney_2014b,4,orientation,36.0,11.184729148851275,0
Fischer_Whitney_2014b,4,orientation,72.0,3.36338762742713,0
Fischer_Whitney_2014b,4,orientation,30.0,2.6230369724872844,0
Fischer_Whitney_2014b,4,orientation,9.0,6.312115959943156,0
Fischer_Whitney_2014b,4,orientation,8.0,6.568890426513633,0
Fischer_Whitney_2014b,4,orientation,71.0,3.647584280621288,0
Fischer_Whitney_2014b,4,orientation,59.0,-1.698702550859764,0
Fischer_Whitney_2014b,4,orientation,65.0,3.9566909991113164,0
Fischer_Whitney_2014b,4,orientation,89.0,1.9258895290918048,0
Fischer_Whitney_2014b,4,orientation,43.0,-7.735330676279972,0
Fischer_Whitney_2014b,4,orientation,53.0,-4.650656880090494,0
Fischer_Whitney_2014b,4,orientation,26.0,3.5969038485047804,0
Fischer_Whitney_2014b,4,orientation,1.0,0.9407416668189086,0
Fischer_Whitney_2014b,4,orientation,86.0,4.369382712763127,0
Fischer_Whitney_2014b,4,orientation,81.0,3.4964239409307396,0
Fischer_Whitney_2014b,4,orientation,34.0,3.7056014330562164,0
Fischer_Whitney_2014b,4,orientation,80.0,-7.460369701036257,0
Fischer_Whitney_2014b,4,orientation,23.0,6.33841205317205,0
Fischer_Whitney_2014b,4,orientation,38.0,1.5304104454836391,0
Fischer_Whitney_2014b,4,orientation,48.0,14.192617164556992,0
Fischer_Whitney_2014b,4,orientation,35.0,-3.029068655009226,0
Fischer_Whitney_2014b,4,orientation,20.0,1.707616490166842,0
Fischer_Whitney_2014b,4,orientation,87.0,2.957543390262515,0
Fischer_Whitney_2014b,4,orientation,35.0,12.733116344758685,0
Fischer_Whitney_2014b,4,orientation,45.0,7.584602955151652,0
Fischer_Whitney_2014b,4,orientation,3.0,-5.409465650004307,0
Fischer_Whitney_2014b,4,orientation,67.0,1.9795439562517316,0
Fischer_Whitney_2014b,4,orientation,7.0,6.675052217243277,0
Fischer_Whitney_2014b,4,orientation,77.0,0.4153970448483477,0
Fischer_Whitney_2014b,4,orientation,38.0,6.030080051851115,0
Fischer_Whitney_2014b,4,orientation,64.0,14.619951314804936,0
Fischer_Whitney_2014b,4,orientation,39.0,-4.841409033677948,0
